Scode,ShortName,IndustryName,IndustryCode,Trdwnt,Date,Wretnd,SVI_code,SVI_All,Numpstisten_A,Numneusten_A,Numnegasten_A,Numsten_A,Tpostnum_G,Pospostnum_G,Negpostnum_G,Neupostnum_G,Readnum_G,Commentnum_G
600000,浦发银行,货币金融服务,J66,2014-01,03/01/2014,-0.030753,,,20,2,2,45,827,304,175,348,2032285,4346
600000,浦发银行,货币金融服务,J66,2014-02,10/01/2014,0.02954,,,81,86,29,414,1289,434,298,557,2142618,3276
600000,浦发银行,货币金融服务,J66,2014-03,17/01/2014,-0.030818,,,,,,,883,279,228,376,1431837,2628
600000,浦发银行,货币金融服务,J66,2014-04,24/01/2014,0.012061,,,6,39,2,53,684,238,146,300,1271606,1908
600000,浦发银行,货币金融服务,J66,2014-05,30/01/2014,-0.006501,,,,,,,,,,,,
600000,浦发银行,货币金融服务,J66,2014-06,07/02/2014,0.001091,,,,,,,340,115,76,149,675978,948
600000,浦发银行,货币金融服务,J66,2014-07,14/02/2014,0.044662,,,,,,,736,290,115,331,1327025,1805
600000,浦发银行,货币金融服务,J66,2014-08,21/02/2014,-0.031283,,,,,,,888,307,196,385,1532212,2764
600000,浦发银行,货币金融服务,J66,2014-09,28/02/2014,-0.040904,,,,,,,1025,339,270,416,1706278,2902
600000,浦发银行,货币金融服务,J66,2014-10,07/03/2014,-0.020202,,,,,,,996,350,253,393,1691083,2954
600000,浦发银行,货币金融服务,J66,2014-11,14/03/2014,0.029782,,,,,,,1143,429,227,487,2339178,3985
600000,浦发银行,货币金融服务,J66,2014-12,21/03/2014,0.100111,,,273,343,89,1152,2739,1158,499,1082,6471636,8861
600000,浦发银行,货币金融服务,J66,2014-13,28/03/2014,-0.022245,,,10,167,11,199,1919,723,359,837,3538766,4888
600000,浦发银行,货币金融服务,J66,2014-14,04/04/2014,0.006205,,,,,,,986,411,215,360,2087907,3276
600000,浦发银行,货币金融服务,J66,2014-15,11/04/2014,0.053443,,,,,,,770,359,116,295,1864807,3770
600000,浦发银行,货币金融服务,J66,2014-16,18/04/2014,-0.045854,,,,,,,751,263,179,309,1572862,2549
600000,浦发银行,货币金融服务,J66,2014-17,25/04/2014,0.006135,,,,,,,722,297,143,282,1604541,2986
600000,浦发银行,货币金融服务,J66,2014-18,30/04/2014,-0.007114,,,,,,,,,,,,
600000,浦发银行,货币金融服务,J66,2014-19,09/05/2014,-0.001024,,,13,34,13,73,662,269,151,242,1368164,2365
600000,浦发银行,货币金融服务,J66,2014-20,16/05/2014,-0.001025,,,,,,,777,296,233,248,1497235,2468
600000,浦发银行,货币金融服务,J66,2014-21,23/05/2014,-0.005128,,,,,,,734,273,196,265,1635040,2843
600000,浦发银行,货币金融服务,J66,2014-22,30/05/2014,-0.013402,,,,,,,780,312,195,273,1820056,4058
600000,浦发银行,货币金融服务,J66,2014-23,06/06/2014,-0.00627,,,,,,,800,307,206,287,2389015,4111
600000,浦发银行,货币金融服务,J66,2014-24,13/06/2014,0.023134,,,,,,,735,312,161,262,2337417,4639
600000,浦发银行,货币金融服务,J66,2014-25,20/06/2014,-0.003083,,,,,,,691,290,146,255,2253435,4078
600000,浦发银行,货币金融服务,J66,2014-26,27/06/2014,-0.007216,,,,,,,885,383,184,318,2110554,4004
600000,浦发银行,货币金融服务,J66,2014-27,04/07/2014,0.011148,,,,,,,524,199,131,194,1312688,3265
600000,浦发银行,货币金融服务,J66,2014-28,11/07/2014,-0.014333,,,9,72,14,108,530,175,146,209,1204812,2595
600000,浦发银行,货币金融服务,J66,2014-29,18/07/2014,0.008949,,,,,,,426,183,91,152,1223873,2631
600000,浦发银行,货币金融服务,J66,2014-30,25/07/2014,0.04102,,,,,,,643,256,149,238,1638694,4221
600000,浦发银行,货币金融服务,J66,2014-31,01/08/2014,0.039404,,,,,,,896,359,190,347,2296496,4959
600000,浦发银行,货币金融服务,J66,2014-32,08/08/2014,-0.022541,,,,,,,937,370,190,377,1929787,3567
600000,浦发银行,货币金融服务,J66,2014-33,15/08/2014,0.014675,,,291,168,47,768,1050,487,168,395,2686734,4558
600000,浦发银行,货币金融服务,J66,2014-34,22/08/2014,-0.014463,,,,,,,1021,393,239,389,3217438,6760
600000,浦发银行,货币金融服务,J66,2014-35,29/08/2014,-0.007338,,,,,,,786,316,190,280,2157802,3750
600000,浦发银行,货币金融服务,J66,2014-36,05/09/2014,0.028511,,,42,164,5,220,852,353,186,313,2563940,4029
600000,浦发银行,货币金融服务,J66,2014-37,12/09/2014,-0.014374,,,,,,,847,315,202,330,2806362,3740
600000,浦发银行,货币金融服务,J66,2014-38,19/09/2014,0.026042,,,,,,,975,383,209,383,2791680,3707
600000,浦发银行,货币金融服务,J66,2014-39,26/09/2014,-0.013198,,,,,,,768,309,151,308,2423612,3969
600000,浦发银行,货币金融服务,J66,2014-40,30/09/2014,0.003086,,,,,,,,,,,,
600000,浦发银行,货币金融服务,J66,2014-41,10/10/2014,0.008205,,,,,,,467,218,66,183,1640151,2559
600000,浦发银行,货币金融服务,J66,2014-42,17/10/2014,0.002035,,,,,,,661,238,161,262,2559917,3414
600000,浦发银行,货币金融服务,J66,2014-43,24/10/2014,-0.017259,,,,,,,667,232,153,282,2076860,2955
600000,浦发银行,货币金融服务,J66,2014-44,31/10/2014,0.053719,,,62,26,11,158,1152,383,267,502,4031666,5714
600000,浦发银行,货币金融服务,J66,2014-45,07/11/2014,-0.001961,,,,,,,1056,407,194,455,2986609,3946
600000,浦发银行,货币金融服务,J66,2014-46,14/11/2014,0.070727,,,,,,,1518,621,281,616,4380714,5001
600000,浦发银行,货币金融服务,J66,2014-47,21/11/2014,-0.010092,,,,,,,1589,492,341,756,5661583,6239
600000,浦发银行,货币金融服务,J66,2014-48,28/11/2014,0.149212,,,27,140,1,210,1837,698,313,826,6643316,7456
600000,浦发银行,货币金融服务,J66,2014-49,05/12/2014,0.091129,,,7,9,2,34,1900,664,376,860,5191585,6630
600000,浦发银行,货币金融服务,J66,2014-50,12/12/2014,-0.04065,,,,,,,1648,548,366,734,4551767,7012
600000,浦发银行,货币金融服务,J66,2014-51,19/12/2014,0.085516,,,17,23,1,41,1422,527,281,614,3944529,6368
600000,浦发银行,货币金融服务,J66,2014-52,26/12/2014,0.048261,,,,,,,1451,573,290,588,3989532,5748
600000,浦发银行,货币金融服务,J66,2014-53,31/12/2014,0.062288,,,,,,,,,,,,
600000,浦发银行,货币金融服务,J66,2015-02,09/01/2015,-0.016571,,,,,,,1369,503,298,568,4391815,6654
600000,浦发银行,货币金融服务,J66,2015-03,16/01/2015,0.067401,,,14,49,10,218,1426,537,246,643,3835145,6412
600000,浦发银行,货币金融服务,J66,2015-04,23/01/2015,-0.051002,,,,,,,1739,615,411,713,3964699,5913
600000,浦发银行,货币金融服务,J66,2015-05,30/01/2015,-0.074216,,,,,,,1637,484,427,726,3817259,6896
600000,浦发银行,货币金融服务,J66,2015-06,06/02/2015,-0.026261,,,,,,,1434,436,391,607,3425182,6465
600000,浦发银行,货币金融服务,J66,2015-07,13/02/2015,0.024131,,,,,,,976,351,188,437,3081798,5862
600000,浦发银行,货币金融服务,J66,2015-08,17/02/2015,0.002772,,,,,,,,,,,,
600000,浦发银行,货币金融服务,J66,2015-09,27/02/2015,0.004147,,,,,,,770,272,146,352,1815797,3844
600000,浦发银行,货币金融服务,J66,2015-10,06/03/2015,-0.061941,,,,,,,1455,456,397,602,2285369,8507
600000,浦发银行,货币金融服务,J66,2015-11,13/03/2015,0.12179,,,,,,,1405,565,246,594,1302001,6965
600000,浦发银行,货币金融服务,J66,2015-12,20/03/2015,0.030085,,,151,111,37,500,1701,664,311,726,3547180,8373
600000,浦发银行,货币金融服务,J66,2015-13,27/03/2015,-0.024762,,,10,7,3,74,1430,517,319,594,4599395,8121
600000,浦发银行,货币金融服务,J66,2015-14,03/04/2015,0.054688,,,,,,,1697,608,379,710,4806696,7933
600000,浦发银行,货币金融服务,J66,2015-15,10/04/2015,0.082099,,,,,,,1454,591,267,596,4804409,8179
600000,浦发银行,货币金融服务,J66,2015-16,17/04/2015,0.061038,,,,,,,2013,668,477,868,5785226,9995
600000,浦发银行,货币金融服务,J66,2015-17,24/04/2015,-0.049462,,,,,,,2252,698,538,1016,5802406,9447
600000,浦发银行,货币金融服务,J66,2015-18,30/04/2015,0.022059,,,,,,,,,,,,
600000,浦发银行,货币金融服务,J66,2015-19,08/05/2015,-0.053127,,,,,,,1946,548,490,908,4647832,9949
600000,浦发银行,货币金融服务,J66,2015-20,15/05/2015,-0.019287,,,,,,,1954,566,446,942,3969056,7701
600000,浦发银行,货币金融服务,J66,2015-21,22/05/2015,0.058403,,,,,,,1520,508,287,725,2633503,5581
600000,浦发银行,货币金融服务,J66,2015-22,29/05/2015,-0.040541,,,14,22,1,70,1626,532,371,723,8887297,5957
600000,浦发银行,货币金融服务,J66,2015-23,05/06/2015,0.081573,,,,,,,1680,577,324,779,4475653,6788
600000,浦发银行,货币金融服务,J66,2015-25,19/06/2015,-0.073793,,,7,51,5,122,2347,768,447,1132,6260042,10873
600000,浦发银行,货币金融服务,J66,2015-26,26/06/2015,-0.027124,,,,,,,1465,505,268,692,3848655,5671
600000,浦发银行,货币金融服务,J66,2015-27,03/07/2015,0.001262,,,,,,,1755,609,344,802,4034701,6361
600000,浦发银行,货币金融服务,J66,2015-28,10/07/2015,0.088847,,,,,,,1891,581,477,833,4294814,5342
600000,浦发银行,货币金融服务,J66,2015-29,17/07/2015,-0.015046,,,,,,,1184,361,265,558,8253656,3573
600000,浦发银行,货币金融服务,J66,2015-30,24/07/2015,-0.051704,,,,,,,1073,322,260,491,4575039,3830
600000,浦发银行,货币金融服务,J66,2015-31,31/07/2015,-0.066295,,,,,,,1332,363,392,577,3613651,3823
600000,浦发银行,货币金融服务,J66,2015-32,07/08/2015,0.026543,,,,,,,879,289,223,367,2339341,2753
600000,浦发银行,货币金融服务,J66,2015-33,14/08/2015,0.001293,,,,,,,696,250,133,313,2070270,2402
600000,浦发银行,货币金融服务,J66,2015-34,21/08/2015,-0.081988,,,93,40,19,301,1143,344,299,500,3459061,4083
600000,浦发银行,货币金融服务,J66,2015-35,28/08/2015,0.001406,,,8,11,3,77,1283,385,319,579,4229439,6550
600000,浦发银行,货币金融服务,J66,2015-36,02/09/2015,0.045646,,,,,,,,,,,,
600000,浦发银行,货币金融服务,J66,2015-37,11/09/2015,0.044997,,,,,,,1308,451,270,587,3378753,4415
600000,浦发银行,货币金融服务,J66,2015-38,18/09/2015,-0.034062,,,,,,,905,286,228,391,2249217,3162
600000,浦发银行,货币金融服务,J66,2015-39,25/09/2015,0.037259,,,,,,,783,257,184,342,2135976,2364
600000,浦发银行,货币金融服务,J66,2015-40,30/09/2015,0.066709,,,,,,,,,,,,
600000,浦发银行,货币金融服务,J66,2015-41,09/10/2015,-0.043897,,,,,,,618,180,121,317,2379961,2594
600000,浦发银行,货币金融服务,J66,2015-42,14/10/2015,0,,,,,,,,,,,,
600000,浦发银行,货币金融服务,J66,2015-44,30/10/2015,0.030818,,,21,14,6,86,688,227,145,316,1894366,1878
600000,浦发银行,货币金融服务,J66,2015-45,06/11/2015,0.090909,,,47,30,8,201,844,269,168,407,2344517,2698
600000,浦发银行,货币金融服务,J66,2015-46,13/11/2015,-0.016779,,,,,,,980,325,186,469,2799537,2909
600000,浦发银行,货币金融服务,J66,2015-47,20/11/2015,0.050626,,,,,,,751,269,142,340,1873068,1677
600000,浦发银行,货币金融服务,J66,2015-48,27/11/2015,0.003249,,,,,,,1099,396,212,491,2624794,2886
600000,浦发银行,货币金融服务,J66,2015-49,04/12/2015,0.009714,,,,,,,742,279,165,298,2445208,1926
600000,浦发银行,货币金融服务,J66,2015-50,11/12/2015,-0.005879,,,,,,,911,317,204,390,5141786,2830
600000,浦发银行,货币金融服务,J66,2015-51,18/12/2015,0.01129,,,,,,,625,206,136,283,2886839,2274
600000,浦发银行,货币金融服务,J66,2015-52,25/12/2015,0.027113,,,,,,,581,219,104,258,2333395,1945
600000,浦发银行,货币金融服务,J66,2015-53,31/12/2015,-0.054348,,,,,,,,,,,,
600000,浦发银行,货币金融服务,J66,2016-02,08/01/2016,-0.042693,,,,,,,790,220,214,356,3602809,2594
600000,浦发银行,货币金融服务,J66,2016-03,15/01/2016,0.005146,,,,,,,590,166,148,276,2896674,2061
600000,浦发银行,货币金融服务,J66,2016-04,22/01/2016,-0.031854,,,,,,,479,129,104,246,2529042,1985
600000,浦发银行,货币金融服务,J66,2016-05,29/01/2016,-0.007051,,,,,,,483,158,129,196,2191510,1368
600000,浦发银行,货币金融服务,J66,2016-06,05/02/2016,0.087574,,,,,,,447,159,79,209,2731709,1606
600000,浦发银行,货币金融服务,J66,2016-08,15/02/2016,0.003808,,,,,,,,,,,,
600000,浦发银行,货币金融服务,J66,2016-11,11/03/2016,-0.080217,,,,,,,618,163,160,295,4123460,3082
600000,浦发银行,货币金融服务,J66,2016-12,18/03/2016,0.051267,,,,,,,738,271,122,345,3400111,3150
600000,浦发银行,货币金融服务,J66,2016-13,25/03/2016,-0.005605,,,,,,,437,159,80,198,2200843,2621
600000,浦发银行,货币金融服务,J66,2016-14,01/04/2016,0.024803,,,,,,,484,179,102,203,2004067,2080
600000,浦发银行,货币金融服务,J66,2016-15,08/04/2016,-0.031903,,,,,,,470,168,98,204,2733880,2690
600000,浦发银行,货币金融服务,J66,2016-16,15/04/2016,0.016477,,,,,,,424,169,70,185,1493829,2260
600000,浦发银行,货币金融服务,J66,2016-17,22/04/2016,0.019564,,,,,,,554,225,124,205,1742024,2393
600000,浦发银行,货币金融服务,J66,2016-18,29/04/2016,-0.022478,,,,,,,1994,905,70,1019,1860171,2281
600000,浦发银行,货币金融服务,J66,2016-19,06/05/2016,-0.005609,,,,,,,1432,525,49,858,1032273,1464
600000,浦发银行,货币金融服务,J66,2016-20,13/05/2016,-0.027637,,,,,,,1081,281,107,693,1111935,2052
600000,浦发银行,货币金融服务,J66,2016-21,20/05/2016,0.012181,,,,,,,1067,188,139,740,1273696,2066
600000,浦发银行,货币金融服务,J66,2016-22,27/05/2016,0.016619,,,,,,,865,169,186,510,1399579,2010
600000,浦发银行,货币金融服务,J66,2016-23,03/06/2016,0.01522,,,,,,,810,121,56,633,1714906,6743
600000,浦发银行,货币金融服务,J66,2016-24,08/06/2016,-0.00111,,,,,,,,,,,,
600000,浦发银行,货币金融服务,J66,2016-25,17/06/2016,-0.012229,,,,,,,368,116,73,179,1112648,1295
600000,浦发银行,货币金融服务,J66,2016-26,24/06/2016,-0.025155,,,,,,,486,171,103,212,1421423,2272
600000,浦发银行,货币金融服务,J66,2016-27,01/07/2016,0.041885,,,,,,,440,146,86,208,754545,1477
600000,浦发银行,货币金融服务,J66,2016-28,08/07/2016,-0.029523,,,,,,,423,130,74,219,429385,1416
600000,浦发银行,货币金融服务,J66,2016-29,15/07/2016,0.016828,,,,,,,337,127,73,137,438892,976
600000,浦发银行,货币金融服务,J66,2016-30,22/07/2016,-0.005092,,,,,,,277,102,52,123,522502,1181
600000,浦发银行,货币金融服务,J66,2016-31,29/07/2016,0.004479,,,,,,,416,122,78,216,518594,1386
600000,浦发银行,货币金融服务,J66,2016-32,05/08/2016,0.001911,,,,,,,348,105,68,175,455562,1422
600000,浦发银行,货币金融服务,J66,2016-33,12/08/2016,0.040051,,,,,,,460,178,68,214,716680,1497
600000,浦发银行,货币金融服务,J66,2016-34,19/08/2016,0.003667,,,,,,,314,117,40,157,432048,1024
600000,浦发银行,货币金融服务,J66,2016-35,26/08/2016,-0.004872,,,,,,,274,113,55,106,385593,916
600000,浦发银行,货币金融服务,J66,2016-36,02/09/2016,0.008568,,,,,,,244,89,46,109,259864,586
600000,浦发银行,货币金融服务,J66,2016-37,09/09/2016,0.004854,,,,,,,346,114,49,183,338723,670
600000,浦发银行,货币金融服务,J66,2016-38,14/09/2016,-0.009662,,,,,,,,,,,,
600000,浦发银行,货币金融服务,J66,2016-39,23/09/2016,0.004878,,,,,,,214,66,29,119,265423,660
600000,浦发银行,货币金融服务,J66,2016-40,30/09/2016,0.000607,,,,,,,218,81,30,107,320333,821
600000,浦发银行,货币金融服务,J66,2016-42,14/10/2016,-0.001819,,,,,,,166,60,32,74,204575,558
600000,浦发银行,货币金融服务,J66,2016-43,21/10/2016,-0.009721,,,,,,,266,89,49,128,344584,918
600000,浦发银行,货币金融服务,J66,2016-44,28/10/2016,-0.000613,,,,,,,198,54,42,102,371802,1164
600000,浦发银行,货币金融服务,J66,2016-45,04/11/2016,0.006753,,,,,,,181,68,43,70,305303,622
600000,浦发银行,货币金融服务,J66,2016-46,11/11/2016,0.011585,,,,,,,227,87,42,98,265011,1027
600000,浦发银行,货币金融服务,J66,2016-47,18/11/2016,0.000603,,,,,,,240,94,44,102,294974,1194
600000,浦发银行,货币金融服务,J66,2016-48,25/11/2016,0.029518,,,,,,,391,152,56,183,384421,1238
600000,浦发银行,货币金融服务,J66,2016-49,02/12/2016,0.000585,,,,,,,314,100,57,157,485092,860
600000,浦发银行,货币金融服务,J66,2016-50,09/12/2016,0.014035,,,,,,,405,144,69,192,445431,2171
600000,浦发银行,货币金融服务,J66,2016-51,16/12/2016,-0.039216,,,,,,,327,88,75,164,578065,1043
600000,浦发银行,货币金融服务,J66,2016-52,23/12/2016,-0.028211,,,,,,,442,135,80,227,556490,1713
600000,浦发银行,货币金融服务,J66,2016-53,30/12/2016,0.001235,,,,,,,337,108,85,144,335723,954
600010,包钢股份,黑色金属冶炼及压延加工业,C31,2014-01,03/01/2014,0.208817,13929,30894,65,445,8,648,2172,764,514,894,5920176,10777
600010,包钢股份,黑色金属冶炼及压延加工业,C31,2014-02,10/01/2014,-0.172745,31116,62347,2,100,0,119,3393,966,1115,1312,5346707,9514
600010,包钢股份,黑色金属冶炼及压延加工业,C31,2014-03,17/01/2014,0.032483,20615,38051,11,41,2,71,1573,486,432,655,3096038,5731
600010,包钢股份,黑色金属冶炼及压延加工业,C31,2014-04,24/01/2014,-0.035955,16871,31711,23,142,9,219,1032,311,339,382,1680912,2743
600010,包钢股份,黑色金属冶炼及压延加工业,C31,2014-05,30/01/2014,-0.06993,,,,,,,,,,,,
600010,包钢股份,黑色金属冶炼及压延加工业,C31,2014-06,07/02/2014,0.002506,6757,13278,,,,,701,100,201,400,887553,1194
600010,包钢股份,黑色金属冶炼及压延加工业,C31,2014-07,14/02/2014,0.05,16033,30520,,,,,630,261,146,223,1124694,1696
600010,包钢股份,黑色金属冶炼及压延加工业,C31,2014-08,21/02/2014,-0.002381,17361,33550,6,10,1,37,1072,341,266,465,2057322,2967
600010,包钢股份,黑色金属冶炼及压延加工业,C31,2014-09,28/02/2014,0.042959,20162,36659,5,22,0,55,802,305,186,311,1555830,2092
600010,包钢股份,黑色金属冶炼及压延加工业,C31,2014-10,07/03/2014,-0.018307,17001,31222,,,,,774,241,230,303,1574456,2118
600010,包钢股份,黑色金属冶炼及压延加工业,C31,2014-11,14/03/2014,-0.041958,16104,29094,46,99,23,250,605,216,147,242,1275104,1689
600010,包钢股份,黑色金属冶炼及压延加工业,C31,2014-12,21/03/2014,-0.014599,14792,27566,50,222,6,356,810,253,241,316,1228073,1942
600010,包钢股份,黑色金属冶炼及压延加工业,C31,2014-13,28/03/2014,0.009877,13740,26024,,,,,500,184,134,182,957836,2070
600010,包钢股份,黑色金属冶炼及压延加工业,C31,2014-14,04/04/2014,-0.00489,13469,25952,6,30,2,55,614,169,196,249,1068783,2216
600010,包钢股份,黑色金属冶炼及压延加工业,C31,2014-15,11/04/2014,0.004914,11361,22058,,,,,396,122,137,137,580952,811
600010,包钢股份,黑色金属冶炼及压延加工业,C31,2014-16,18/04/2014,-0.017115,11445,22257,,,,,363,102,122,139,526745,783
600010,包钢股份,黑色金属冶炼及压延加工业,C31,2014-17,25/04/2014,-0.059701,10657,20772,,,,,435,118,149,168,590254,865
600010,包钢股份,黑色金属冶炼及压延加工业,C31,2014-18,30/04/2014,-0.034392,,,,,,,,,,,,
600010,包钢股份,黑色金属冶炼及压延加工业,C31,2014-19,09/05/2014,0.016438,14981,28059,,,,,595,178,198,219,1054635,1535
600010,包钢股份,黑色金属冶炼及压延加工业,C31,2014-20,16/05/2014,0.010782,14552,26971,,,,,362,115,116,131,666676,881
600010,包钢股份,黑色金属冶炼及压延加工业,C31,2014-21,23/05/2014,-0.010695,11626,21812,,,,,331,101,93,137,752488,841
600010,包钢股份,黑色金属冶炼及压延加工业,C31,2014-22,30/05/2014,0,11018,20946,,,,,347,103,94,150,1213141,1035
600010,包钢股份,黑色金属冶炼及压延加工业,C31,2014-23,06/06/2014,-0.008108,9280,17369,,,,,220,69,61,90,850440,609
600010,包钢股份,黑色金属冶炼及压延加工业,C31,2014-24,13/06/2014,0.010899,10615,20323,,,,,436,168,109,159,1130461,992
600010,包钢股份,黑色金属冶炼及压延加工业,C31,2014-25,20/06/2014,-0.061995,10974,21213,,,,,628,171,193,264,1717239,1600
600010,包钢股份,黑色金属冶炼及压延加工业,C31,2014-26,27/06/2014,0.04023,11873,22557,,,,,579,154,193,232,1447693,2081
600010,包钢股份,黑色金属冶炼及压延加工业,C31,2014-27,04/07/2014,-0.008287,12051,22876,,,,,561,166,175,220,1058026,1754
600010,包钢股份,黑色金属冶炼及压延加工业,C31,2014-28,11/07/2014,-0.002786,11321,21999,,,,,614,197,175,242,1153902,1644
600010,包钢股份,黑色金属冶炼及压延加工业,C31,2014-29,18/07/2014,0.022346,14209,26993,,,,,557,186,140,231,1438858,2757
600010,包钢股份,黑色金属冶炼及压延加工业,C31,2014-30,25/07/2014,0.071038,15813,29545,,,,,598,215,134,249,1334659,1820
600010,包钢股份,黑色金属冶炼及压延加工业,C31,2014-31,01/08/2014,0.048469,18423,34845,,,,,792,288,198,306,1929680,3336
600010,包钢股份,黑色金属冶炼及压延加工业,C31,2014-32,08/08/2014,0.187348,33440,68598,8,27,5,140,2624,947,585,1092,6378608,9646
600010,包钢股份,黑色金属冶炼及压延加工业,C31,2014-33,15/08/2014,0.04918,39911,80068,9,89,3,116,2626,900,612,1114,6086762,9016
600010,包钢股份,黑色金属冶炼及压延加工业,C31,2014-34,22/08/2014,0.003906,34611,67675,,,,,2240,749,599,892,6041472,8316
600010,包钢股份,黑色金属冶炼及压延加工业,C31,2014-35,29/08/2014,-0.066148,32445,63553,58,88,21,274,2731,786,806,1139,7889654,12429
600010,包钢股份,黑色金属冶炼及压延加工业,C31,2014-36,05/09/2014,0.052083,27580,52663,,,,,1516,512,335,669,5819876,6193
600010,包钢股份,黑色金属冶炼及压延加工业,C31,2014-37,12/09/2014,0.017822,24221,45812,,,,,1067,345,256,466,3539855,3833
600010,包钢股份,黑色金属冶炼及压延加工业,C31,2014-38,19/09/2014,0.005837,38511,76899,,,,,2273,775,519,979,8182890,10657
600010,包钢股份,黑色金属冶炼及压延加工业,C31,2014-39,26/09/2014,0.10058,38187,74995,,,,,2614,918,550,1146,12160843,10041
600010,包钢股份,黑色金属冶炼及压延加工业,C31,2014-40,30/09/2014,-0.017135,,,,,,,,,,,,
600010,包钢股份,黑色金属冶炼及压延加工业,C31,2014-41,10/10/2014,0.032258,31915,63990,,,,,1466,557,317,592,8002415,6258
600010,包钢股份,黑色金属冶炼及压延加工业,C31,2014-42,17/10/2014,-0.027778,43691,88220,,,,,2063,705,502,856,8624310,6309
600010,包钢股份,黑色金属冶炼及压延加工业,C31,2014-43,24/10/2014,-0.078571,38046,76658,,,,,2125,673,580,872,8368506,7892
600010,包钢股份,黑色金属冶炼及压延加工业,C31,2014-44,31/10/2014,0.089147,38878,81119,8,3,7,33,1608,544,303,761,6600123,9248
600010,包钢股份,黑色金属冶炼及压延加工业,C31,2014-45,07/11/2014,-0.039146,40093,85386,,,,,1941,601,504,836,4047952,5038
600010,包钢股份,黑色金属冶炼及压延加工业,C31,2014-46,14/11/2014,0.137037,46682,103633,,,,,2926,943,674,1309,7503735,7491
600010,包钢股份,黑色金属冶炼及压延加工业,C31,2014-47,21/11/2014,-0.029316,56491,117061,,,,,2745,874,660,1211,6975767,8010
600010,包钢股份,黑色金属冶炼及压延加工业,C31,2014-48,28/11/2014,0.060403,56719,118432,,,,,2422,759,571,1092,6849805,8992
600010,包钢股份,黑色金属冶炼及压延加工业,C31,2014-49,05/12/2014,0.136076,74693,164481,,,,,2851,936,618,1297,8286371,10232
600010,包钢股份,黑色金属冶炼及压延加工业,C31,2014-50,12/12/2014,0.211699,98300,236366,,,,,3155,1071,640,1444,9113984,13743
600010,包钢股份,黑色金属冶炼及压延加工业,C31,2014-51,19/12/2014,0.043678,79348,188037,,,,,3183,1052,741,1390,8087708,13097
600010,包钢股份,黑色金属冶炼及压延加工业,C31,2014-52,26/12/2014,-0.061674,72581,171259,,,,,3217,1023,789,1405,8445095,13853
600010,包钢股份,黑色金属冶炼及压延加工业,C31,2014-53,31/12/2014,-0.042254,,,,,,,,,,,,
600010,包钢股份,黑色金属冶炼及压延加工业,C31,2015-02,09/01/2015,0.02451,61269,142453,,,,,1918,661,409,848,5016387,7790
600010,包钢股份,黑色金属冶炼及压延加工业,C31,2015-03,16/01/2015,0.021531,46688,106035,,,,,2327,700,575,1052,6184901,13086
600010,包钢股份,黑色金属冶炼及压延加工业,C31,2015-04,23/01/2015,0.081967,53188,127258,,,,,2678,867,576,1235,7867830,13385
600010,包钢股份,黑色金属冶炼及压延加工业,C31,2015-05,30/01/2015,0.082251,65031,171650,,,,,3532,1125,743,1664,10500078,15191
600010,包钢股份,黑色金属冶炼及压延加工业,C31,2015-06,06/02/2015,-0.052,61424,155023,,,,,3153,961,764,1428,9819261,17445
600010,包钢股份,黑色金属冶炼及压延加工业,C31,2015-07,13/02/2015,0.031646,51655,120064,,,,,1814,551,474,789,5608904,9430
600010,包钢股份,黑色金属冶炼及压延加工业,C31,2015-08,17/02/2015,0,,,,,,,,,,,,
600010,包钢股份,黑色金属冶炼及压延加工业,C31,2015-09,27/02/2015,0.051125,29956,67938,,,,,1056,391,196,469,8582984,7300
600010,包钢股份,黑色金属冶炼及压延加工业,C31,2015-10,06/03/2015,0.003891,48209,113770,,,,,1744,524,438,782,2781099,12539
600010,包钢股份,黑色金属冶炼及压延加工业,C31,2015-11,13/03/2015,0.127907,54358,124883,5,11,1,32,2682,936,561,1185,3107046,20692
600010,包钢股份,黑色金属冶炼及压延加工业,C31,2015-12,20/03/2015,0.060137,70418,175797,,,,,2492,851,479,1162,5560973,19697
600010,包钢股份,黑色金属冶炼及压延加工业,C31,2015-13,27/03/2015,0.019449,65194,161908,,,,,3853,1289,765,1799,13314683,35666
600010,包钢股份,黑色金属冶炼及压延加工业,C31,2015-14,03/04/2015,-0.050874,73783,199411,,,,,5029,1300,1363,2366,12632184,30641
600010,包钢股份,黑色金属冶炼及压延加工业,C31,2015-15,10/04/2015,0.011725,55206,149074,,,,,3111,901,798,1412,9827490,27773
600010,包钢股份,黑色金属冶炼及压延加工业,C31,2015-16,17/04/2015,0.039735,78040,222309,,,,,4551,1287,1101,2163,13271200,28295
600010,包钢股份,黑色金属冶炼及压延加工业,C31,2015-17,24/04/2015,0.140127,93349,301945,,,,,3659,1162,864,1633,10648090,25754
600010,包钢股份,黑色金属冶炼及压延加工业,C31,2015-18,30/04/2015,-0.054469,,,,,,,,,,,,
600010,包钢股份,黑色金属冶炼及压延加工业,C31,2015-19,08/05/2015,-0.106352,64844,224812,9,6,3,65,4466,1136,1166,2164,10185076,27817
600010,包钢股份,黑色金属冶炼及压延加工业,C31,2015-20,15/05/2015,0.147107,77032,287566,,,,,5587,1671,1267,2649,12434213,28870
600010,包钢股份,黑色金属冶炼及压延加工业,C31,2015-21,22/05/2015,-0.008646,76054,281587,,,,,4549,1131,1167,2251,8294351,25855
600010,包钢股份,黑色金属冶炼及压延加工业,C31,2015-22,29/05/2015,-0.077035,77620,270894,,,,,4548,1261,1085,2202,16113605,21053
600010,包钢股份,黑色金属冶炼及压延加工业,C31,2015-23,05/06/2015,0.064567,67728,238671,,,,,3410,899,884,1627,8548514,17759
600010,包钢股份,黑色金属冶炼及压延加工业,C31,2015-24,12/06/2015,0.045858,71171,249797,,,,,2765,830,681,1254,7775947,16728
600010,包钢股份,黑色金属冶炼及压延加工业,C31,2015-25,19/06/2015,-0.151344,63902,227109,,,,,2444,597,691,1156,5076439,8062
600010,包钢股份,黑色金属冶炼及压延加工业,C31,2015-26,26/06/2015,-0.113333,47035,164247,,,,,1975,457,538,980,6989918,16209
600010,包钢股份,黑色金属冶炼及压延加工业,C31,2015-27,03/07/2015,-0.240602,70682,243773,,,,,2256,566,600,1090,5243674,9977
600010,包钢股份,黑色金属冶炼及压延加工业,C31,2015-28,10/07/2015,0.363861,80822,287359,,,,,1709,553,370,786,4778302,8331
600010,包钢股份,黑色金属冶炼及压延加工业,C31,2015-29,17/07/2015,-0.038113,65058,223959,,,,,1624,419,451,754,6622809,10347
600010,包钢股份,黑色金属冶炼及压延加工业,C31,2015-30,24/07/2015,-0.035849,45654,148230,,,,,1562,376,495,691,4952499,7112
600010,包钢股份,黑色金属冶炼及压延加工业,C31,2015-31,31/07/2015,-0.142857,40871,126202,,,,,1084,261,324,499,6106034,13261
600010,包钢股份,黑色金属冶炼及压延加工业,C31,2015-32,07/08/2015,0.038813,33074,101396,,,,,809,235,196,378,2387188,2776
600010,包钢股份,黑色金属冶炼及压延加工业,C31,2015-33,14/08/2015,0.076923,38953,122886,,,,,944,264,241,439,4562150,6128
600010,包钢股份,黑色金属冶炼及压延加工业,C31,2015-34,21/08/2015,-0.106122,35416,111684,,,,,887,245,219,423,4203864,4316
600010,包钢股份,黑色金属冶炼及压延加工业,C31,2015-35,28/08/2015,-0.173516,33044,107391,,,,,1033,254,296,483,3633973,4442
600010,包钢股份,黑色金属冶炼及压延加工业,C31,2015-36,02/09/2015,0.190608,,,,,,,,,,,,
600010,包钢股份,黑色金属冶炼及压延加工业,C31,2015-37,11/09/2015,-0.046404,27223,80639,,,,,641,168,167,306,2313235,2584
600010,包钢股份,黑色金属冶炼及压延加工业,C31,2015-38,18/09/2015,-0.07056,22322,66781,,,,,575,133,162,280,2025298,2408
600010,包钢股份,黑色金属冶炼及压延加工业,C31,2015-39,25/09/2015,-0.04712,18970,53912,,,,,376,109,100,167,936970,592
600010,包钢股份,黑色金属冶炼及压延加工业,C31,2015-40,30/09/2015,-0.024725,,,,,,,,,,,,
600010,包钢股份,黑色金属冶炼及压延加工业,C31,2015-41,09/10/2015,0.042254,9474,26053,,,,,161,55,29,77,956782,2139
600010,包钢股份,黑色金属冶炼及压延加工业,C31,2015-42,16/10/2015,0.124324,23971,69865,,,,,765,205,192,368,3228641,3108
600010,包钢股份,黑色金属冶炼及压延加工业,C31,2015-43,23/10/2015,-0.004808,22232,62872,,,,,738,210,192,336,2160085,2642
600010,包钢股份,黑色金属冶炼及压延加工业,C31,2015-44,30/10/2015,-0.048309,18092,51341,11,15,7,95,615,158,176,281,1438908,1231
600010,包钢股份,黑色金属冶炼及压延加工业,C31,2015-45,06/11/2015,0.055838,18250,52831,,,,,542,138,155,249,2334422,4551
600010,包钢股份,黑色金属冶炼及压延加工业,C31,2015-46,13/11/2015,-0.009615,21749,63563,,,,,679,185,162,332,1646260,1336
600010,包钢股份,黑色金属冶炼及压延加工业,C31,2015-47,20/11/2015,0,17860,49784,,,,,523,173,131,219,1423516,1998
600010,包钢股份,黑色金属冶炼及压延加工业,C31,2015-48,27/11/2015,-0.082524,16218,44669,,,,,519,138,146,235,1349454,1777
600010,包钢股份,黑色金属冶炼及压延加工业,C31,2015-49,04/12/2015,0.010582,15747,43800,,,,,604,184,148,272,1348853,2501
600010,包钢股份,黑色金属冶炼及压延加工业,C31,2015-50,11/12/2015,-0.049738,14102,38534,,,,,788,197,206,385,1419826,1212
600010,包钢股份,黑色金属冶炼及压延加工业,C31,2015-51,18/12/2015,0.022039,14665,39821,,,,,745,202,142,401,2248811,1897
600010,包钢股份,黑色金属冶炼及压延加工业,C31,2015-52,25/12/2015,0,15391,42139,,,,,679,189,169,321,1873223,1207
600010,包钢股份,黑色金属冶炼及压延加工业,C31,2015-53,31/12/2015,-0.026954,,,,,,,,,,,,
600010,包钢股份,黑色金属冶炼及压延加工业,C31,2016-02,08/01/2016,-0.01662,16978,48065,,,,,818,201,214,403,3218835,2619
600010,包钢股份,黑色金属冶炼及压延加工业,C31,2016-03,15/01/2016,-0.11831,16025,44658,,,,,548,149,133,266,1885350,1504
600010,包钢股份,黑色金属冶炼及压延加工业,C31,2016-04,22/01/2016,0.003195,14123,36808,,,,,470,122,128,220,911903,695
600010,包钢股份,黑色金属冶炼及压延加工业,C31,2016-05,29/01/2016,-0.057325,14273,38068,,,,,558,135,152,271,2018971,1122
600010,包钢股份,黑色金属冶炼及压延加工业,C31,2016-06,05/02/2016,-0.040541,13956,36353,,,,,330,93,87,150,1310145,384
600010,包钢股份,黑色金属冶炼及压延加工业,C31,2016-08,19/02/2016,0.035211,13386,34226,,,,,386,104,100,182,1789683,1584
600010,包钢股份,黑色金属冶炼及压延加工业,C31,2016-09,26/02/2016,-0.030612,13785,36709,,,,,309,95,73,141,1125963,495
600010,包钢股份,黑色金属冶炼及压延加工业,C31,2016-10,04/03/2016,0.049123,13543,36894,,,,,219,63,50,106,876861,468
600010,包钢股份,黑色金属冶炼及压延加工业,C31,2016-11,11/03/2016,-0.0301,13159,36129,,,,,281,85,62,134,1209622,707
600010,包钢股份,黑色金属冶炼及压延加工业,C31,2016-12,18/03/2016,0.037931,11832,31832,,,,,238,69,65,104,879798,435
600010,包钢股份,黑色金属冶炼及压延加工业,C31,2016-13,25/03/2016,-0.013289,12491,33870,,,,,363,102,98,163,1417197,759
600010,包钢股份,黑色金属冶炼及压延加工业,C31,2016-14,01/04/2016,0.016835,10713,28940,,,,,307,88,60,159,2437336,1105
600010,包钢股份,黑色金属冶炼及压延加工业,C31,2016-15,08/04/2016,-0.009934,10233,25129,,,,,242,83,53,106,2492341,1343
600010,包钢股份,黑色金属冶炼及压延加工业,C31,2016-16,15/04/2016,0.050167,13472,36909,,,,,440,131,101,208,1374865,2597
600010,包钢股份,黑色金属冶炼及压延加工业,C31,2016-17,22/04/2016,0.003185,13411,35772,,,,,626,195,142,289,2106708,2098
600010,包钢股份,黑色金属冶炼及压延加工业,C31,2016-18,29/04/2016,-0.034921,12547,31350,,,,,2102,888,146,1068,1437830,1228
600010,包钢股份,黑色金属冶炼及压延加工业,C31,2016-19,06/05/2016,-0.016447,9919,24915,,,,,1388,499,86,803,1224434,1763
600010,包钢股份,黑色金属冶炼及压延加工业,C31,2016-20,13/05/2016,-0.060201,10789,26879,,,,,954,205,104,645,604994,512
600010,包钢股份,黑色金属冶炼及压延加工业,C31,2016-21,20/05/2016,0.02847,11969,30092,,,,,1234,191,199,844,1284713,1378
600010,包钢股份,黑色金属冶炼及压延加工业,C31,2016-22,27/05/2016,-0.013841,10771,26940,,,,,986,193,207,586,1585572,1412
600010,包钢股份,黑色金属冶炼及压延加工业,C31,2016-23,03/06/2016,0.045614,13271,32992,,,,,1112,195,153,764,1858837,1626
600010,包钢股份,黑色金属冶炼及压延加工业,C31,2016-24,08/06/2016,-0.020134,,,,,,,,,,,,
600010,包钢股份,黑色金属冶炼及压延加工业,C31,2016-25,17/06/2016,-0.020548,10849,26817,,,,,302,77,93,132,891414,1286
600010,包钢股份,黑色金属冶炼及压延加工业,C31,2016-26,24/06/2016,-0.027972,9728,24031,,,,,313,99,74,140,685774,505
600010,包钢股份,黑色金属冶炼及压延加工业,C31,2016-27,01/07/2016,0.021583,10597,27258,,,,,451,120,116,215,551351,451
600010,包钢股份,黑色金属冶炼及压延加工业,C31,2016-28,08/07/2016,0.021127,11930,30424,,,,,438,129,106,203,521573,521
600010,包钢股份,黑色金属冶炼及压延加工业,C31,2016-29,15/07/2016,0.037931,13199,32787,,,,,408,138,73,197,414673,779
600010,包钢股份,黑色金属冶炼及压延加工业,C31,2016-30,22/07/2016,-0.026578,10836,27112,,,,,426,141,95,190,513336,602
600010,包钢股份,黑色金属冶炼及压延加工业,C31,2016-31,29/07/2016,-0.037543,9812,24521,,,,,330,80,108,142,386409,485
600010,包钢股份,黑色金属冶炼及压延加工业,C31,2016-32,05/08/2016,0.003546,8699,22404,,,,,251,78,64,109,355546,312
600010,包钢股份,黑色金属冶炼及压延加工业,C31,2016-33,12/08/2016,0.021201,9901,24715,,,,,273,89,58,126,280381,348
600010,包钢股份,黑色金属冶炼及压延加工业,C31,2016-34,19/08/2016,0.017301,11646,28595,,,,,348,87,108,153,309116,375
600010,包钢股份,黑色金属冶炼及压延加工业,C31,2016-35,26/08/2016,-0.010204,10321,25308,,,,,328,86,74,168,470816,454
600010,包钢股份,黑色金属冶炼及压延加工业,C31,2016-36,02/09/2016,-0.010309,10434,24312,,,,,323,104,72,147,349312,374
600010,包钢股份,黑色金属冶炼及压延加工业,C31,2016-37,09/09/2016,0.003472,9336,22540,,,,,325,94,65,166,335784,273
600010,包钢股份,黑色金属冶炼及压延加工业,C31,2016-38,14/09/2016,-0.044983,,,,,,,,,,,,
600010,包钢股份,黑色金属冶炼及压延加工业,C31,2016-39,23/09/2016,0.014493,9250,23456,,,,,253,76,56,121,330996,321
600010,包钢股份,黑色金属冶炼及压延加工业,C31,2016-40,30/09/2016,-0.007143,8388,20259,,,,,216,62,52,102,235496,194
600010,包钢股份,黑色金属冶炼及压延加工业,C31,2016-42,14/10/2016,0.007194,8805,22474,,,,,224,61,51,112,222173,274
600010,包钢股份,黑色金属冶炼及压延加工业,C31,2016-43,21/10/2016,0.007143,8510,21036,,,,,324,103,70,151,336513,503
600010,包钢股份,黑色金属冶炼及压延加工业,C31,2016-44,28/10/2016,0,9090,23208,,,,,300,89,72,139,341489,355
600010,包钢股份,黑色金属冶炼及压延加工业,C31,2016-45,04/11/2016,-0.003546,8209,20288,,,,,329,88,89,152,255163,359
600010,包钢股份,黑色金属冶炼及压延加工业,C31,2016-46,11/11/2016,0.053381,9778,24977,,,,,391,112,73,206,533358,702
600010,包钢股份,黑色金属冶炼及压延加工业,C31,2016-47,18/11/2016,0,13564,35582,,,,,898,220,221,457,1300701,2008
600010,包钢股份,黑色金属冶炼及压延加工业,C31,2016-48,25/11/2016,0.013514,13015,32953,,,,,663,182,166,315,1067863,1492
600010,包钢股份,黑色金属冶炼及压延加工业,C31,2016-49,02/12/2016,0.01,13667,34602,,,,,505,152,93,260,843143,1293
600010,包钢股份,黑色金属冶炼及压延加工业,C31,2016-50,09/12/2016,-0.019802,11019,28983,,,,,654,175,150,329,861559,1267
600010,包钢股份,黑色金属冶炼及压延加工业,C31,2016-51,16/12/2016,-0.040404,10569,28430,,,,,546,127,138,281,636374,943
600010,包钢股份,黑色金属冶炼及压延加工业,C31,2016-52,23/12/2016,-0.014035,8811,23312,,,,,446,119,104,223,610943,905
600010,包钢股份,黑色金属冶炼及压延加工业,C31,2016-53,30/12/2016,-0.007117,8822,22281,,,,,420,111,99,210,505544,817
600015,华夏银行,货币金融服务,J66,2014-01,03/01/2014,-0.05951,3136,31815,,,,,303,126,69,108,511738,707
600015,华夏银行,货币金融服务,J66,2014-02,10/01/2014,0.012407,6762,66436,,,,,394,156,76,162,605663,1221
600015,华夏银行,货币金融服务,J66,2014-03,17/01/2014,-0.02451,6159,63316,,,,,250,75,71,104,342702,374
600015,华夏银行,货币金融服务,J66,2014-04,24/01/2014,0.020101,5566,63440,,,,,246,111,46,89,554077,823
600015,华夏银行,货币金融服务,J66,2014-05,30/01/2014,0.006158,,,,,,,,,,,,
600015,华夏银行,货币金融服务,J66,2014-06,07/02/2014,-0.008568,2404,34282,,,,,110,50,32,28,218497,244
600015,华夏银行,货币金融服务,J66,2014-07,14/02/2014,0.039506,7254,72069,,,,,332,132,77,123,433775,646
600015,华夏银行,货币金融服务,J66,2014-08,21/02/2014,-0.032067,6830,70348,,,,,326,131,60,135,459168,729
600015,华夏银行,货币金融服务,J66,2014-09,28/02/2014,0.002454,6340,70217,,,,,361,117,90,154,516761,640
600015,华夏银行,货币金融服务,J66,2014-10,07/03/2014,-0.01224,6620,69235,18,30,3,110,322,129,79,114,503808,545
600015,华夏银行,货币金融服务,J66,2014-11,14/03/2014,-0.003717,6630,66307,,,,,247,64,68,115,304122,434
600015,华夏银行,货币金融服务,J66,2014-12,21/03/2014,0.033582,5261,64283,,,,,195,82,39,74,337766,360
600015,华夏银行,货币金融服务,J66,2014-13,28/03/2014,-0.00361,5963,70296,,,,,237,96,45,96,356518,412
600015,华夏银行,货币金融服务,J66,2014-14,04/04/2014,0.030193,5701,63444,,,,,215,77,62,76,337802,487
600015,华夏银行,货币金融服务,J66,2014-15,11/04/2014,0.041032,6044,57913,,,,,178,62,46,70,284170,504
600015,华夏银行,货币金融服务,J66,2014-16,18/04/2014,-0.048423,6232,63905,210,198,79,817,311,107,75,129,667771,1061
600015,华夏银行,货币金融服务,J66,2014-17,25/04/2014,0.002367,6080,63733,40,56,14,159,208,77,47,84,395877,993
600015,华夏银行,货币金融服务,J66,2014-18,30/04/2014,0.002361,,,,,,,,,,,,
600015,华夏银行,货币金融服务,J66,2014-19,09/05/2014,-0.024735,5196,68287,,,,,136,45,36,55,192293,278
600015,华夏银行,货币金融服务,J66,2014-20,16/05/2014,0.024155,5171,62530,24,158,3,193,149,55,39,55,254649,356
600015,华夏银行,货币金融服务,J66,2014-21,23/05/2014,-0.008255,4690,58137,,,,,139,47,30,62,285804,336
600015,华夏银行,货币金融服务,J66,2014-22,30/05/2014,-0.017836,4067,55453,,,,,144,41,51,52,390929,386
600015,华夏银行,货币金融服务,J66,2014-23,06/06/2014,-0.01937,3580,49752,,,,,168,60,50,58,407440,401
600015,华夏银行,货币金融服务,J66,2014-24,13/06/2014,0.022222,3946,59249,,,,,156,50,48,58,406883,291
600015,华夏银行,货币金融服务,J66,2014-25,20/06/2014,-0.003623,3929,69300,,,,,136,36,44,56,265846,140
600015,华夏银行,货币金融服务,J66,2014-26,27/06/2014,-0.012121,3586,63794,,,,,107,39,29,39,217860,155
600015,华夏银行,货币金融服务,J66,2014-27,04/07/2014,0.009816,3960,70901,,,,,144,59,37,48,283384,255
600015,华夏银行,货币金融服务,J66,2014-28,11/07/2014,-0.013973,4358,63399,,,,,151,48,54,49,245336,296
600015,华夏银行,货币金融服务,J66,2014-29,18/07/2014,0.014323,4251,65641,,,,,132,52,30,50,223244,231
600015,华夏银行,货币金融服务,J66,2014-30,25/07/2014,0.046213,4630,61664,,,,,89,32,17,40,161009,130
600015,华夏银行,货币金融服务,J66,2014-31,01/08/2014,0.076074,6824,66502,,,,,147,78,20,49,329644,308
600015,华夏银行,货币金融服务,J66,2014-32,08/08/2014,-0.014823,5932,65321,331,255,96,1097,199,83,33,83,544177,616
600015,华夏银行,货币金融服务,J66,2014-33,15/08/2014,-0.009259,4633,64587,23,15,10,76,156,68,34,54,285046,274
600015,华夏银行,货币金融服务,J66,2014-34,22/08/2014,-0.004673,4437,63844,,,,,133,39,43,51,201148,140
600015,华夏银行,货币金融服务,J66,2014-35,29/08/2014,-0.010563,4161,63283,,,,,122,47,40,35,204742,191
600015,华夏银行,货币金融服务,J66,2014-36,05/09/2014,0.032028,4680,66046,3,76,5,108,140,40,39,61,252640,254
600015,华夏银行,货币金融服务,J66,2014-37,12/09/2014,-0.022989,3667,60180,,,,,115,32,35,48,267601,255
600015,华夏银行,货币金融服务,J66,2014-38,19/09/2014,-0.005882,4956,65697,,,,,179,63,46,70,304827,263
600015,华夏银行,货币金融服务,J66,2014-39,26/09/2014,0,4783,66234,,,,,221,56,74,91,495566,427
600015,华夏银行,货币金融服务,J66,2014-40,30/09/2014,0.004734,,,,,,,,,,,,
600015,华夏银行,货币金融服务,J66,2014-41,10/10/2014,0.003534,3659,59606,,,,,133,50,30,53,256835,270
600015,华夏银行,货币金融服务,J66,2014-42,17/10/2014,-0.003521,5057,70641,,,,,156,51,39,66,300177,326
600015,华夏银行,货币金融服务,J66,2014-43,24/10/2014,-0.01649,4591,67812,,,,,205,43,65,97,482959,413
600015,华夏银行,货币金融服务,J66,2014-44,31/10/2014,0.051497,5856,72713,80,95,23,428,437,141,117,179,1381850,1330
600015,华夏银行,货币金融服务,J66,2014-45,07/11/2014,-0.02164,7033,74350,,,,,529,184,159,186,986537,1137
600015,华夏银行,货币金融服务,J66,2014-46,14/11/2014,0.039581,6882,70242,,,,,709,253,194,262,1406198,3005
600015,华夏银行,货币金融服务,J66,2014-47,21/11/2014,-0.020157,7145,70896,,,,,752,210,211,331,1208644,1557
600015,华夏银行,货币金融服务,J66,2014-48,28/11/2014,0.163429,9395,82755,,,,,743,247,173,323,1641224,2211
600015,华夏银行,货币金融服务,J66,2014-49,05/12/2014,0.157171,14426,95581,10,121,17,198,615,223,114,278,1236324,1343
600015,华夏银行,货币金融服务,J66,2014-50,12/12/2014,-0.074703,11959,89884,,,,,511,143,129,239,1023260,1071
600015,华夏银行,货币金融服务,J66,2014-51,19/12/2014,0.092661,11471,86399,19,17,3,39,519,144,143,232,912706,805
600015,华夏银行,货币金融服务,J66,2014-52,26/12/2014,0.069689,12790,93980,,,,,754,265,166,323,1918055,1670
600015,华夏银行,货币金融服务,J66,2014-53,31/12/2014,0.056515,,,,,,,,,,,,
600015,华夏银行,货币金融服务,J66,2015-02,09/01/2015,-0.046062,11919,101750,,,,,451,153,95,203,901542,1191
600015,华夏银行,货币金融服务,J66,2015-03,16/01/2015,0.056075,10843,90878,,,,,420,164,82,174,984432,883
600015,华夏银行,货币金融服务,J66,2015-04,23/01/2015,-0.036873,10982,88205,,,,,606,175,157,274,927592,820
600015,华夏银行,货币金融服务,J66,2015-05,30/01/2015,-0.069678,9581,80633,,,,,551,141,178,232,800788,1027
600015,华夏银行,货币金融服务,J66,2015-06,06/02/2015,-0.041975,9007,80146,,,,,470,132,129,209,655417,830
600015,华夏银行,货币金融服务,J66,2015-07,13/02/2015,0.061856,8248,81157,,,,,360,156,59,145,800195,912
600015,华夏银行,货币金融服务,J66,2015-08,17/02/2015,-0.009709,,,,,,,,,,,,
600015,华夏银行,货币金融服务,J66,2015-09,27/02/2015,-0.017974,5987,62933,,,,,279,85,65,129,626602,1055
600015,华夏银行,货币金融服务,J66,2015-10,06/03/2015,-0.05574,9996,88227,,,,,486,134,120,232,550426,1542
600015,华夏银行,货币金融服务,J66,2015-11,13/03/2015,0.090749,10895,82756,,,,,562,204,109,249,344799,887
600015,华夏银行,货币金融服务,J66,2015-12,20/03/2015,0.03231,10749,82585,,,,,435,157,96,182,963298,1629
600015,华夏银行,货币金融服务,J66,2015-13,27/03/2015,-0.001565,9660,77562,,,,,719,224,173,322,1216117,1415
600015,华夏银行,货币金融服务,J66,2015-14,03/04/2015,0.037618,11255,84047,,,,,490,146,108,236,1098439,1335
600015,华夏银行,货币金融服务,J66,2015-15,10/04/2015,0.101964,11107,81205,,,,,405,149,63,193,1039292,1131
600015,华夏银行,货币金融服务,J66,2015-16,17/04/2015,0.156957,17525,124489,124,69,34,369,1181,408,235,538,3543599,3929
600015,华夏银行,货币金融服务,J66,2015-17,24/04/2015,-0.045024,15645,110160,63,54,25,244,860,272,207,381,2222842,2068
600015,华夏银行,货币金融服务,J66,2015-18,30/04/2015,0.004963,,,,,,,,,,,,
600015,华夏银行,货币金融服务,J66,2015-19,08/05/2015,-0.07037,12112,98131,7,11,2,20,756,205,202,349,1682580,2153
600015,华夏银行,货币金融服务,J66,2015-20,15/05/2015,-0.015936,11938,92995,,,,,770,234,210,326,1478709,1805
600015,华夏银行,货币金融服务,J66,2015-21,22/05/2015,0.091768,11516,86694,,,,,551,169,135,247,961323,1751
600015,华夏银行,货币金融服务,J66,2015-22,29/05/2015,-0.071693,12241,91728,,,,,551,150,121,280,1270027,1587
600015,华夏银行,货币金融服务,J66,2015-23,05/06/2015,0.117843,13479,95222,,,,,511,177,126,208,1273414,955
600015,华夏银行,货币金融服务,J66,2015-24,12/06/2015,0.023228,13772,97330,,,,,518,200,127,191,962977,1029
600015,华夏银行,货币金融服务,J66,2015-25,19/06/2015,-0.14319,11936,86060,,,,,528,185,133,210,1057411,1277
600015,华夏银行,货币金融服务,J66,2015-26,26/06/2015,-0.044837,10119,81325,,,,,381,129,80,172,766920,883
600015,华夏银行,货币金融服务,J66,2015-27,03/07/2015,0.037696,14209,110200,,,,,464,149,103,212,1005308,1392
600015,华夏银行,货币金融服务,J66,2015-28,10/07/2015,0.136875,16563,130288,,,,,703,213,193,297,1092355,1404
600015,华夏银行,货币金融服务,J66,2015-29,17/07/2015,-0.020802,12755,99568,,,,,535,159,138,238,799790,1491
600015,华夏银行,货币金融服务,J66,2015-30,24/07/2015,-0.069044,10066,86625,,,,,425,90,160,175,558770,544
600015,华夏银行,货币金融服务,J66,2015-31,31/07/2015,-0.118174,9377,83608,,,,,567,139,214,214,781488,912
600015,华夏银行,货币金融服务,J66,2015-32,07/08/2015,0.019409,8146,84521,,,,,292,81,75,136,818827,720
600015,华夏银行,货币金融服务,J66,2015-33,14/08/2015,-0.00816,8380,89069,161,86,59,533,240,64,74,102,772964,475
600015,华夏银行,货币金融服务,J66,2015-34,21/08/2015,-0.083181,8298,87248,,,,,348,96,108,144,876730,2862
600015,华夏银行,货币金融服务,J66,2015-35,28/08/2015,-0.014955,9261,92968,,,,,249,85,68,96,590669,454
600015,华夏银行,货币金融服务,J66,2015-36,02/09/2015,0.100202,,,,,,,,,,,,
600015,华夏银行,货币金融服务,J66,2015-37,11/09/2015,-0.043238,7112,86212,,,,,99,41,22,36,268374,165
600015,华夏银行,货币金融服务,J66,2015-38,18/09/2015,-0.008654,6477,80221,,,,,129,30,33,66,338001,188
600015,华夏银行,货币金融服务,J66,2015-39,25/09/2015,0.00097,5194,76256,9,9,2,74,87,38,19,30,316492,174
600015,华夏银行,货币金融服务,J66,2015-40,30/09/2015,-0.020349,,,,,,,,,,,,
600015,华夏银行,货币金融服务,J66,2015-41,09/10/2015,0.018793,2722,56687,,,,,38,12,5,21,154734,98
600015,华夏银行,货币金融服务,J66,2015-42,16/10/2015,0.020388,4950,80547,,,,,81,39,19,23,290229,241
600015,华夏银行,货币金融服务,J66,2015-43,23/10/2015,0.012369,5576,76667,,,,,163,53,46,64,333649,264
600015,华夏银行,货币金融服务,J66,2015-44,30/10/2015,-0.007519,5055,74546,,,,,121,44,28,49,394596,595
600015,华夏银行,货币金融服务,J66,2015-45,06/11/2015,0.07197,5864,76100,20,3,3,69,159,47,39,73,317558,279
600015,华夏银行,货币金融服务,J66,2015-46,13/11/2015,-0.020318,6281,77286,,,,,269,69,73,127,467124,359
600015,华夏银行,货币金融服务,J66,2015-47,20/11/2015,0.018936,6004,73631,,,,,132,43,47,42,404052,265
600015,华夏银行,货币金融服务,J66,2015-48,27/11/2015,-0.042478,5545,69775,,,,,140,47,37,56,317230,180
600015,华夏银行,货币金融服务,J66,2015-49,04/12/2015,0.040665,7120,76320,,,,,351,136,69,146,558255,638
600015,华夏银行,货币金融服务,J66,2015-50,11/12/2015,-0.015098,5905,75108,,,,,177,64,41,72,620110,315
600015,华夏银行,货币金融服务,J66,2015-51,18/12/2015,0.035167,5679,76082,,,,,222,91,43,88,748758,751
600015,华夏银行,货币金融服务,J66,2015-52,25/12/2015,0.042683,6971,79933,,,,,294,90,74,130,646563,731
600015,华夏银行,货币金融服务,J66,2015-53,31/12/2015,0.014202,,,,,,,,,,,,
600015,华夏银行,货币金融服务,J66,2016-02,08/01/2016,-0.107908,6755,85637,,,,,304,75,85,144,715599,634
600015,华夏银行,货币金融服务,J66,2016-03,15/01/2016,-0.092336,5582,82113,,,,,317,98,78,141,1107089,1681
600015,华夏银行,货币金融服务,J66,2016-04,22/01/2016,0.010173,4871,78644,,,,,201,71,47,83,730242,1154
600015,华夏银行,货币金融服务,J66,2016-05,29/01/2016,-0.040282,4495,74850,,,,,183,53,51,79,943958,1212
600015,华夏银行,货币金融服务,J66,2016-06,05/02/2016,-0.003148,3512,66315,,,,,91,37,18,36,614727,340
600015,华夏银行,货币金融服务,J66,2016-08,19/02/2016,0.004211,4257,69365,,,,,110,39,30,41,539063,1050
600015,华夏银行,货币金融服务,J66,2016-09,26/02/2016,-0.022013,4302,72848,,,,,115,33,29,53,528515,477
600015,华夏银行,货币金融服务,J66,2016-10,04/03/2016,0.10075,5049,77597,,,,,176,51,33,92,771319,1123
600015,华夏银行,货币金融服务,J66,2016-11,11/03/2016,-0.015579,4795,74414,,,,,114,35,21,58,364240,207
600015,华夏银行,货币金融服务,J66,2016-12,18/03/2016,0.019782,4328,73498,,,,,163,56,33,74,599529,551
600015,华夏银行,货币金融服务,J66,2016-13,25/03/2016,-0.016489,4200,71294,,,,,209,51,59,99,1045126,2516
600015,华夏银行,货币金融服务,J66,2016-14,01/04/2016,0.008876,4084,69082,,,,,135,35,36,64,640167,1145
600015,华夏银行,货币金融服务,J66,2016-15,08/04/2016,-0.006843,3206,62696,,,,,173,26,54,93,804629,895
600015,华夏银行,货币金融服务,J66,2016-16,15/04/2016,0.019685,3647,67875,,,,,216,62,46,108,807509,1509
600015,华夏银行,货币金融服务,J66,2016-17,22/04/2016,-0.021236,3868,63915,,,,,314,89,69,156,1132439,1449
600015,华夏银行,货币金融服务,J66,2016-18,29/04/2016,0.002959,3637,78920,,,,,1718,823,60,835,1036141,1901
600015,华夏银行,货币金融服务,J66,2016-19,06/05/2016,-0.0059,3515,69256,,,,,1320,495,67,758,507410,595
600015,华夏银行,货币金融服务,J66,2016-20,13/05/2016,-0.013848,3298,77360,,,,,849,176,80,593,616536,658
600015,华夏银行,货币金融服务,J66,2016-21,20/05/2016,-0.003009,3025,80803,,,,,873,134,88,651,576746,839
600015,华夏银行,货币金融服务,J66,2016-22,27/05/2016,-0.002012,3013,77710,,,,,699,100,123,476,539300,495
600015,华夏银行,货币金融服务,J66,2016-23,03/06/2016,0.024194,3092,75737,,,,,701,80,60,561,632612,1179
600015,华夏银行,货币金融服务,J66,2016-24,08/06/2016,-0.004921,,,,,,,,,,,,
600015,华夏银行,货币金融服务,J66,2016-25,17/06/2016,-0.017804,3017,74419,,,,,241,62,71,108,438237,583
600015,华夏银行,货币金融服务,J66,2016-26,24/06/2016,-0.008056,2912,71035,,,,,274,83,70,121,431313,426
600015,华夏银行,货币金融服务,J66,2016-27,01/07/2016,0.006091,3250,73612,,,,,399,95,138,166,397592,632
600015,华夏银行,货币金融服务,J66,2016-28,08/07/2016,0.009384,4030,72584,,,,,346,104,80,162,340995,614
600015,华夏银行,货币金融服务,J66,2016-29,15/07/2016,0.024896,3992,70825,,,,,335,113,83,139,281328,490
600015,华夏银行,货币金融服务,J66,2016-30,22/07/2016,-0.001012,3923,70451,,,,,315,91,74,150,396511,619
600015,华夏银行,货币金融服务,J66,2016-31,29/07/2016,0.005066,3941,69082,,,,,251,77,57,117,592027,1286
600015,华夏银行,货币金融服务,J66,2016-32,05/08/2016,0.014113,3884,70110,,,,,290,95,52,143,310003,360
600015,华夏银行,货币金融服务,J66,2016-33,12/08/2016,0.059642,5192,72015,,,,,339,120,55,164,435425,464
600015,华夏银行,货币金融服务,J66,2016-34,19/08/2016,-0.006567,5987,75199,,,,,348,95,89,164,303945,534
600015,华夏银行,货币金融服务,J66,2016-35,26/08/2016,-0.016053,4294,71644,,,,,331,109,61,161,238613,332
600015,华夏银行,货币金融服务,J66,2016-36,02/09/2016,0.003839,3905,72895,,,,,190,81,36,73,150831,135
600015,华夏银行,货币金融服务,J66,2016-37,09/09/2016,-0.00956,3462,67502,,,,,280,87,47,146,167785,187
600015,华夏银行,货币金融服务,J66,2016-38,14/09/2016,-0.035714,,,,,,,,,,,,
600015,华夏银行,货币金融服务,J66,2016-39,23/09/2016,0.015015,3305,76924,,,,,215,72,51,92,150962,112
600015,华夏银行,货币金融服务,J66,2016-40,30/09/2016,-0.008876,2980,72882,,,,,170,44,42,84,163184,130
600015,华夏银行,货币金融服务,J66,2016-42,14/10/2016,0.0199,3735,78058,,,,,154,55,29,70,183891,172
600015,华夏银行,货币金融服务,J66,2016-43,21/10/2016,0.011707,3374,71984,,,,,182,64,34,84,188537,264
600015,华夏银行,货币金融服务,J66,2016-44,28/10/2016,0.007715,4045,72112,,,,,171,58,26,87,232800,261
600015,华夏银行,货币金融服务,J66,2016-45,04/11/2016,0.02201,4311,68856,,,,,261,73,57,131,340789,282
600015,华夏银行,货币金融服务,J66,2016-46,11/11/2016,0.024345,4793,65727,,,,,149,51,25,73,150511,154
600015,华夏银行,货币金融服务,J66,2016-47,18/11/2016,0.000914,3948,65530,,,,,193,67,28,98,239017,337
600015,华夏银行,货币金融服务,J66,2016-48,25/11/2016,0.099543,4880,64204,,,,,255,99,48,108,257117,305
600015,华夏银行,货币金融服务,J66,2016-49,02/12/2016,-0.037375,4289,67421,,,,,263,92,55,116,299933,458
600015,华夏银行,货币金融服务,J66,2016-50,09/12/2016,0.025884,3997,68391,,,,,150,64,23,63,127032,345
600015,华夏银行,货币金融服务,J66,2016-51,16/12/2016,-0.077376,3706,71860,,,,,182,49,35,98,158056,149
600015,华夏银行,货币金融服务,J66,2016-52,23/12/2016,-0.031905,3513,69239,,,,,225,65,53,107,169993,164
600015,华夏银行,货币金融服务,J66,2016-53,30/12/2016,0.021657,3257,72828,,,,,136,30,30,76,104410,116
600016,民生银行,货币金融服务,J66,2014-01,03/01/2014,-0.014249,6211,78697,,,,,337,112,80,145,563905,643
600016,民生银行,货币金融服务,J66,2014-02,10/01/2014,-0.03548,14309,192118,,,,,682,174,207,301,1113557,1729
600016,民生银行,货币金融服务,J66,2014-03,17/01/2014,-0.038147,12835,185344,2,18,3,44,606,172,197,237,824768,886
600016,民生银行,货币金融服务,J66,2014-04,24/01/2014,0,13461,184180,,,,,524,180,163,181,826792,980
600016,民生银行,货币金融服务,J66,2014-05,30/01/2014,0.03966,,,,,,,,,,,,
600016,民生银行,货币金融服务,J66,2014-06,07/02/2014,-0.012262,5598,83691,,,,,190,57,58,75,349292,429
600016,民生银行,货币金融服务,J66,2014-07,14/02/2014,0.102069,23167,191165,,,,,561,235,98,228,971592,1270
600016,民生银行,货币金融服务,J66,2014-08,21/02/2014,-0.04005,20880,197358,,,,,564,206,113,245,1035804,1251
600016,民生银行,货币金融服务,J66,2014-09,28/02/2014,-0.018253,17864,210831,8,65,5,117,811,244,193,374,1383489,2070
600016,民生银行,货币金融服务,J66,2014-10,07/03/2014,0.030544,17267,218021,,,,,593,191,135,267,923945,1524
600016,民生银行,货币金融服务,J66,2014-11,14/03/2014,-0.028351,17078,194024,,,,,432,153,103,176,675923,1114
600016,民生银行,货币金融服务,J66,2014-12,21/03/2014,0.002653,15169,193605,,,,,454,159,95,200,748574,856
600016,民生银行,货币金融服务,J66,2014-13,28/03/2014,0.03836,17189,201017,14,9,1,46,584,216,107,261,1469728,1711
600016,民生银行,货币金融服务,J66,2014-14,04/04/2014,-0.010191,15638,188266,217,300,70,868,326,114,70,142,588647,603
600016,民生银行,货币金融服务,J66,2014-15,11/04/2014,0.037323,14950,173182,44,64,10,225,204,71,52,81,441123,873
600016,民生银行,货币金融服务,J66,2014-16,18/04/2014,-0.024814,13901,188848,,,,,203,77,43,83,472496,649
600016,民生银行,货币金融服务,J66,2014-17,25/04/2014,-0.005089,14250,193308,26,12,9,73,298,101,73,124,557032,746
600016,民生银行,货币金融服务,J66,2014-18,30/04/2014,0.006394,,,,,,,,,,,,
600016,民生银行,货币金融服务,J66,2014-19,09/05/2014,-0.027954,11320,197158,,,,,190,68,65,57,307163,548
600016,民生银行,货币金融服务,J66,2014-20,16/05/2014,0.003922,11417,186273,,,,,182,69,43,70,342393,393
600016,民生银行,货币金融服务,J66,2014-21,23/05/2014,-0.028646,10976,175547,,,,,260,71,80,109,525697,679
600016,民生银行,货币金融服务,J66,2014-22,30/05/2014,-0.00134,10386,163767,,,,,172,58,44,70,411140,272
600016,民生银行,货币金融服务,J66,2014-23,06/06/2014,-0.006711,8531,147563,,,,,136,47,34,55,271835,238
600016,民生银行,货币金融服务,J66,2014-24,13/06/2014,0.006757,10386,174804,,,,,212,62,60,90,472954,427
600016,民生银行,货币金融服务,J66,2014-25,20/06/2014,0.034899,11702,192377,,,,,192,72,41,79,741331,452
600016,民生银行,货币金融服务,J66,2014-26,27/06/2014,-0.023606,12074,183237,,,,,228,69,77,82,617059,650
600016,民生银行,货币金融服务,J66,2014-27,04/07/2014,0.006462,11328,170670,,,,,156,57,38,61,6778224,12437
600016,民生银行,货币金融服务,J66,2014-28,11/07/2014,-0.028892,10849,158945,,,,,257,80,90,87,484055,346
600016,民生银行,货币金融服务,J66,2014-29,18/07/2014,-0.006612,11580,162807,,,,,214,69,68,77,516720,723
600016,民生银行,货币金融服务,J66,2014-30,25/07/2014,0.03827,13415,160563,,,,,224,77,56,91,523344,516
600016,民生银行,货币金融服务,J66,2014-31,01/08/2014,0.052885,19880,174102,,,,,246,97,53,96,574394,551
600016,民生银行,货币金融服务,J66,2014-32,08/08/2014,-0.025875,15294,163715,,,,,223,61,44,118,630276,1436
600016,民生银行,货币金融服务,J66,2014-33,15/08/2014,-0.007813,13842,164769,,,,,252,95,63,94,499670,960
600016,民生银行,货币金融服务,J66,2014-34,22/08/2014,-0.00315,13448,170621,,,,,259,96,67,96,553260,708
600016,民生银行,货币金融服务,J66,2014-35,29/08/2014,-0.011058,12442,173461,229,194,69,848,278,94,64,120,797069,730
600016,民生银行,货币金融服务,J66,2014-36,05/09/2014,0.028754,14395,182427,,,,,308,127,54,127,628054,639
600016,民生银行,货币金融服务,J66,2014-37,12/09/2014,-0.013975,11554,173473,,,,,224,69,54,101,423672,512
600016,民生银行,货币金融服务,J66,2014-38,19/09/2014,-0.006299,13978,199597,,,,,337,107,101,129,586518,619
600016,民生银行,货币金融服务,J66,2014-39,26/09/2014,-0.012678,13512,204361,,,,,348,80,116,152,779987,1475
600016,民生银行,货币金融服务,J66,2014-40,30/09/2014,0.001605,,,,,,,,,,,,
600016,民生银行,货币金融服务,J66,2014-41,10/10/2014,0.014423,11080,178509,,,,,233,93,46,94,742889,663
600016,民生银行,货币金融服务,J66,2014-42,17/10/2014,-0.007899,14475,220322,,,,,357,136,81,140,772484,918
600016,民生银行,货币金融服务,J66,2014-43,24/10/2014,-0.011146,12580,216937,,,,,353,123,104,126,634625,863
600016,民生银行,货币金融服务,J66,2014-44,31/10/2014,0.037037,14009,204905,177,129,69,628,655,277,152,226,1069823,1269
600016,民生银行,货币金融服务,J66,2014-45,07/11/2014,-0.015528,14902,198892,,,,,844,285,203,356,2114890,2908
600016,民生银行,货币金融服务,J66,2014-46,14/11/2014,0.067823,23358,222750,68,270,32,648,866,343,183,340,1689163,1248
600016,民生银行,货币金融服务,J66,2014-47,21/11/2014,-0.032496,17932,221615,13,23,1,44,665,198,184,283,1239243,1124
600016,民生银行,货币金融服务,J66,2014-48,28/11/2014,0.119084,27358,285367,,,,,899,300,202,397,1697436,1976
600016,民生银行,货币金融服务,J66,2014-49,05/12/2014,0.240109,60059,360258,3,18,1,50,2025,758,370,897,5793526,4675
600016,民生银行,货币金融服务,J66,2014-50,12/12/2014,-0.073707,59595,352317,,,,,1582,477,387,718,3148440,3053
600016,民生银行,货币金融服务,J66,2014-51,19/12/2014,0.143705,58636,345145,,,,,2196,745,490,961,4210101,4451
600016,民生银行,货币金融服务,J66,2014-52,26/12/2014,0.13188,63188,361060,,,,,2262,723,556,983,5258969,6168
600016,民生银行,货币金融服务,J66,2014-53,31/12/2014,-0.001835,,,,,,,,,,,,
600016,民生银行,货币金融服务,J66,2015-02,09/01/2015,-0.055607,57465,377850,,,,,2303,689,618,996,4282574,5135
600016,民生银行,货币金融服务,J66,2015-03,16/01/2015,0.00098,43485,254082,,,,,1624,431,449,744,2502632,3561
600016,民生银行,货币金融服务,J66,2015-04,23/01/2015,0.01665,43435,291171,,,,,1478,510,292,676,2657485,3259
600016,民生银行,货币金融服务,J66,2015-05,30/01/2015,-0.087669,39173,292745,,,,,4018,1033,1092,1893,8350776,12664
600016,民生银行,货币金融服务,J66,2015-06,06/02/2015,-0.042239,54420,591615,16,81,17,304,2927,816,814,1297,4495313,5642
600016,民生银行,货币金融服务,J66,2015-07,13/02/2015,0.025358,31917,269741,21,29,14,102,679,232,142,305,1616350,1963
600016,民生银行,货币金融服务,J66,2015-08,17/02/2015,-0.006452,,,,,,,,,,,,
600016,民生银行,货币金融服务,J66,2015-09,27/02/2015,-0.001082,17553,166934,,,,,441,141,111,189,1087788,1478
600016,民生银行,货币金融服务,J66,2015-10,06/03/2015,-0.050921,30257,299570,,,,,959,286,250,423,1257716,3016
600016,民生银行,货币金融服务,J66,2015-11,13/03/2015,0.065068,36068,265177,,,,,1029,339,256,434,1120714,3006
600016,民生银行,货币金融服务,J66,2015-12,20/03/2015,0.032154,37394,277744,,,,,1042,353,245,444,1650000,3543
600016,民生银行,货币金融服务,J66,2015-13,27/03/2015,-0.012461,35112,267574,,,,,1031,319,257,455,2204506,2824
600016,民生银行,货币金融服务,J66,2015-14,03/04/2015,0.022082,39311,275125,76,52,28,319,1080,350,234,496,2873199,2780
600016,民生银行,货币金融服务,J66,2015-15,10/04/2015,0.057613,37262,260651,13,5,3,41,996,349,240,407,2569107,2941
600016,民生银行,货币金融服务,J66,2015-16,17/04/2015,0.06323,46924,323898,,,,,1363,412,357,594,3679641,5821
600016,民生银行,货币金融服务,J66,2015-17,24/04/2015,-0.045746,44655,323919,118,85,55,469,1552,480,359,713,3739444,4634
600016,民生银行,货币金融服务,J66,2015-18,30/04/2015,0.018217,,,,,,,,,,,,
600016,民生银行,货币金融服务,J66,2015-19,08/05/2015,-0.000942,35217,272112,11,21,3,89,1664,487,393,784,3170915,4647
600016,民生银行,货币金融服务,J66,2015-20,15/05/2015,-0.040528,31676,254489,,,,,2029,550,578,901,3152327,5402
600016,民生银行,货币金融服务,J66,2015-21,22/05/2015,0.044204,29085,261195,,,,,1259,352,316,591,1652145,2823
600016,民生银行,货币金融服务,J66,2015-22,29/05/2015,-0.057385,31415,274280,,,,,1671,435,470,766,2670334,3816
600016,民生银行,货币金融服务,J66,2015-23,05/06/2015,0.051896,32002,280063,,,,,1928,492,579,857,3129266,5474
600016,民生银行,货币金融服务,J66,2015-24,12/06/2015,0.042694,40008,297029,,,,,1322,424,296,602,2817759,2971
600016,民生银行,货币金融服务,J66,2015-25,19/06/2015,-0.166515,35771,282724,,,,,2682,616,854,1212,3702585,5005
600016,民生银行,货币金融服务,J66,2015-26,26/06/2015,-0.008734,34288,261415,6,46,1,81,1683,483,452,748,3303224,3905
600016,民生银行,货币金融服务,J66,2015-27,03/07/2015,0.020925,48821,352049,,,,,1262,406,300,556,2201232,3297
600016,民生银行,货币金融服务,J66,2015-28,10/07/2015,0.134844,58186,405183,,,,,2615,697,780,1138,4998517,6947
600016,民生银行,货币金融服务,J66,2015-29,17/07/2015,-0.055716,42050,316272,,,,,2360,558,685,1117,4043543,5353
600016,民生银行,货币金融服务,J66,2015-30,24/07/2015,-0.039674,26740,253120,,,,,1424,335,460,629,2364152,2466
600016,民生银行,货币金融服务,J66,2015-31,31/07/2015,-0.037076,25086,243947,,,,,883,279,224,380,1625644,1367
600016,民生银行,货币金融服务,J66,2015-32,07/08/2015,0.026403,20177,222597,,,,,519,166,123,230,974233,845
600016,民生银行,货币金融服务,J66,2015-33,14/08/2015,-0.028939,17498,214320,,,,,743,193,239,311,1530522,1335
600016,民生银行,货币金融服务,J66,2015-34,21/08/2015,-0.060706,18049,213574,,,,,776,225,242,309,1241846,1232
600016,民生银行,货币金融服务,J66,2015-35,28/08/2015,-0.036428,21485,228939,,,,,533,181,142,210,1304183,1717
600016,民生银行,货币金融服务,J66,2015-36,02/09/2015,0.131707,,,,,,,,,,,,
600016,民生银行,货币金融服务,J66,2015-37,11/09/2015,-0.074353,15158,206064,,,,,458,108,142,208,855988,921
600016,民生银行,货币金融服务,J66,2015-38,18/09/2015,0.01979,14071,200440,,,,,432,140,110,182,911949,1030
600016,民生银行,货币金融服务,J66,2015-39,25/09/2015,0.005708,11070,185244,,,,,280,94,70,116,658968,898
600016,民生银行,货币金融服务,J66,2015-40,30/09/2015,-0.040863,,,,,,,,,,,,
600016,民生银行,货币金融服务,J66,2015-41,09/10/2015,0.005917,5461,133964,,,,,92,26,29,37,245157,233
600016,民生银行,货币金融服务,J66,2015-42,16/10/2015,0.014118,10050,196743,,,,,233,91,57,85,451334,442
600016,民生银行,货币金融服务,J66,2015-43,23/10/2015,0.012761,11750,162960,,,,,415,117,100,198,717285,734
600016,民生银行,货币金融服务,J66,2015-44,30/10/2015,-0.014891,10582,210840,,,,,347,132,83,132,567932,583
600016,民生银行,货币金融服务,J66,2015-45,06/11/2015,0.033721,11204,177416,41,24,14,228,373,142,82,149,636469,732
600016,民生银行,货币金融服务,J66,2015-46,13/11/2015,-0.011249,12764,200592,,,,,495,135,135,225,688183,949
600016,民生银行,货币金融服务,J66,2015-47,20/11/2015,0.011377,11249,192809,,,,,374,123,91,160,711561,874
600016,民生银行,货币金融服务,J66,2015-48,27/11/2015,-0.048369,10186,178261,,,,,379,116,105,158,537661,737
600016,民生银行,货币金融服务,J66,2015-49,04/12/2015,0.035461,11347,189475,,,,,373,127,108,138,496026,756
600016,民生银行,货币金融服务,J66,2015-50,11/12/2015,-0.005708,10255,186042,,,,,326,111,87,128,1142231,696
600016,民生银行,货币金融服务,J66,2015-51,18/12/2015,0.041332,11162,191047,,,,,624,203,161,260,1731238,1371
600016,民生银行,货币金融服务,J66,2015-52,25/12/2015,0.040794,18403,218760,,,,,1021,306,240,475,4109123,2854
600016,民生银行,货币金融服务,J66,2015-53,31/12/2015,0.021186,,,,,,,,,,,,
600016,民生银行,货币金融服务,J66,2016-02,08/01/2016,-0.09751,12229,199629,,,,,411,117,129,165,1408174,863
600016,民生银行,货币金融服务,J66,2016-03,15/01/2016,-0.026437,10535,194732,,,,,251,75,60,116,778183,307
600016,民生银行,货币金融服务,J66,2016-04,22/01/2016,0.003542,9525,182858,,,,,237,88,41,108,1035845,455
600016,民生银行,货币金融服务,J66,2016-05,29/01/2016,0.010588,9396,177802,,,,,272,81,63,128,1209641,516
600016,民生银行,货币金融服务,J66,2016-06,05/02/2016,-0.018626,8115,175768,,,,,253,74,74,105,1880266,1480
600016,民生银行,货币金融服务,J66,2016-08,19/02/2016,0.00949,8714,153451,,,,,252,85,53,114,937311,396
600016,民生银行,货币金融服务,J66,2016-09,26/02/2016,-0.014689,8845,170601,,,,,225,63,54,108,1005253,470
600016,民生银行,货币金融服务,J66,2016-10,04/03/2016,0.122744,9880,186173,,,,,439,147,83,209,2053376,1357
600016,民生银行,货币金融服务,J66,2016-11,11/03/2016,-0.022508,10733,174090,,,,,321,96,69,156,1112682,689
600016,民生银行,货币金融服务,J66,2016-12,18/03/2016,0.001096,10042,170385,,,,,474,126,143,205,1363599,1793
600016,民生银行,货币金融服务,J66,2016-13,25/03/2016,-0.004381,8777,165223,,,,,236,59,55,122,1013466,1654
600016,民生银行,货币金融服务,J66,2016-14,01/04/2016,0.016502,8305,161884,,,,,233,72,43,118,1086954,336
600016,民生银行,货币金融服务,J66,2016-15,08/04/2016,-0.027056,7174,152660,,,,,214,53,62,99,1071138,645
600016,民生银行,货币金融服务,J66,2016-16,15/04/2016,0.024472,7627,177636,,,,,191,70,34,87,549505,298
600016,民生银行,货币金融服务,J66,2016-17,22/04/2016,0.02063,8120,164174,,,,,215,82,52,81,558162,254
600016,民生银行,货币金融服务,J66,2016-18,29/04/2016,-0.010638,7751,177950,,,,,1822,858,41,923,566253,237
600016,民生银行,货币金融服务,J66,2016-19,06/05/2016,-0.004301,5945,147115,,,,,1269,448,21,800,336011,511
600016,民生银行,货币金融服务,J66,2016-20,13/05/2016,-0.007559,6897,156922,,,,,765,185,28,552,332363,123
600016,民生银行,货币金融服务,J66,2016-21,20/05/2016,-0.020675,6514,156621,,,,,863,134,76,653,919141,2880
600016,民生银行,货币金融服务,J66,2016-22,27/05/2016,-0.01,8214,164599,,,,,874,145,163,566,1607276,821
600016,民生银行,货币金融服务,J66,2016-23,03/06/2016,0.008979,7675,156963,,,,,693,77,57,559,577446,308
600016,民生银行,货币金融服务,J66,2016-24,08/06/2016,0.001112,,,,,,,,,,,,
600016,民生银行,货币金融服务,J66,2016-25,17/06/2016,0.008889,7287,159085,,,,,166,60,37,69,495363,243
600016,民生银行,货币金融服务,J66,2016-26,24/06/2016,-0.008811,6478,147149,,,,,194,66,36,92,360228,216
600016,民生银行,货币金融服务,J66,2016-27,01/07/2016,0.010181,7425,157224,,,,,236,71,56,109,359870,267
600016,民生银行,货币金融服务,J66,2016-28,08/07/2016,0,6893,152854,,,,,192,52,55,85,140007,124
600016,民生银行,货币金融服务,J66,2016-29,15/07/2016,0.035834,7879,153849,,,,,201,56,41,104,226179,456
600016,民生银行,货币金融服务,J66,2016-30,22/07/2016,-0.003243,10431,170965,,,,,601,187,135,279,1016024,1030
600016,民生银行,货币金融服务,J66,2016-31,29/07/2016,-0.006508,8102,154174,,,,,249,65,59,125,445858,282
600016,民生银行,货币金融服务,J66,2016-32,05/08/2016,0.015284,7689,152596,,,,,285,87,60,138,289932,233
600016,民生银行,货币金融服务,J66,2016-33,12/08/2016,0.02043,7539,158642,,,,,459,131,86,242,250526,203
600016,民生银行,货币金融服务,J66,2016-34,19/08/2016,-0.015806,8674,167364,,,,,314,83,72,159,207626,313
600016,民生银行,货币金融服务,J66,2016-35,26/08/2016,-0.004283,7232,155398,,,,,151,45,30,76,141150,130
600016,民生银行,货币金融服务,J66,2016-36,02/09/2016,0.001075,7387,157040,,,,,166,44,35,87,245159,272
600016,民生银行,货币金融服务,J66,2016-37,09/09/2016,-0.001074,6640,153531,,,,,163,48,25,90,137355,117
600016,民生银行,货币金融服务,J66,2016-38,14/09/2016,0.001075,,,,,,,,,,,,
600016,民生银行,货币金融服务,J66,2016-39,23/09/2016,0.007519,5954,166990,,,,,120,47,17,56,125584,75
600016,民生银行,货币金融服务,J66,2016-40,30/09/2016,-0.000533,5406,162161,,,,,96,34,15,47,91728,86
600016,民生银行,货币金融服务,J66,2016-42,14/10/2016,-0.00216,5630,185783,,,,,108,32,40,36,114228,82
600016,民生银行,货币金融服务,J66,2016-43,21/10/2016,0.005411,5556,169485,,,,,114,28,28,58,89298,340
600016,民生银行,货币金融服务,J66,2016-44,28/10/2016,0.002153,5610,169351,,,,,114,40,32,42,122074,122
600016,民生银行,货币金融服务,J66,2016-45,04/11/2016,-0.016112,5405,155490,,,,,173,59,35,79,171218,348
600016,民生银行,货币金融服务,J66,2016-46,11/11/2016,0.004367,5832,155326,,,,,117,29,32,56,108977,132
600016,民生银行,货币金融服务,J66,2016-47,18/11/2016,0,5169,154431,,,,,128,39,26,63,97625,131
600016,民生银行,货币金融服务,J66,2016-48,25/11/2016,0.022826,6675,145965,,,,,162,36,36,90,131059,170
600016,民生银行,货币金融服务,J66,2016-49,02/12/2016,0.002125,7695,156202,,,,,437,114,111,212,366221,365
600016,民生银行,货币金融服务,J66,2016-50,09/12/2016,0.030753,7459,193376,,,,,528,165,124,239,301775,900
600016,民生银行,货币金融服务,J66,2016-51,16/12/2016,-0.040123,8043,175383,,,,,428,89,107,232,397763,840
600016,民生银行,货币金融服务,J66,2016-52,23/12/2016,-0.018221,7490,163188,,,,,334,92,76,166,403207,476
600016,民生银行,货币金融服务,J66,2016-53,30/12/2016,-0.008734,6290,157226,,,,,235,52,67,116,174982,153
600018,上港集团,水上运输业,G55,2014-01,03/01/2014,-0.028409,5617,10124,,,,,165,49,44,72,272613,332
600018,上港集团,水上运输业,G55,2014-02,10/01/2014,-0.025341,14966,27855,21,52,4,136,529,160,155,214,867400,859
600018,上港集团,水上运输业,G55,2014-03,17/01/2014,-0.038,12188,22221,8,35,6,145,292,99,91,102,397852,445
600018,上港集团,水上运输业,G55,2014-04,24/01/2014,0.029106,11466,21083,,,,,129,43,40,46,241995,346
600018,上港集团,水上运输业,G55,2014-05,30/01/2014,0.00404,,,,,,,,,,,,
600018,上港集团,水上运输业,G55,2014-06,07/02/2014,-0.004024,4918,8839,,,,,41,19,7,15,75692,63
600018,上港集团,水上运输业,G55,2014-07,14/02/2014,0.060606,14980,26304,,,,,220,69,63,88,346765,666
600018,上港集团,水上运输业,G55,2014-08,21/02/2014,-0.04,13531,24238,,,,,219,71,65,83,405105,745
600018,上港集团,水上运输业,G55,2014-09,28/02/2014,-0.061508,11312,21226,,,,,171,64,47,60,370590,694
600018,上港集团,水上运输业,G55,2014-10,07/03/2014,-0.010571,10553,20398,,,,,207,77,51,79,421218,692
600018,上港集团,水上运输业,G55,2014-11,14/03/2014,-0.09188,10192,19899,,,,,313,92,103,118,382323,426
600018,上港集团,水上运输业,G55,2014-12,21/03/2014,0.023529,9943,19741,17,49,7,180,266,84,59,123,465260,909
600018,上港集团,水上运输业,G55,2014-13,28/03/2014,0.135632,17033,36444,88,86,20,361,623,221,132,270,1232902,1705
600018,上港集团,水上运输业,G55,2014-14,04/04/2014,-0.044534,12550,25244,,,,,225,64,75,86,391000,344
600018,上港集团,水上运输业,G55,2014-15,11/04/2014,0.004237,9881,19173,,,,,125,40,30,55,194392,158
600018,上港集团,水上运输业,G55,2014-16,18/04/2014,-0.021097,10206,19975,,,,,88,26,24,38,154543,187
600018,上港集团,水上运输业,G55,2014-17,25/04/2014,-0.040948,9842,18919,,,,,116,34,40,42,173782,187
600018,上港集团,水上运输业,G55,2014-18,30/04/2014,0.05618,,,,,,,,,,,,
600018,上港集团,水上运输业,G55,2014-19,09/05/2014,-0.042553,10454,20326,,,,,107,30,31,46,170112,157
600018,上港集团,水上运输业,G55,2014-20,16/05/2014,0.051111,9913,18893,,,,,75,34,12,29,163227,193
600018,上港集团,水上运输业,G55,2014-21,23/05/2014,-0.023256,9621,17702,,,,,87,30,23,34,201487,191
600018,上港集团,水上运输业,G55,2014-22,30/05/2014,-0.028139,9130,17086,22,46,6,181,130,33,46,51,205351,150
600018,上港集团,水上运输业,G55,2014-23,06/06/2014,0.006682,7322,13401,,,,,68,22,20,26,105553,68
600018,上港集团,水上运输业,G55,2014-24,13/06/2014,0.00885,9063,17540,,,,,116,39,27,50,396343,857
600018,上港集团,水上运输业,G55,2014-25,20/06/2014,-0.028509,8481,16386,,,,,59,14,18,27,228940,1693
600018,上港集团,水上运输业,G55,2014-26,27/06/2014,-0.002257,7632,14483,,,,,77,26,24,27,166391,231
600018,上港集团,水上运输业,G55,2014-27,04/07/2014,0.0181,8580,16424,,,,,114,46,29,39,664987,1754
600018,上港集团,水上运输业,G55,2014-28,11/07/2014,-0.004444,8052,15601,,,,,71,22,14,35,174285,280
600018,上港集团,水上运输业,G55,2014-29,18/07/2014,-0.013393,8214,15713,,,,,65,30,14,21,150514,183
600018,上港集团,水上运输业,G55,2014-30,25/07/2014,0.020362,7906,15596,,,,,94,45,16,33,180846,214
600018,上港集团,水上运输业,G55,2014-31,01/08/2014,0.030377,9923,19753,,,,,115,56,13,46,253657,235
600018,上港集团,水上运输业,G55,2014-32,08/08/2014,0.011062,9283,18104,,,,,141,59,30,52,273080,384
600018,上港集团,水上运输业,G55,2014-33,15/08/2014,0.015317,9691,19343,,,,,137,50,45,42,346895,518
600018,上港集团,水上运输业,G55,2014-34,22/08/2014,0.023707,9910,19618,,,,,154,55,43,56,272863,301
600018,上港集团,水上运输业,G55,2014-35,29/08/2014,-0.021053,9655,19345,55,72,22,393,183,71,37,75,373435,373
600018,上港集团,水上运输业,G55,2014-36,05/09/2014,0.139785,11760,23924,,,,,346,111,92,143,774552,806
600018,上港集团,水上运输业,G55,2014-47,21/11/2014,0.077358,26462,65048,36,171,7,401,1884,620,445,819,4481997,4486
600018,上港集团,水上运输业,G55,2014-48,28/11/2014,0.007005,21250,46304,,,,,903,240,264,399,1549497,1517
600018,上港集团,水上运输业,G55,2014-49,05/12/2014,0.083478,22780,48438,42,66,7,234,1009,260,313,436,1734892,2164
600018,上港集团,水上运输业,G55,2014-50,12/12/2014,0.019262,28852,64637,,,,,1024,293,276,455,1301558,2061
600018,上港集团,水上运输业,G55,2014-51,19/12/2014,0.114961,23111,50256,,,,,742,211,187,344,1582170,1845
600018,上港集团,水上运输业,G55,2014-52,26/12/2014,-0.070621,25345,56165,4,8,3,34,925,257,274,394,1824755,2157
600018,上港集团,水上运输业,G55,2014-53,31/12/2014,-0.024316,,,,,,,,,,,,
600018,上港集团,水上运输业,G55,2015-02,09/01/2015,0.02648,21860,46734,28,64,13,145,644,203,170,271,904790,939
600018,上港集团,水上运输业,G55,2015-03,16/01/2015,-0.036419,16319,34262,,,,,465,112,141,212,645071,581
600018,上港集团,水上运输业,G55,2015-04,23/01/2015,-0.011024,15881,36804,,,,,370,88,104,178,560960,627
600018,上港集团,水上运输业,G55,2015-05,30/01/2015,0.031847,17635,43427,,,,,468,145,113,210,822358,1102
600018,上港集团,水上运输业,G55,2015-06,06/02/2015,-0.029321,14652,33835,,,,,565,138,186,241,634790,912
600018,上港集团,水上运输业,G55,2015-07,13/02/2015,0.025437,12267,26560,,,,,364,114,84,166,447004,680
600018,上港集团,水上运输业,G55,2015-08,17/02/2015,0.015504,,,,,,,,,,,,
600018,上港集团,水上运输业,G55,2015-09,27/02/2015,0.022901,9259,20806,,,,,191,62,39,90,341295,913
600018,上港集团,水上运输业,G55,2015-10,06/03/2015,-0.028358,15432,36451,,,,,407,131,103,173,380881,1374
600018,上港集团,水上运输业,G55,2015-11,13/03/2015,0.046083,15550,36993,,,,,708,198,203,307,757572,1810
600018,上港集团,水上运输业,G55,2015-12,20/03/2015,0.073421,22761,54612,,,,,484,159,121,204,603687,1636
600018,上港集团,水上运输业,G55,2015-13,27/03/2015,0.046512,22996,59727,,,,,594,198,164,232,1230778,1776
600018,上港集团,水上运输业,G55,2015-14,03/04/2015,0.023529,21765,57763,66,128,20,379,484,167,125,192,928169,956
600018,上港集团,水上运输业,G55,2015-15,10/04/2015,-0.011494,18464,46611,,,,,483,106,145,232,969894,1070
600018,上港集团,水上运输业,G55,2015-16,17/04/2015,0.268734,31277,89184,,,,,936,262,213,461,2076829,2476
600018,上港集团,水上运输业,G55,2015-17,24/04/2015,0.072301,44787,143837,3,18,0,28,1308,366,351,591,3109002,3401
600018,上港集团,水上运输业,G55,2015-18,30/04/2015,-0.045584,,,,,,,,,,,,
600018,上港集团,水上运输业,G55,2015-19,08/05/2015,-0.092537,31568,105060,,,,,1278,259,415,604,2191041,3010
600018,上港集团,水上运输业,G55,2015-20,15/05/2015,-0.002851,27625,95680,,,,,974,216,312,446,1364227,1737
600018,上港集团,水上运输业,G55,2015-21,22/05/2015,0.107383,30268,101226,,,,,841,198,251,392,1246656,1567
600018,上港集团,水上运输业,G55,2015-22,29/05/2015,-0.063636,34287,115032,,,,,866,175,237,454,1918440,1660
600018,上港集团,水上运输业,G55,2015-23,05/06/2015,0.052859,27488,89338,,,,,695,160,159,376,1230069,1251
600018,上港集团,水上运输业,G55,2015-24,12/06/2015,0.056352,33776,104967,,,,,915,240,261,414,2103195,2641
600018,上港集团,水上运输业,G55,2015-25,19/06/2015,-0.121242,33256,102775,,,,,913,201,281,431,1760663,3162
600018,上港集团,水上运输业,G55,2015-26,26/06/2015,-0.083885,22742,68742,,,,,423,102,114,207,703505,881
600018,上港集团,水上运输业,G55,2015-27,03/07/2015,-0.287952,30202,93798,,,,,614,126,201,287,856000,1257
600018,上港集团,水上运输业,G55,2015-28,10/07/2015,0.514382,49345,167241,,,,,868,271,201,396,1636200,1854
600018,上港集团,水上运输业,G55,2015-29,17/07/2015,-0.060335,37005,121913,,,,,841,213,240,388,2035728,1976
600018,上港集团,水上运输业,G55,2015-30,24/07/2015,-0.011891,23109,71123,,,,,738,184,221,333,1096790,1448
600018,上港集团,水上运输业,G55,2015-31,31/07/2015,-0.135981,18284,54498,,,,,427,100,127,200,654723,760
600018,上港集团,水上运输业,G55,2015-32,07/08/2015,0.032033,15694,43835,,,,,302,80,81,141,575763,450
600018,上港集团,水上运输业,G55,2015-33,14/08/2015,0.083671,17745,51860,,,,,350,98,91,161,741026,656
600018,上港集团,水上运输业,G55,2015-34,21/08/2015,-0.139477,16193,49204,,,,,359,123,89,147,651427,649
600018,上港集团,水上运输业,G55,2015-35,28/08/2015,0.091172,26233,88786,28,9,11,119,965,270,251,444,1704766,2304
600018,上港集团,水上运输业,G55,2015-36,02/09/2015,0.017241,,,,,,,,,,,,
600018,上港集团,水上运输业,G55,2015-37,11/09/2015,-0.023468,14386,41387,,,,,555,162,190,203,665479,718
600018,上港集团,水上运输业,G55,2015-38,18/09/2015,-0.025367,12447,37910,,,,,384,125,122,137,580047,735
600018,上港集团,水上运输业,G55,2015-39,25/09/2015,-0.023288,10411,28169,,,,,362,98,132,132,466409,523
600018,上港集团,水上运输业,G55,2015-40,30/09/2015,-0.02244,,,,,,,,,,,,
600018,上港集团,水上运输业,G55,2015-41,09/10/2015,0.025825,5109,13128,,,,,115,31,41,43,172134,415
600018,上港集团,水上运输业,G55,2015-42,16/10/2015,0.064336,10266,26438,,,,,394,127,111,156,532693,447
600018,上港集团,水上运输业,G55,2015-43,23/10/2015,-0.027595,10179,28038,,,,,484,132,161,191,499070,595
600018,上港集团,水上运输业,G55,2015-44,30/10/2015,-0.035135,9293,24828,13,1,11,52,461,124,155,182,495881,367
600018,上港集团,水上运输业,G55,2015-45,06/11/2015,0.039216,9928,27459,,,,,471,116,133,222,522078,562
600018,上港集团,水上运输业,G55,2015-46,13/11/2015,0.002695,11313,29538,,,,,388,85,126,177,466095,346
600018,上港集团,水上运输业,G55,2015-47,20/11/2015,-0.008065,9493,23324,,,,,414,112,141,161,481940,442
600018,上港集团,水上运输业,G55,2015-48,27/11/2015,-0.079946,9107,23215,,,,,436,96,141,199,528003,525
600018,上港集团,水上运输业,G55,2015-49,04/12/2015,0.010309,9209,22944,,,,,305,71,89,145,359118,303
600018,上港集团,水上运输业,G55,2015-50,11/12/2015,-0.027697,8162,20205,,,,,283,59,95,129,573586,299
600018,上港集团,水上运输业,G55,2015-51,18/12/2015,0.023988,8203,20424,,,,,202,51,63,88,533720,209
600018,上港集团,水上运输业,G55,2015-52,25/12/2015,-0.020498,8724,20616,,,,,309,56,105,148,538086,272
600018,上港集团,水上运输业,G55,2015-53,31/12/2015,-0.03139,,,,,,,,,,,,
600018,上港集团,水上运输业,G55,2016-02,08/01/2016,-0.100309,9519,23480,,,,,182,38,64,80,576365,240
600018,上港集团,水上运输业,G55,2016-03,15/01/2016,-0.121784,8932,22195,,,,,160,33,49,78,656173,259
600018,上港集团,水上运输业,G55,2016-04,22/01/2016,0.033203,8813,22407,,,,,189,52,56,81,676908,378
600018,上港集团,水上运输业,G55,2016-05,29/01/2016,-0.117202,8361,20496,,,,,176,52,56,68,600302,196
600018,上港集团,水上运输业,G55,2016-06,05/02/2016,0.008565,7213,16612,,,,,80,26,28,26,605965,141
600018,上港集团,水上运输业,G55,2016-08,19/02/2016,0.027601,7654,18180,,,,,80,25,18,37,446443,93
600018,上港集团,水上运输业,G55,2016-09,26/02/2016,-0.020661,8115,19672,,,,,81,28,22,31,383346,116
600018,上港集团,水上运输业,G55,2016-10,04/03/2016,0.101266,7933,19963,,,,,121,40,28,53,460882,126
600018,上港集团,水上运输业,G55,2016-11,11/03/2016,-0.030651,8319,20512,,,,,102,42,22,38,374078,113
600018,上港集团,水上运输业,G55,2016-12,18/03/2016,0.01581,7670,18982,,,,,190,48,59,83,754011,331
600018,上港集团,水上运输业,G55,2016-13,25/03/2016,-0.007782,8039,18992,,,,,159,55,49,55,594729,200
600018,上港集团,水上运输业,G55,2016-14,01/04/2016,0.064706,8745,21907,,,,,254,102,55,97,1348907,507
600018,上港集团,水上运输业,G55,2016-15,08/04/2016,-0.040516,7383,19969,,,,,161,63,33,65,1083020,1088
600018,上港集团,水上运输业,G55,2016-16,15/04/2016,0.009597,7547,18574,,,,,149,48,42,59,759280,811
600018,上港集团,水上运输业,G55,2016-17,22/04/2016,-0.045627,6911,16287,,,,,130,36,37,57,534595,484
600018,上港集团,水上运输业,G55,2016-18,29/04/2016,-0.021912,6656,15115,,,,,1680,886,25,769,470799,234
600018,上港集团,水上运输业,G55,2016-19,06/05/2016,0.00611,5996,14141,,,,,1235,521,17,697,202562,150
600018,上港集团,水上运输业,G55,2016-20,13/05/2016,0.010121,7071,15869,,,,,755,156,21,578,322074,80
600018,上港集团,水上运输业,G55,2016-21,20/05/2016,0.02004,6920,15934,,,,,801,108,64,629,464732,113
600018,上港集团,水上运输业,G55,2016-22,27/05/2016,-0.003929,6850,16569,,,,,562,70,89,403,317992,193
600018,上港集团,水上运输业,G55,2016-23,03/06/2016,0.027613,6970,15798,,,,,568,35,17,516,304886,78
600018,上港集团,水上运输业,G55,2016-24,08/06/2016,-0.011516,,,,,,,,,,,,
600018,上港集团,水上运输业,G55,2016-25,17/06/2016,-0.023301,6555,14814,,,,,86,24,25,37,216161,124
600018,上港集团,水上运输业,G55,2016-26,24/06/2016,-0.011928,6129,13304,,,,,114,41,28,45,247689,143
600018,上港集团,水上运输业,G55,2016-27,01/07/2016,0.026157,6353,17074,,,,,94,31,25,38,113384,36
600018,上港集团,水上运输业,G55,2016-28,08/07/2016,0.029412,6742,15629,,,,,124,48,27,49,86473,57
600018,上港集团,水上运输业,G55,2016-29,15/07/2016,0.020952,7151,16403,,,,,122,44,25,53,151783,91
600018,上港集团,水上运输业,G55,2016-30,22/07/2016,0.004478,6713,16351,,,,,127,37,27,63,151741,104
600018,上港集团,水上运输业,G55,2016-31,29/07/2016,0.021033,7755,17264,,,,,139,49,39,51,192182,530
600018,上港集团,水上运输业,G55,2016-32,05/08/2016,0.007491,7601,16576,,,,,116,42,22,52,131726,201
600018,上港集团,水上运输业,G55,2016-33,12/08/2016,-0.022305,6711,14630,,,,,184,52,66,66,109036,124
600018,上港集团,水上运输业,G55,2016-34,19/08/2016,0.001901,6925,15094,,,,,213,37,68,108,122669,173
600018,上港集团,水上运输业,G55,2016-35,26/08/2016,-0.017078,6655,14645,,,,,111,32,34,45,96183,131
600018,上港集团,水上运输业,G55,2016-36,02/09/2016,0.005792,6291,13662,,,,,130,36,38,56,117009,116
600018,上港集团,水上运输业,G55,2016-37,09/09/2016,0.011516,6217,13567,,,,,168,47,37,84,131049,78
600018,上港集团,水上运输业,G55,2016-38,14/09/2016,0.001898,,,,,,,,,,,,
600018,上港集团,水上运输业,G55,2016-39,23/09/2016,-0.003788,6342,14131,,,,,98,38,18,42,84651,85
600018,上港集团,水上运输业,G55,2016-40,30/09/2016,-0.026616,5984,13509,,,,,190,63,36,91,132433,150
600018,上港集团,水上运输业,G55,2016-42,14/10/2016,0.011719,5958,12835,,,,,73,30,14,29,44626,26
600018,上港集团,水上运输业,G55,2016-43,21/10/2016,0.009653,5588,12665,,,,,110,40,23,47,72899,191
600018,上港集团,水上运输业,G55,2016-44,28/10/2016,-0.00956,5804,13975,,,,,94,43,10,41,87509,107
600018,上港集团,水上运输业,G55,2016-45,04/11/2016,-0.007722,5556,13537,,,,,142,55,29,58,92891,150
600018,上港集团,水上运输业,G55,2016-46,11/11/2016,0.015564,6065,13963,,,,,143,36,50,57,102875,164
600018,上港集团,水上运输业,G55,2016-47,18/11/2016,0.007663,6927,14928,,,,,346,84,78,184,188603,982
600018,上港集团,水上运输业,G55,2016-48,25/11/2016,0.007605,6370,13950,,,,,263,78,47,138,115304,856
600018,上港集团,水上运输业,G55,2016-49,02/12/2016,0.009434,6392,13916,,,,,449,134,95,220,245392,1309
600018,上港集团,水上运输业,G55,2016-50,09/12/2016,-0.024299,5589,12458,,,,,514,155,109,250,184721,3060
600018,上港集团,水上运输业,G55,2016-51,16/12/2016,-0.022989,5622,16129,,,,,451,105,123,223,163468,1231
600018,上港集团,水上运输业,G55,2016-52,23/12/2016,0.003922,5365,15670,,,,,341,100,76,165,141737,889
600018,上港集团,水上运输业,G55,2016-53,30/12/2016,0,4789,16300,,,,,358,98,75,185,135191,884
600028,中国石化,石油和天然气开采业,B07,2014-01,03/01/2014,-0.022321,3521,10990,7,44,7,154,303,117,74,112,307069,476
600028,中国石化,石油和天然气开采业,B07,2014-02,10/01/2014,0.009132,8778,27441,4,28,2,62,682,255,208,219,686157,1203
600028,中国石化,石油和天然气开采业,B07,2014-03,17/01/2014,0.054299,9114,27295,39,176,27,543,676,277,160,239,658616,1037
600028,中国石化,石油和天然气开采业,B07,2014-04,24/01/2014,-0.012876,8226,24979,14,30,2,115,423,154,104,165,410152,650
600028,中国石化,石油和天然气开采业,B07,2014-05,30/01/2014,-0.030435,,,,,,,,,,,,
600028,中国石化,石油和天然气开采业,B07,2014-06,07/02/2014,0.002242,3011,15022,,,,,92,33,29,30,91546,177
600028,中国石化,石油和天然气开采业,B07,2014-07,14/02/2014,0.013423,8614,25700,,,,,204,88,39,77,260547,335
600028,中国石化,石油和天然气开采业,B07,2014-08,21/02/2014,0.10596,14132,46481,54,203,13,494,1144,402,200,542,1363496,1948
600028,中国石化,石油和天然气开采业,B07,2014-09,28/02/2014,0.071856,16565,48772,,,,,1241,446,278,517,1314957,1776
600028,中国石化,石油和天然气开采业,B07,2014-10,07/03/2014,-0.003724,15047,43414,46,235,14,446,668,243,154,271,762400,809
600028,中国石化,石油和天然气开采业,B07,2014-11,14/03/2014,-0.071028,13564,39062,,,,,522,162,171,189,608846,710
600028,中国石化,石油和天然气开采业,B07,2014-12,21/03/2014,0.054326,11515,35647,,,,,486,179,120,187,718398,701
600028,中国石化,石油和天然气开采业,B07,2014-13,28/03/2014,-0.041985,11782,36626,146,330,55,927,519,196,125,198,696202,598
600028,中国石化,石油和天然气开采业,B07,2014-14,04/04/2014,0.003984,10473,31516,,,,,482,126,179,177,538744,621
600028,中国石化,石油和天然气开采业,B07,2014-15,11/04/2014,0.055556,10686,32600,26,84,8,252,283,119,73,91,409023,354
600028,中国石化,石油和天然气开采业,B07,2014-16,18/04/2014,-0.016917,11006,32539,,,,,304,117,93,94,378832,886
600028,中国石化,石油和天然气开采业,B07,2014-17,25/04/2014,-0.030593,10004,30872,31,64,25,227,351,137,110,104,377431,519
600028,中国石化,石油和天然气开采业,B07,2014-18,30/04/2014,-0.009862,,,,,,,,,,,,
600028,中国石化,石油和天然气开采业,B07,2014-19,09/05/2014,-0.011952,9670,29852,,,,,252,82,83,87,268532,488
600028,中国石化,石油和天然气开采业,B07,2014-20,16/05/2014,0.014113,9677,29831,,,,,304,99,111,94,345047,490
600028,中国石化,石油和天然气开采业,B07,2014-21,23/05/2014,0.015905,8832,28175,,,,,260,87,85,88,353371,531
600028,中国石化,石油和天然气开采业,B07,2014-22,30/05/2014,-0.001957,8732,27585,31,177,11,353,249,68,90,91,376091,530
600028,中国石化,石油和天然气开采业,B07,2014-23,06/06/2014,0.015686,7521,25778,,,,,234,70,77,87,299850,399
600028,中国石化,石油和天然气开采业,B07,2014-24,13/06/2014,0.019881,8376,26706,,,,,279,100,82,97,477593,586
600028,中国石化,石油和天然气开采业,B07,2014-25,20/06/2014,-0.007797,8857,27054,,,,,241,86,79,76,388755,381
600028,中国石化,石油和天然气开采业,B07,2014-26,27/06/2014,0.02947,8474,26944,12,52,4,118,194,80,48,66,338387,458
600028,中国石化,石油和天然气开采业,B07,2014-27,04/07/2014,-0.034351,9275,29439,64,255,14,511,235,87,65,83,473607,527
600028,中国石化,石油和天然气开采业,B07,2014-28,11/07/2014,-0.011858,8488,26937,,,,,179,63,52,64,237070,266
600028,中国石化,石油和天然气开采业,B07,2014-29,18/07/2014,-0.006,8692,30093,,,,,161,53,49,59,244681,261
600028,中国石化,石油和天然气开采业,B07,2014-30,25/07/2014,0.028169,9374,29668,22,9,2,60,203,82,49,72,324054,498
600028,中国石化,石油和天然气开采业,B07,2014-31,01/08/2014,0.011742,10449,34160,6,30,2,44,237,127,37,73,341000,408
600028,中国石化,石油和天然气开采业,B07,2014-32,08/08/2014,0.01354,9810,31575,,,,,213,103,39,71,330175,506
600028,中国石化,石油和天然气开采业,B07,2014-33,15/08/2014,0.005725,9715,31172,,,,,171,78,24,69,265710,357
600028,中国石化,石油和天然气开采业,B07,2014-34,22/08/2014,0.005693,9871,32153,,,,,216,88,40,88,404937,581
600028,中国石化,石油和天然气开采业,B07,2014-35,29/08/2014,0.043396,11079,35104,276,315,49,942,369,129,76,164,538705,604
600028,中国石化,石油和天然气开采业,B07,2014-36,05/09/2014,0.037975,11332,35359,,,,,153,61,26,66,283894,327
600028,中国石化,石油和天然气开采业,B07,2014-37,12/09/2014,-0.017422,8957,29857,,,,,218,77,48,93,521831,426
600028,中国石化,石油和天然气开采业,B07,2014-38,19/09/2014,-0.035461,13452,43522,65,202,19,559,559,215,124,220,979535,932
600028,中国石化,石油和天然气开采业,B07,2014-39,26/09/2014,-0.007353,11553,37113,,,,,292,111,73,108,507372,523
600028,中国石化,石油和天然气开采业,B07,2014-40,30/09/2014,-0.001883,,,,,,,,,,,,
600028,中国石化,石油和天然气开采业,B07,2014-41,10/10/2014,-0.00566,7381,28921,,,,,165,67,33,65,278401,327
600028,中国石化,石油和天然气开采业,B07,2014-42,17/10/2014,-0.02277,10979,36704,,,,,244,80,68,96,390149,600
600028,中国石化,石油和天然气开采业,B07,2014-43,24/10/2014,-0.019417,9897,34902,,,,,321,101,93,127,463447,850
600028,中国石化,石油和天然气开采业,B07,2014-44,31/10/2014,0.043564,10109,37182,115,185,37,540,321,129,73,119,587018,517
600028,中国石化,石油和天然气开采业,B07,2014-45,07/11/2014,-0.020873,9776,35895,11,24,10,99,298,111,69,118,520433,568
600028,中国石化,石油和天然气开采业,B07,2014-46,14/11/2014,0.015504,11142,37446,,,,,430,132,114,184,599568,668
600028,中国石化,石油和天然气开采业,B07,2014-47,21/11/2014,-0.022901,10392,35142,,,,,497,173,149,175,731731,940
600028,中国石化,石油和天然气开采业,B07,2014-48,28/11/2014,0.052734,14390,46239,,,,,678,240,140,298,1405241,1437
600028,中国石化,石油和天然气开采业,B07,2014-49,05/12/2014,0.217069,30524,106510,24,26,4,54,1182,379,254,549,2006204,2833
600028,中国石化,石油和天然气开采业,B07,2014-50,12/12/2014,-0.121951,38762,127440,,,,,1990,502,579,909,2883178,4560
600028,中国石化,石油和天然气开采业,B07,2014-51,19/12/2014,0.079861,32743,98452,,,,,1318,464,288,566,2271966,2997
600028,中国石化,石油和天然气开采业,B07,2014-52,26/12/2014,-0.008039,33020,99735,,,,,1456,445,406,605,2586270,3402
600028,中国石化,石油和天然气开采业,B07,2014-53,31/12/2014,0.051864,,,,,,,,,,,,
600028,中国石化,石油和天然气开采业,B07,2015-02,09/01/2015,0.03698,46792,151492,,,,,1876,569,451,856,3566359,4734
600028,中国石化,石油和天然气开采业,B07,2015-03,16/01/2015,0.029718,33707,102763,,,,,1136,394,291,451,2258437,3136
600028,中国石化,石油和天然气开采业,B07,2015-04,23/01/2015,-0.047619,34173,103228,24,8,5,64,1111,306,330,475,2016189,2527
600028,中国石化,石油和天然气开采业,B07,2015-05,30/01/2015,-0.086364,29369,90619,22,41,7,124,1663,425,539,699,2943646,4507
600028,中国石化,石油和天然气开采业,B07,2015-06,06/02/2015,-0.056385,32232,93448,,,,,2171,582,665,924,3193525,4568
600028,中国石化,石油和天然气开采业,B07,2015-07,13/02/2015,0.026362,30570,86815,,,,,1517,476,372,669,2547705,3805
600028,中国石化,石油和天然气开采业,B07,2015-08,17/02/2015,0.008562,,,,,,,,,,,,
600028,中国石化,石油和天然气开采业,B07,2015-09,27/02/2015,0.073005,33044,96205,,,,,1624,608,283,733,3181323,5377
600028,中国石化,石油和天然气开采业,B07,2015-10,06/03/2015,-0.056962,42116,122398,8,14,3,25,1699,558,363,778,1961841,5053
600028,中国石化,石油和天然气开采业,B07,2015-11,13/03/2015,0.035235,38945,104369,7,35,4,73,1473,426,380,667,1155365,3290
600028,中国石化,石油和天然气开采业,B07,2015-12,20/03/2015,0.038898,46186,125392,,,,,2087,664,464,959,3259170,5506
600028,中国石化,石油和天然气开采业,B07,2015-13,27/03/2015,-0.00624,50306,139299,109,219,73,692,2444,702,621,1121,4567969,6181
600028,中国石化,石油和天然气开采业,B07,2015-14,03/04/2015,0.012559,45093,123248,,,,,2249,676,634,939,3737265,6969
600028,中国石化,石油和天然气开采业,B07,2015-15,10/04/2015,0.04031,43957,125179,,,,,1874,676,394,804,3881658,5615
600028,中国石化,石油和天然气开采业,B07,2015-16,17/04/2015,0.09389,59910,172175,80,273,18,422,2681,958,550,1173,4920542,6230
600028,中国石化,石油和天然气开采业,B07,2015-17,24/04/2015,0.059946,70068,225069,,,,,2856,1055,518,1283,4830076,5119
600028,中国石化,石油和天然气开采业,B07,2015-18,30/04/2015,0.043702,,,,,,,,,,,,
600028,中国石化,石油和天然气开采业,B07,2015-19,08/05/2015,-0.066502,81613,318676,33,62,13,222,3469,1078,879,1512,5742052,9712
600028,中国石化,石油和天然气开采业,B07,2015-20,15/05/2015,-0.03562,67388,248096,4,11,1,70,3565,868,1039,1658,4371223,7088
600028,中国石化,石油和天然气开采业,B07,2015-21,22/05/2015,0.045144,62860,220319,,,,,3050,861,829,1360,3592064,5727
600028,中国石化,石油和天然气开采业,B07,2015-22,29/05/2015,-0.056283,79734,281575,42,103,17,367,3048,831,831,1386,5261781,8038
600028,中国石化,石油和天然气开采业,B07,2015-23,05/06/2015,0.07767,70272,228753,,,,,3048,913,821,1314,4055911,6266
600028,中国石化,石油和天然气开采业,B07,2015-24,12/06/2015,0.016731,69944,221916,,,,,2864,869,835,1160,3616287,5016
600028,中国石化,石油和天然气开采业,B07,2015-25,19/06/2015,-0.121519,58877,184205,,,,,3214,873,936,1405,4230432,9157
600028,中国石化,石油和天然气开采业,B07,2015-26,26/06/2015,-0.023426,49629,155274,,,,,1952,580,579,793,2461015,3589
600028,中国石化,石油和天然气开采业,B07,2015-27,03/07/2015,0.011994,71539,270104,,,,,2509,735,700,1074,2476889,3645
600028,中国石化,石油和天然气开采业,B07,2015-28,10/07/2015,0.088889,92609,421489,41,106,9,264,3454,980,807,1667,4017806,6155
600028,中国石化,石油和天然气开采业,B07,2015-29,17/07/2015,-0.036735,65940,245283,1,5,0,60,2961,765,926,1270,4539879,5346
600028,中国石化,石油和天然气开采业,B07,2015-30,24/07/2015,-0.012712,50028,172168,,,,,2735,717,837,1181,3778051,6364
600028,中国石化,石油和天然气开采业,B07,2015-31,31/07/2015,-0.141631,45132,160981,4,3,1,62,2266,531,724,1011,2742816,3152
600028,中国石化,石油和天然气开采业,B07,2015-32,07/08/2015,-0.025,40607,132238,,,,,1842,467,634,741,2310012,2970
600028,中国石化,石油和天然气开采业,B07,2015-33,14/08/2015,0.037607,37656,121218,,,,,1413,384,450,579,1937428,2289
600028,中国石化,石油和天然气开采业,B07,2015-34,21/08/2015,-0.097199,36167,120821,,,,,2105,553,690,862,2706468,3749
600028,中国石化,石油和天然气开采业,B07,2015-35,28/08/2015,-0.082117,44267,163952,68,83,27,437,2294,592,727,975,3019926,4065
600028,中国石化,石油和天然气开采业,B07,2015-36,02/09/2015,-0.027833,,,,,,,,,,,,
600028,中国石化,石油和天然气开采业,B07,2015-37,11/09/2015,0.026585,28609,96952,,,,,1376,374,440,562,1847356,2372
600028,中国石化,石油和天然气开采业,B07,2015-38,18/09/2015,-0.013944,25882,89064,,,,,1793,506,616,671,2233194,3348
600028,中国石化,石油和天然气开采业,B07,2015-39,25/09/2015,0.00202,22215,73645,,,,,1415,397,511,507,1542067,1709
600028,中国石化,石油和天然气开采业,B07,2015-40,30/09/2015,-0.026694,,,,,,,,,,,,
600028,中国石化,石油和天然气开采业,B07,2015-41,09/10/2015,0.061181,12855,48322,,,,,444,163,85,196,828087,1280
600028,中国石化,石油和天然气开采业,B07,2015-42,16/10/2015,0.035785,22473,77655,,,,,1170,369,384,417,1379340,1738
600028,中国石化,石油和天然气开采业,B07,2015-43,23/10/2015,-0.015355,21210,72254,,,,,1306,403,371,532,1197303,1975
600028,中国石化,石油和天然气开采业,B07,2015-44,30/10/2015,-0.019493,18601,65191,35,29,18,133,1107,376,336,395,1268514,2165
600028,中国石化,石油和天然气开采业,B07,2015-45,06/11/2015,0.045726,20148,68024,13,40,3,78,1238,353,443,442,1131885,1743
600028,中国石化,石油和天然气开采业,B07,2015-46,13/11/2015,-0.01711,21137,68409,,,,,1096,360,351,385,1212724,1919
600028,中国石化,石油和天然气开采业,B07,2015-47,20/11/2015,0,17949,60995,,,,,916,284,268,364,994738,1658
600028,中国石化,石油和天然气开采业,B07,2015-48,27/11/2015,-0.052224,16850,56914,,,,,1029,310,321,398,892162,1590
600028,中国石化,石油和天然气开采业,B07,2015-49,04/12/2015,0.026531,17319,61021,,,,,891,294,308,289,782763,1428
600028,中国石化,石油和天然气开采业,B07,2015-50,11/12/2015,-0.039761,15659,55712,,,,,1045,320,339,386,1572760,1455
600028,中国石化,石油和天然气开采业,B07,2015-51,18/12/2015,0.035197,17587,61160,,,,,994,323,266,405,1632905,1538
600028,中国石化,石油和天然气开采业,B07,2015-52,25/12/2015,0.006,16789,56810,,,,,1084,366,319,399,1410548,1413
600028,中国石化,石油和天然气开采业,B07,2015-53,31/12/2015,-0.013917,,,,,,,,,,,,
600028,中国石化,石油和天然气开采业,B07,2016-02,08/01/2016,-0.038306,18643,64268,,,,,1014,334,301,379,1746446,1496
600028,中国石化,石油和天然气开采业,B07,2016-03,15/01/2016,-0.06499,17800,62856,,,,,1067,293,268,506,1878641,2420
600028,中国石化,石油和天然气开采业,B07,2016-04,22/01/2016,0.002242,16348,57847,,,,,875,263,213,399,1640841,2371
600028,中国石化,石油和天然气开采业,B07,2016-05,29/01/2016,-0.020134,16723,62927,,,,,1074,297,292,485,2383869,3155
600028,中国石化,石油和天然气开采业,B07,2016-06,05/02/2016,-0.009132,13002,48128,,,,,754,178,277,299,1906335,2485
600028,中国石化,石油和天然气开采业,B07,2016-08,19/02/2016,0.013825,14373,49128,,,,,471,131,124,216,1398375,1399
600028,中国石化,石油和天然气开采业,B07,2016-09,26/02/2016,-0.009091,14313,49306,,,,,394,144,89,161,1102613,570
600028,中国石化,石油和天然气开采业,B07,2016-10,04/03/2016,0.075688,14878,52611,,,,,484,167,104,213,1422542,997
600028,中国石化,石油和天然气开采业,B07,2016-11,11/03/2016,-0.023454,14529,50833,,,,,419,123,109,187,1064379,1325
600028,中国石化,石油和天然气开采业,B07,2016-12,18/03/2016,0.024017,13548,46980,,,,,414,183,75,156,1117011,2278
600028,中国石化,石油和天然气开采业,B07,2016-13,25/03/2016,-0.031983,13104,46066,,,,,643,168,181,294,1299572,1603
600028,中国石化,石油和天然气开采业,B07,2016-14,01/04/2016,0.079295,14773,52037,,,,,655,254,117,284,2216731,1974
600028,中国石化,石油和天然气开采业,B07,2016-15,08/04/2016,-0.006122,13580,47961,,,,,477,190,89,198,1438724,1105
600028,中国石化,石油和天然气开采业,B07,2016-16,15/04/2016,0.028747,14809,49817,,,,,434,212,74,148,861686,873
600028,中国石化,石油和天然气开采业,B07,2016-17,22/04/2016,-0.021956,12514,42290,,,,,480,231,86,163,1089485,1621
600028,中国石化,石油和天然气开采业,B07,2016-18,29/04/2016,-0.006122,12461,44149,,,,,1917,908,53,956,876280,655
600028,中国石化,石油和天然气开采业,B07,2016-19,06/05/2016,-0.030801,10723,39771,,,,,1626,586,149,891,726809,620
600028,中国石化,石油和天然气开采业,B07,2016-20,13/05/2016,-0.016949,11327,43425,,,,,1102,278,127,697,528083,555
600028,中国石化,石油和天然气开采业,B07,2016-21,20/05/2016,0.012931,11035,40844,,,,,1153,247,132,774,768800,500
600028,中国石化,石油和天然气开采业,B07,2016-22,27/05/2016,0.008511,10419,40948,,,,,950,263,142,545,881563,603
600028,中国石化,石油和天然气开采业,B07,2016-23,03/06/2016,0.014768,10528,42192,,,,,1024,315,78,631,1001526,827
600028,中国石化,石油和天然气开采业,B07,2016-24,08/06/2016,0.008316,,,,,,,,,,,,
600028,中国石化,石油和天然气开采业,B07,2016-25,17/06/2016,-0.030928,9901,38099,,,,,351,137,83,131,710292,675
600028,中国石化,石油和天然气开采业,B07,2016-26,24/06/2016,-0.008511,9351,36630,,,,,486,203,87,196,763837,972
600028,中国石化,石油和天然气开采业,B07,2016-27,01/07/2016,0.021739,9728,37734,,,,,487,177,110,200,559357,1444
600028,中国石化,石油和天然气开采业,B07,2016-28,08/07/2016,0.010638,9855,37892,,,,,413,144,73,196,372842,782
600028,中国石化,石油和天然气开采业,B07,2016-29,15/07/2016,0.027368,10449,39584,,,,,442,206,88,148,348103,905
600028,中国石化,石油和天然气开采业,B07,2016-30,22/07/2016,-0.014344,8724,37370,,,,,351,133,70,148,364618,794
600028,中国石化,石油和天然气开采业,B07,2016-31,29/07/2016,-0.004158,8278,36817,,,,,332,111,83,138,294422,353
600028,中国石化,石油和天然气开采业,B07,2016-32,05/08/2016,0.004175,7879,36740,,,,,336,89,73,174,279395,330
600028,中国石化,石油和天然气开采业,B07,2016-33,12/08/2016,0.022869,8380,36379,,,,,255,105,47,103,209806,227
600028,中国石化,石油和天然气开采业,B07,2016-34,19/08/2016,0.012195,10030,40158,,,,,216,87,42,87,205527,383
600028,中国石化,石油和天然气开采业,B07,2016-35,26/08/2016,-0.006024,8121,35320,,,,,234,67,63,104,389363,356
600028,中国石化,石油和天然气开采业,B07,2016-36,02/09/2016,0.006061,8457,38036,,,,,285,100,59,126,258158,271
600028,中国石化,石油和天然气开采业,B07,2016-37,09/09/2016,0,7962,35011,,,,,307,97,50,160,176918,157
600028,中国石化,石油和天然气开采业,B07,2016-38,14/09/2016,-0.024096,,,,,,,,,,,,
600028,中国石化,石油和天然气开采业,B07,2016-39,23/09/2016,0.014198,8005,34904,,,,,199,74,37,88,185263,229
600028,中国石化,石油和天然气开采业,B07,2016-40,30/09/2016,0.002062,7540,33614,,,,,189,64,38,87,130349,317
600028,中国石化,石油和天然气开采业,B07,2016-42,14/10/2016,0.016461,7967,36000,,,,,176,63,31,82,147401,334
600028,中国石化,石油和天然气开采业,B07,2016-43,21/10/2016,0.01417,7851,35978,,,,,195,74,28,93,191172,261
600028,中国石化,石油和天然气开采业,B07,2016-44,28/10/2016,0,8475,36272,,,,,211,85,44,82,219995,251
600028,中国石化,石油和天然气开采业,B07,2016-45,04/11/2016,-0.013972,7370,33894,,,,,188,55,40,93,132400,189
600028,中国石化,石油和天然气开采业,B07,2016-46,11/11/2016,0.01417,7650,37211,,,,,140,53,25,62,97803,163
600028,中国石化,石油和天然气开采业,B07,2016-47,18/11/2016,-0.00998,7862,36797,,,,,249,72,45,132,180984,441
600028,中国石化,石油和天然气开采业,B07,2016-48,25/11/2016,0.028226,9167,39996,,,,,258,78,48,132,171198,640
600028,中国石化,石油和天然气开采业,B07,2016-49,02/12/2016,0.078431,12285,52545,,,,,829,249,143,437,495953,1045
600028,中国石化,石油和天然气开采业,B07,2016-50,09/12/2016,-0.016364,11880,48403,,,,,532,156,113,263,291137,952
600028,中国石化,石油和天然气开采业,B07,2016-51,16/12/2016,0.018484,13581,56655,,,,,672,229,135,308,499187,1286
600028,中国石化,石油和天然气开采业,B07,2016-52,23/12/2016,0.023593,12350,50419,,,,,604,187,133,284,324773,774
600028,中国石化,石油和天然气开采业,B07,2016-53,30/12/2016,-0.04078,10079,45397,,,,,393,99,116,178,183908,382
600029,南方航空,航空运输业,G56,2014-01,03/01/2014,-0.018182,2417,47554,,,,,58,13,16,29,94637,131
600029,南方航空,航空运输业,G56,2014-02,10/01/2014,-0.048148,6054,134239,,,,,109,32,34,43,153915,210
600029,南方航空,航空运输业,G56,2014-03,17/01/2014,-0.003891,5547,105825,8,39,9,152,139,47,38,54,180098,327
600029,南方航空,航空运输业,G56,2014-04,24/01/2014,0.046875,5909,102821,11,11,6,56,115,39,31,45,193577,329
600029,南方航空,航空运输业,G56,2014-05,30/01/2014,-0.018657,,,,,,,,,,,,
600029,南方航空,航空运输业,G56,2014-06,07/02/2014,0,2305,74818,,,,,41,12,21,8,66380,110
600029,南方航空,航空运输业,G56,2014-07,14/02/2014,0.034221,6866,81196,,,,,91,26,24,41,130234,243
600029,南方航空,航空运输业,G56,2014-08,21/02/2014,-0.025735,7546,76718,7,10,4,49,124,40,28,56,200363,405
600029,南方航空,航空运输业,G56,2014-09,28/02/2014,-0.022642,6029,67537,,,,,116,31,33,52,175904,352
600029,南方航空,航空运输业,G56,2014-10,07/03/2014,-0.003861,5726,63876,,,,,187,45,75,67,325163,454
600029,南方航空,航空运输业,G56,2014-11,14/03/2014,-0.034884,7105,83719,24,13,7,101,154,35,54,65,247693,252
600029,南方航空,航空运输业,G56,2014-12,21/03/2014,0.024096,5917,71355,,,,,55,12,22,21,148121,218
600029,南方航空,航空运输业,G56,2014-13,28/03/2014,-0.015686,6074,73741,,,,,93,17,37,39,226459,198
600029,南方航空,航空运输业,G56,2014-14,04/04/2014,0.011952,5478,77264,39,75,28,328,67,18,19,30,201315,166
600029,南方航空,航空运输业,G56,2014-15,11/04/2014,0.011811,5616,65163,,,,,59,12,24,23,146031,191
600029,南方航空,航空运输业,G56,2014-16,18/04/2014,-0.023346,5755,74496,,,,,72,14,28,30,140231,148
600029,南方航空,航空运输业,G56,2014-17,25/04/2014,-0.035857,5183,82152,5,6,8,47,77,12,34,31,185726,184
600029,南方航空,航空运输业,G56,2014-18,30/04/2014,-0.008264,,,,,,,,,,,,
600029,南方航空,航空运输业,G56,2014-19,09/05/2014,-0.016667,4948,81173,,,,,63,12,25,26,169747,241
600029,南方航空,航空运输业,G56,2014-20,16/05/2014,-0.004237,5817,76684,8,5,6,47,100,22,33,45,395591,695
600029,南方航空,航空运输业,G56,2014-21,23/05/2014,0,4976,82672,,,,,65,13,25,27,262716,248
600029,南方航空,航空运输业,G56,2014-22,30/05/2014,-0.004255,4370,70301,,,,,55,14,17,24,194799,213
600029,南方航空,航空运输业,G56,2014-23,06/06/2014,-0.017094,3911,65474,,,,,74,11,25,38,221636,345
600029,南方航空,航空运输业,G56,2014-24,13/06/2014,0.013043,4582,75508,,,,,68,24,22,22,139368,167
600029,南方航空,航空运输业,G56,2014-25,20/06/2014,-0.030043,4435,79666,9,8,2,47,79,14,30,35,201357,286
600029,南方航空,航空运输业,G56,2014-26,27/06/2014,0.026549,4539,80228,,,,,87,30,26,31,189169,273
600029,南方航空,航空运输业,G56,2014-27,04/07/2014,0.012931,4940,83128,,,,,95,32,25,38,162104,231
600029,南方航空,航空运输业,G56,2014-28,11/07/2014,-0.012766,4280,81166,,,,,72,14,26,32,134534,189
600029,南方航空,航空运输业,G56,2014-29,18/07/2014,0.017241,5333,88292,10,6,9,53,107,24,35,48,190752,228
600029,南方航空,航空运输业,G56,2014-30,25/07/2014,0.025424,5545,92710,,,,,148,29,41,78,250155,201
600029,南方航空,航空运输业,G56,2014-31,01/08/2014,0.033058,7627,86676,,,,,136,27,29,80,195080,233
600029,南方航空,航空运输业,G56,2014-32,08/08/2014,0.020325,7331,85999,,,,,83,22,11,50,159504,165
600029,南方航空,航空运输业,G56,2014-33,15/08/2014,-0.003984,6723,88372,,,,,100,28,35,37,198341,167
600029,南方航空,航空运输业,G56,2014-34,22/08/2014,0.004,6524,87265,12,5,2,47,121,30,37,54,175750,250
600029,南方航空,航空运输业,G56,2014-35,29/08/2014,-0.003984,7294,88186,,,,,145,31,48,66,296013,290
600029,南方航空,航空运输业,G56,2014-36,05/09/2014,0.052,7976,90160,33,30,11,174,206,53,64,89,347446,362
600029,南方航空,航空运输业,G56,2014-37,12/09/2014,0.038023,7041,88810,,,,,109,29,35,45,243096,246
600029,南方航空,航空运输业,G56,2014-38,19/09/2014,0.069597,10820,111063,,,,,146,33,48,65,441616,494
600029,南方航空,航空运输业,G56,2014-39,26/09/2014,0.020548,8570,103205,10,11,6,55,65,19,16,30,131394,133
600029,南方航空,航空运输业,G56,2014-40,30/09/2014,0,,,,,,,,,,,,
600029,南方航空,航空运输业,G56,2014-41,10/10/2014,-0.010067,6012,74536,,,,,98,21,39,38,162814,165
600029,南方航空,航空运输业,G56,2014-42,17/10/2014,0.010169,9581,88373,8,16,5,60,246,51,77,118,470790,586
600029,南方航空,航空运输业,G56,2014-43,24/10/2014,-0.057047,8086,90365,,,,,90,21,23,46,180401,217
600029,南方航空,航空运输业,G56,2014-44,31/10/2014,0.124555,9991,98108,33,76,14,201,224,47,52,125,343464,403
600029,南方航空,航空运输业,G56,2014-45,07/11/2014,0.088608,11875,102393,,,,,235,43,73,119,387894,363
600029,南方航空,航空运输业,G56,2014-46,14/11/2014,0.05814,11592,104969,11,17,3,62,296,58,105,133,489317,666
600029,南方航空,航空运输业,G56,2014-47,21/11/2014,-0.035714,11365,102961,20,29,5,113,269,74,63,132,473736,464
600029,南方航空,航空运输业,G56,2014-48,28/11/2014,0.179487,14155,109352,22,61,19,221,478,109,133,236,851430,818
600029,南方航空,航空运输业,G56,2014-49,05/12/2014,0.171498,23345,152475,,,,,690,194,159,337,1452552,1704
600029,南方航空,航空运输业,G56,2014-50,12/12/2014,0.127835,23825,160942,,,,,853,167,225,461,1361357,1887
600029,南方航空,航空运输业,G56,2014-51,19/12/2014,0.084095,22495,162400,28,116,5,151,756,169,210,377,1534581,1354
600029,南方航空,航空运输业,G56,2014-52,26/12/2014,-0.104553,21611,147774,,,,,907,190,248,469,1341403,1874
600029,南方航空,航空运输业,G56,2014-53,31/12/2014,-0.028249,,,,,,,,,,,,
600029,南方航空,航空运输业,G56,2015-02,09/01/2015,0.062016,22057,165379,,,,,663,141,186,336,1247464,1327
600029,南方航空,航空运输业,G56,2015-03,16/01/2015,-0.010949,17068,133134,10,39,9,177,655,119,198,338,1037065,1226
600029,南方航空,航空运输业,G56,2015-04,23/01/2015,-0.02952,15807,122906,,,,,492,102,132,258,815357,1199
600029,南方航空,航空运输业,G56,2015-05,30/01/2015,-0.051331,14374,116966,,,,,425,88,121,216,667433,1031
600029,南方航空,航空运输业,G56,2015-06,06/02/2015,-0.102204,12748,119738,14,24,2,40,454,97,125,232,718701,939
600029,南方航空,航空运输业,G56,2015-07,13/02/2015,0.055804,12083,116102,,,,,235,62,58,115,397997,523
600029,南方航空,航空运输业,G56,2015-08,17/02/2015,0.071882,,,,,,,,,,,,
600029,南方航空,航空运输业,G56,2015-09,27/02/2015,0.023669,9594,108364,,,,,148,48,25,75,348612,727
600029,南方航空,航空运输业,G56,2015-10,06/03/2015,-0.05395,13163,135389,,,,,225,67,50,108,288453,557
600029,南方航空,航空运输业,G56,2015-11,13/03/2015,0.315682,18187,134006,19,68,7,110,691,200,148,343,541244,1508
600029,南方航空,航空运输业,G56,2015-12,20/03/2015,0.218266,34557,211408,10,27,3,46,1341,364,330,647,1842622,4024
600029,南方航空,航空运输业,G56,2015-13,27/03/2015,-0.010165,24785,165623,,,,,1007,261,281,465,2037268,3288
600029,南方航空,航空运输业,G56,2015-14,03/04/2015,0.06932,22718,161889,50,97,24,224,727,192,179,356,1883172,2442
600029,南方航空,航空运输业,G56,2015-15,10/04/2015,0.165666,26652,170158,,,,,893,253,190,450,2423562,3336
600029,南方航空,航空运输业,G56,2015-16,17/04/2015,0.023687,28722,193084,38,77,6,174,1297,305,340,652,3560585,4833
600029,南方航空,航空运输业,G56,2015-17,24/04/2015,0.089537,32736,217157,29,86,12,180,1244,364,279,601,2999970,3756
600029,南方航空,航空运输业,G56,2015-18,30/04/2015,-0.004617,,,,,,,,,,,,
600029,南方航空,航空运输业,G56,2015-19,08/05/2015,-0.125232,23536,177072,,,,,1079,235,296,548,1997112,3520
600029,南方航空,航空运输业,G56,2015-20,15/05/2015,-0.049841,21290,163941,14,65,14,222,784,150,244,390,1502033,2454
600029,南方航空,航空运输业,G56,2015-21,22/05/2015,0.110491,22031,183590,16,6,4,53,657,157,197,303,879325,1429
600029,南方航空,航空运输业,G56,2015-22,29/05/2015,-0.001005,25861,186924,,,,,629,157,158,314,1579352,1610
600029,南方航空,航空运输业,G56,2015-23,05/06/2015,0.076459,20403,165337,,,,,630,153,196,281,848086,938
600029,南方航空,航空运输业,G56,2015-24,12/06/2015,0.160748,27190,212741,8,12,0,20,818,184,218,416,1806898,2059
600029,南方航空,航空运输业,G56,2015-25,19/06/2015,0.114332,27319,217123,,,,,817,196,186,435,1554324,2142
600029,南方航空,航空运输业,G56,2015-26,26/06/2015,-0.007225,26105,217639,,,,,1055,242,276,537,1832758,2465
600029,南方航空,航空运输业,G56,2015-27,03/07/2015,-0.22853,36606,273986,,,,,1352,279,426,647,1908173,2780
600029,南方航空,航空运输业,G56,2015-28,10/07/2015,0.007547,30247,249102,31,20,8,104,955,195,303,457,1922240,2846
600029,南方航空,航空运输业,G56,2015-29,17/07/2015,0.11985,28418,231394,12,4,0,42,448,89,138,221,1166191,1050
600029,南方航空,航空运输业,G56,2015-30,24/07/2015,0.152174,29615,243840,,,,,993,233,260,500,1881936,2271
600029,南方航空,航空运输业,G56,2015-31,31/07/2015,-0.151669,24648,209702,,,,,603,120,196,287,1231308,1206
600029,南方航空,航空运输业,G56,2015-32,07/08/2015,0.05988,22422,194902,,,,,448,100,124,224,1050713,1408
600029,南方航空,航空运输业,G56,2015-33,14/08/2015,-0.054251,30677,238215,,,,,1269,223,382,664,3316600,2735
600029,南方航空,航空运输业,G56,2015-34,21/08/2015,-0.155822,28036,216436,,,,,1311,221,427,663,2684708,2352
600029,南方航空,航空运输业,G56,2015-35,28/08/2015,-0.169371,20775,173762,,,,,908,168,282,458,1675334,1766
600029,南方航空,航空运输业,G56,2015-36,02/09/2015,-0.001221,,,,,,,,,,,,
600029,南方航空,航空运输业,G56,2015-37,11/09/2015,0.007335,14374,139853,,,,,630,122,180,328,993417,1127
600029,南方航空,航空运输业,G56,2015-38,18/09/2015,-0.084951,12458,127050,,,,,533,96,177,260,772368,811
600029,南方航空,航空运输业,G56,2015-39,25/09/2015,-0.003979,11319,120283,,,,,533,115,165,253,719855,513
600029,南方航空,航空运输业,G56,2015-40,30/09/2015,-0.002663,,,,,,,,,,,,
600029,南方航空,航空运输业,G56,2015-41,09/10/2015,0.050734,5656,80875,,,,,209,36,71,102,347744,362
600029,南方航空,航空运输业,G56,2015-42,16/10/2015,0.110546,12488,111862,98,103,22,299,525,120,147,258,782773,1185
600029,南方航空,航空运输业,G56,2015-43,23/10/2015,0.016018,15748,128600,,,,,959,235,227,497,1484150,2618
600029,南方航空,航空运输业,G56,2015-44,30/10/2015,-0.047297,13542,156320,,,,,648,157,184,307,858429,1223
600029,南方航空,航空运输业,G56,2015-45,06/11/2015,0.056738,13977,119283,96,77,25,334,861,206,221,434,1251626,1601
600029,南方航空,航空运输业,G56,2015-46,13/11/2015,0.035794,15404,125464,,,,,556,161,142,253,985775,1108
600029,南方航空,航空运输业,G56,2015-47,20/11/2015,-0.035637,13914,116715,16,3,5,42,610,102,162,346,939199,966
600029,南方航空,航空运输业,G56,2015-48,27/11/2015,-0.119821,11573,118700,,,,,655,95,243,317,736312,967
600029,南方航空,航空运输业,G56,2015-49,04/12/2015,0.016539,11288,124150,,,,,573,111,188,274,565972,711
600029,南方航空,航空运输业,G56,2015-50,11/12/2015,-0.033792,11064,118374,,,,,689,122,229,338,1476519,964
600029,南方航空,航空运输业,G56,2015-51,18/12/2015,0.13342,11864,122092,,,,,796,177,211,408,2055249,1374
600029,南方航空,航空运输业,G56,2015-52,25/12/2015,0.001143,14333,128153,17,3,4,42,687,187,181,319,1779427,1773
600029,南方航空,航空运输业,G56,2015-53,31/12/2015,-0.021689,,,,,,,,,,,,
600029,南方航空,航空运输业,G56,2016-02,08/01/2016,-0.10035,10806,125231,,,,,335,61,90,184,973893,453
600029,南方航空,航空运输业,G56,2016-03,15/01/2016,-0.079118,11450,137587,,,,,572,121,162,289,1598283,1532
600029,南方航空,航空运输业,G56,2016-04,22/01/2016,0.046479,10433,129521,,,,,358,79,122,157,768385,886
600029,南方航空,航空运输业,G56,2016-05,29/01/2016,-0.149394,9750,125431,,,,,288,44,113,131,1021404,461
600029,南方航空,航空运输业,G56,2016-06,05/02/2016,0.053797,7922,109155,,,,,232,42,70,120,1998144,760
600029,南方航空,航空运输业,G56,2016-08,19/02/2016,0.007508,8913,120570,,,,,313,59,115,139,757151,220
600029,南方航空,航空运输业,G56,2016-09,26/02/2016,-0.081967,8783,110976,,,,,268,41,98,129,901563,378
600029,南方航空,航空运输业,G56,2016-10,04/03/2016,0.011364,8692,119181,,,,,250,47,93,110,1086316,329
600029,南方航空,航空运输业,G56,2016-11,11/03/2016,-0.040128,7707,105452,,,,,244,41,101,102,793011,352
600029,南方航空,航空运输业,G56,2016-12,18/03/2016,0.056856,7777,105840,,,,,246,46,78,122,764573,261
600029,南方航空,航空运输业,G56,2016-13,25/03/2016,-0.001582,8936,117841,,,,,225,41,73,111,940960,417
600029,南方航空,航空运输业,G56,2016-14,01/04/2016,0.011094,8665,113025,,,,,322,52,122,148,1491528,517
600029,南方航空,航空运输业,G56,2016-15,08/04/2016,-0.009404,7159,97038,,,,,186,33,60,93,688689,240
600029,南方航空,航空运输业,G56,2016-16,15/04/2016,0.011076,7941,99986,,,,,350,58,117,175,1010151,426
600029,南方航空,航空运输业,G56,2016-17,22/04/2016,-0.040689,8168,95678,,,,,351,73,98,180,857607,531
600029,南方航空,航空运输业,G56,2016-18,29/04/2016,-0.011419,7248,107942,,,,,1831,829,67,935,719787,310
600029,南方航空,航空运输业,G56,2016-19,06/05/2016,0.186469,9737,109112,,,,,1676,570,123,983,1382571,1539
600029,南方航空,航空运输业,G56,2016-20,13/05/2016,0.015299,11967,116267,,,,,1079,240,101,738,1150263,956
600029,南方航空,航空运输业,G56,2016-21,20/05/2016,-0.023288,8852,107949,,,,,843,109,68,666,799430,356
600029,南方航空,航空运输业,G56,2016-22,27/05/2016,-0.061711,8170,106458,,,,,797,150,144,503,1279229,550
600029,南方航空,航空运输业,G56,2016-23,03/06/2016,0.056801,8229,115627,,,,,676,62,54,560,651637,309
600029,南方航空,航空运输业,G56,2016-24,08/06/2016,0.004243,,,,,,,,,,,,
600029,南方航空,航空运输业,G56,2016-25,17/06/2016,0.002817,7820,112396,,,,,152,34,31,87,542237,285
600029,南方航空,航空运输业,G56,2016-26,24/06/2016,-0.014045,7542,103120,,,,,215,47,48,120,577082,206
600029,南方航空,航空运输业,G56,2016-27,01/07/2016,0.004274,7319,115496,,,,,202,40,64,98,238963,128
600029,南方航空,航空运输业,G56,2016-28,08/07/2016,0.07604,8847,113370,,,,,323,84,65,174,280384,233
600029,南方航空,航空运输业,G56,2016-29,15/07/2016,0.122667,10504,122825,,,,,503,123,116,264,668886,1215
600029,南方航空,航空运输业,G56,2016-30,22/07/2016,-0.059382,8407,110843,,,,,309,79,83,147,395209,809
600029,南方航空,航空运输业,G56,2016-31,29/07/2016,0.070707,8972,115052,,,,,361,91,86,184,481755,751
600029,南方航空,航空运输业,G56,2016-32,05/08/2016,-0.061321,8671,116969,,,,,516,113,130,273,527145,793
600029,南方航空,航空运输业,G56,2016-33,12/08/2016,-0.011307,8362,102040,,,,,370,82,102,186,387156,610
600029,南方航空,航空运输业,G56,2016-34,19/08/2016,-0.003812,8519,103240,,,,,290,57,82,151,306656,492
600029,南方航空,航空运输业,G56,2016-35,26/08/2016,-0.017857,7473,105005,,,,,280,60,94,126,276828,470
600029,南方航空,航空运输业,G56,2016-36,02/09/2016,-0.041558,8711,116132,,,,,490,80,164,246,627005,964
600029,南方航空,航空运输业,G56,2016-37,09/09/2016,-0.017615,7752,105681,,,,,420,92,92,236,320242,354
600029,南方航空,航空运输业,G56,2016-38,14/09/2016,-0.023448,,,,,,,,,,,,
600029,南方航空,航空运输业,G56,2016-39,23/09/2016,0.012712,7070,105558,,,,,223,59,57,107,212909,203
600029,南方航空,航空运输业,G56,2016-40,30/09/2016,-0.02371,7014,112343,,,,,227,43,65,119,236652,273
600029,南方航空,航空运输业,G56,2016-42,14/10/2016,0.04,7375,106034,,,,,172,51,36,85,271485,282
600029,南方航空,航空运输业,G56,2016-43,21/10/2016,-0.008242,7605,114029,,,,,182,38,48,96,238349,637
600029,南方航空,航空运输业,G56,2016-44,28/10/2016,-0.018006,7126,114483,,,,,200,33,53,114,283125,272
600029,南方航空,航空运输业,G56,2016-45,04/11/2016,0.009873,7283,95861,,,,,207,42,69,96,269125,746
600029,南方航空,航空运输业,G56,2016-46,11/11/2016,0.015363,6998,94713,,,,,209,43,69,97,249159,326
600029,南方航空,航空运输业,G56,2016-47,18/11/2016,0.024759,8655,100558,,,,,349,76,69,204,511893,597
600029,南方航空,航空运输业,G56,2016-48,25/11/2016,0,7549,96455,,,,,280,61,84,135,248397,389
600029,南方航空,航空运输业,G56,2016-49,02/12/2016,0.016107,8409,111932,,,,,359,72,91,196,484409,604
600029,南方航空,航空运输业,G56,2016-50,09/12/2016,-0.036988,7419,104025,,,,,351,82,86,183,313172,860
600029,南方航空,航空运输业,G56,2016-51,16/12/2016,-0.064472,7314,112468,,,,,348,78,98,172,369781,745
600029,南方航空,航空运输业,G56,2016-52,23/12/2016,0.045455,7504,120287,,,,,406,110,89,207,351442,646
600029,南方航空,航空运输业,G56,2016-53,30/12/2016,-0.015428,6547,126232,,,,,150,28,43,79,147886,238
600030,中信证券,资本市场服务,J67,2014-01,03/01/2014,-0.040784,6248,16120,,,,,258,95,69,94,465655,599
600030,中信证券,资本市场服务,J67,2014-02,10/01/2014,-0.058054,14305,37910,,,,,645,203,187,255,980935,1407
600030,中信证券,资本市场服务,J67,2014-03,17/01/2014,0.011285,12906,34141,,,,,431,133,119,179,632957,809
600030,中信证券,资本市场服务,J67,2014-04,24/01/2014,0.026609,13385,36535,30,48,10,228,346,145,86,115,628890,790
600030,中信证券,资本市场服务,J67,2014-05,30/01/2014,-0.031773,,,,,,,,,,,,
600030,中信证券,资本市场服务,J67,2014-06,07/02/2014,-0.008636,5000,20086,,,,,153,52,54,47,316080,442
600030,中信证券,资本市场服务,J67,2014-07,14/02/2014,0.033972,16163,49447,,,,,333,152,74,107,570677,672
600030,中信证券,资本市场服务,J67,2014-08,21/02/2014,-0.074979,16578,57738,,,,,730,219,223,288,1277294,1537
600030,中信证券,资本市场服务,J67,2014-09,28/02/2014,-0.013661,16962,51149,,,,,802,218,270,314,1215414,1456
600030,中信证券,资本市场服务,J67,2014-10,07/03/2014,-0.028624,17013,49234,46,46,1,94,490,162,144,184,784407,989
600030,中信证券,资本市场服务,J67,2014-11,14/03/2014,-0.027567,16315,46002,,,,,499,133,149,217,631443,665
600030,中信证券,资本市场服务,J67,2014-12,21/03/2014,0.032258,14989,43448,,,,,314,117,82,115,554326,619
600030,中信证券,资本市场服务,J67,2014-13,28/03/2014,0.00947,18262,50074,344,336,48,1162,485,194,96,195,964237,787
600030,中信证券,资本市场服务,J67,2014-14,04/04/2014,0.023452,15940,42088,20,11,1,48,323,124,77,122,607465,547
600030,中信证券,资本市场服务,J67,2014-15,11/04/2014,0.12099,22476,58304,,,,,652,275,139,238,1513621,2369
600030,中信证券,资本市场服务,J67,2014-16,18/04/2014,-0.030253,24115,58274,,,,,605,210,160,235,1211094,1461
600030,中信证券,资本市场服务,J67,2014-17,25/04/2014,-0.054806,20714,48721,,,,,413,126,125,162,615117,657
600030,中信证券,资本市场服务,J67,2014-18,30/04/2014,0.016057,,,,,,,,,,,,
600030,中信证券,资本市场服务,J67,2014-19,09/05/2014,0.012291,16900,43907,11,17,1,57,328,118,98,112,525764,644
600030,中信证券,资本市场服务,J67,2014-20,16/05/2014,-0.016479,20211,52850,,,,,491,163,150,178,834890,1437
600030,中信证券,资本市场服务,J67,2014-21,23/05/2014,0.007055,15779,40815,,,,,349,121,106,122,683476,592
600030,中信证券,资本市场服务,J67,2014-22,30/05/2014,-0.008757,15201,39480,,,,,301,110,76,115,654584,914
600030,中信证券,资本市场服务,J67,2014-23,06/06/2014,-0.001767,12087,32702,,,,,268,95,73,100,627733,778
600030,中信证券,资本市场服务,J67,2014-24,13/06/2014,0.014159,13635,39139,,,,,244,86,68,90,647943,412
600030,中信证券,资本市场服务,J67,2014-25,20/06/2014,-0.013962,13753,40562,,,,,246,86,63,97,542276,416
600030,中信证券,资本市场服务,J67,2014-26,27/06/2014,0.010619,12189,36549,,,,,208,67,61,80,377409,370
600030,中信证券,资本市场服务,J67,2014-27,04/07/2014,0.011384,12677,38637,,,,,243,80,57,106,395366,441
600030,中信证券,资本市场服务,J67,2014-28,11/07/2014,-0.003463,12612,38691,13,4,3,49,254,102,60,92,463039,546
600030,中信证券,资本市场服务,J67,2014-29,18/07/2014,0.02954,14090,41772,,,,,263,105,60,98,519606,614
600030,中信证券,资本市场服务,J67,2014-30,25/07/2014,0.068354,18476,52246,47,44,11,239,368,165,70,133,742333,934
600030,中信证券,资本市场服务,J67,2014-31,01/08/2014,0.013428,23348,66937,,,,,452,179,94,179,924981,1106
600030,中信证券,资本市场服务,J67,2014-32,08/08/2014,0.017927,22378,65769,,,,,479,185,104,190,1104717,1302
600030,中信证券,资本市场服务,J67,2014-33,15/08/2014,0.031394,20285,61209,,,,,370,122,74,174,807917,1126
600030,中信证券,资本市场服务,J67,2014-34,22/08/2014,-0.025526,17260,55684,,,,,545,179,121,245,910974,1238
600030,中信证券,资本市场服务,J67,2014-35,29/08/2014,-0.006934,14885,50522,333,299,44,1113,421,172,105,144,912212,885
600030,中信证券,资本市场服务,J67,2014-36,05/09/2014,0.057409,18594,62234,32,30,3,68,541,223,106,212,1226392,1371
600030,中信证券,资本市场服务,J67,2014-37,12/09/2014,-0.018342,15456,55129,,,,,389,139,95,155,755152,1049
600030,中信证券,资本市场服务,J67,2014-38,19/09/2014,-0.020179,17330,61603,,,,,446,134,127,185,749927,1041
600030,中信证券,资本市场服务,J67,2014-39,26/09/2014,0.012967,18630,64455,,,,,570,215,154,201,949362,1005
600030,中信证券,资本市场服务,J67,2014-40,30/09/2014,0.003012,,,,,,,,,,,,
600030,中信证券,资本市场服务,J67,2014-41,10/10/2014,-0.006006,11521,47879,,,,,300,96,84,120,534328,607
600030,中信证券,资本市场服务,J67,2014-42,17/10/2014,0.004532,18087,66075,,,,,590,201,162,227,1191233,1120
600030,中信证券,资本市场服务,J67,2014-43,24/10/2014,-0.046617,16893,58833,,,,,718,169,273,276,1284084,1726
600030,中信证券,资本市场服务,J67,2014-44,31/10/2014,0.04653,18684,65312,151,130,22,587,714,205,206,303,1339230,1676
600030,中信证券,资本市场服务,J67,2014-45,07/11/2014,0.027129,20131,72783,,,,,1070,376,262,432,2551388,2121
600030,中信证券,资本市场服务,J67,2014-46,14/11/2014,0.128393,34792,109981,62,75,15,271,1941,747,361,833,4541183,4126
600030,中信证券,资本市场服务,J67,2014-47,21/11/2014,0.012354,32765,101597,,,,,1709,565,412,732,4305859,4617
600030,中信证券,资本市场服务,J67,2014-48,28/11/2014,0.108542,47997,168296,,,,,1709,589,390,730,6076968,11007
600030,中信证券,资本市场服务,J67,2014-49,05/12/2014,0.34299,69295,277458,79,104,15,317,3285,1242,616,1427,9858409,11033
600030,中信证券,资本市场服务,J67,2014-50,12/12/2014,0.098792,107781,477120,,,,,6067,2065,1356,2646,14351543,17185
600030,中信证券,资本市场服务,J67,2014-51,19/12/2014,0.26541,129403,495651,25,35,5,65,9063,3197,1998,3868,21787613,28701
600030,中信证券,资本市场服务,J67,2014-52,26/12/2014,-0.003413,114308,419061,,,,,8472,2783,2034,3655,17809717,25041
600030,中信证券,资本市场服务,J67,2014-53,31/12/2014,0.055417,,,,,,,,,,,,
600030,中信证券,资本市场服务,J67,2015-02,09/01/2015,0.031268,119894,422217,,,,,7202,2540,1500,3162,17539960,25046
600030,中信证券,资本市场服务,J67,2015-03,16/01/2015,-0.058638,95905,349164,60,105,16,300,12250,2963,3449,5838,25884144,52635
600030,中信证券,资本市场服务,J67,2015-04,23/01/2015,-0.112428,126140,503270,,,,,14536,3548,4516,6472,24255259,42340
600030,中信证券,资本市场服务,J67,2015-05,30/01/2015,-0.046217,83071,299598,28,60,11,284,5191,1526,1391,2274,10576409,13543
600030,中信证券,资本市场服务,J67,2015-06,06/02/2015,0.016152,82682,277728,14,7,4,25,4281,1298,1079,1904,10209171,19178
600030,中信证券,资本市场服务,J67,2015-07,13/02/2015,0.028965,75314,202965,43,93,16,271,3029,899,750,1380,6419828,7035
600030,中信证券,资本市场服务,J67,2015-08,17/02/2015,0.001716,,,,,,,,,,,,
600030,中信证券,资本市场服务,J67,2015-09,27/02/2015,0.011995,45781,153000,2,32,1,44,1585,422,376,787,4491827,5472
600030,中信证券,资本市场服务,J67,2015-10,06/03/2015,-0.048087,70295,248861,,,,,3297,927,806,1564,4073845,9799
600030,中信证券,资本市场服务,J67,2015-11,13/03/2015,0.004269,65371,232360,,,,,2774,846,659,1269,3603911,11671
600030,中信证券,资本市场服务,J67,2015-12,20/03/2015,0.145944,83139,318860,,,,,3579,1255,795,1529,8163371,13320
600030,中信证券,资本市场服务,J67,2015-13,27/03/2015,-0.00711,94782,390735,240,344,35,1040,3567,1244,761,1562,8821525,9568
600030,中信证券,资本市场服务,J67,2015-14,03/04/2015,0.06538,87290,357549,,,,,3537,1138,913,1486,9013094,11698
600030,中信证券,资本市场服务,J67,2015-15,10/04/2015,0.047341,87873,387199,,,,,3855,1342,861,1652,14183134,17966
600030,中信证券,资本市场服务,J67,2015-16,17/04/2015,-0.019531,94815,497010,25,32,3,60,5772,1680,1552,2540,14231043,17913
600030,中信证券,资本市场服务,J67,2015-17,24/04/2015,0.007399,102703,516906,,,,,6474,1926,1648,2900,15270304,21835
600030,中信证券,资本市场服务,J67,2015-18,30/04/2015,-0.029379,,,,,,,,,,,,
600030,中信证券,资本市场服务,J67,2015-19,08/05/2015,-0.030268,73294,359569,,,,,5133,1409,1333,2391,10133279,16093
600030,中信证券,资本市场服务,J67,2015-20,15/05/2015,-0.040216,65299,335215,,,,,5260,1277,1541,2442,8544187,13872
600030,中信证券,资本市场服务,J67,2015-21,22/05/2015,0.035647,66888,365731,,,,,4869,1250,1410,2209,6217895,10403
600030,中信证券,资本市场服务,J67,2015-22,29/05/2015,-0.083031,71613,454798,,,,,4240,1123,1114,2003,8816069,11053
600030,中信证券,资本市场服务,J67,2015-23,05/06/2015,0.050049,67497,424054,7,44,8,193,4508,1227,1188,2093,8812128,10235
600030,中信证券,资本市场服务,J67,2015-24,12/06/2015,0.003136,66954,403000,4,15,1,33,4074,1168,1119,1787,9102510,12373
600030,中信证券,资本市场服务,J67,2015-25,19/06/2015,-0.114098,61456,342231,,,,,4516,1294,1361,1861,7506604,10166
600030,中信证券,资本市场服务,J67,2015-26,26/06/2015,-0.08151,50191,265163,,,,,3121,919,834,1368,6121245,8704
600030,中信证券,资本市场服务,J67,2015-27,03/07/2015,-0.040722,75788,396548,,,,,4125,1174,1117,1834,6677834,11278
600030,中信证券,资本市场服务,J67,2015-28,10/07/2015,0.110132,80433,448529,,,,,4469,1372,1092,2005,11894595,25606
600030,中信证券,资本市场服务,J67,2015-29,17/07/2015,-0.084416,61475,318608,,,,,4663,1129,1194,2340,11170642,19819
600030,中信证券,资本市场服务,J67,2015-30,24/07/2015,-0.058314,49011,239411,,,,,3949,1031,1126,1792,8434584,9992
600030,中信证券,资本市场服务,J67,2015-31,31/07/2015,-0.130126,51710,239538,,,,,5939,1319,1852,2768,15230941,29849
600030,中信证券,资本市场服务,J67,2015-32,07/08/2015,-0.024531,42859,215056,,,,,4207,1031,1289,1887,7092235,15524
600030,中信证券,资本市场服务,J67,2015-33,14/08/2015,0.119916,47950,217730,,,,,1910,651,464,795,4979588,5309
600030,中信证券,资本市场服务,J67,2015-34,21/08/2015,-0.188587,44098,197299,,,,,2697,657,815,1225,4863779,7178
600030,中信证券,资本市场服务,J67,2015-35,28/08/2015,-0.128571,48649,264261,132,173,33,660,4649,1077,1475,2097,9827205,29439
600030,中信证券,资本市场服务,J67,2015-36,02/09/2015,-0.062421,,,,,,,,,,,,
600030,中信证券,资本市场服务,J67,2015-37,11/09/2015,0.010087,32952,161444,,,,,2276,647,611,1018,6498269,12730
600030,中信证券,资本市场服务,J67,2015-38,18/09/2015,-0.082557,36166,187626,,,,,4105,881,1348,1876,9102299,19727
600030,中信证券,资本市场服务,J67,2015-39,25/09/2015,-0.034833,29961,155927,,,,,2746,585,845,1316,4788597,9589
600030,中信证券,资本市场服务,J67,2015-40,30/09/2015,0.021053,,,,,,,,,,,,
600030,中信证券,资本市场服务,J67,2015-41,09/10/2015,0.06701,17108,83134,,,,,919,299,186,434,2497991,4853
600030,中信证券,资本市场服务,J67,2015-42,16/10/2015,0.096618,29898,149305,,,,,1225,404,270,551,2058267,3476
600030,中信证券,资本市场服务,J67,2015-43,23/10/2015,-0.011957,28895,152037,,,,,1597,463,391,743,4787626,9389
600030,中信证券,资本市场服务,J67,2015-44,30/10/2015,0.010828,27206,141454,32,21,4,88,1358,454,287,617,3368541,3650
600030,中信证券,资本市场服务,J67,2015-45,06/11/2015,0.291745,40881,197902,29,21,4,151,2416,788,429,1199,6399585,7364
600030,中信证券,资本市场服务,J67,2015-46,13/11/2015,-0.011707,47095,241401,,,,,2442,752,591,1099,3777939,5654
600030,中信证券,资本市场服务,J67,2015-47,20/11/2015,0.013327,44410,230019,,,,,3144,1010,685,1449,9760369,13101
600030,中信证券,资本市场服务,J67,2015-48,27/11/2015,-0.128105,40468,200242,,,,,3719,776,1281,1662,12417181,20704
600030,中信证券,资本市场服务,J67,2015-49,04/12/2015,0.018994,36410,181670,,,,,1912,604,449,859,4356128,6208
600030,中信证券,资本市场服务,J67,2015-50,11/12/2015,-0.021382,29431,139367,,,,,1502,415,403,684,4749089,4292
600030,中信证券,资本市场服务,J67,2015-51,18/12/2015,0.056583,32529,149686,,,,,1756,547,402,807,4526980,4347
600030,中信证券,资本市场服务,J67,2015-52,25/12/2015,0.102333,42741,194438,,,,,2759,885,570,1304,10008166,7314
600030,中信证券,资本市场服务,J67,2015-53,31/12/2015,-0.069264,,,,,,,,,,,,
600030,中信证券,资本市场服务,J67,2016-02,08/01/2016,-0.130233,33831,156890,,,,,2656,567,852,1237,5327863,5796
600030,中信证券,资本市场服务,J67,2016-03,15/01/2016,-0.076055,31386,141813,,,,,2176,564,613,999,6187055,5087
600030,中信证券,资本市场服务,J67,2016-04,22/01/2016,-0.017363,25719,125754,,,,,1413,414,375,624,3003038,2807
600030,中信证券,资本市场服务,J67,2016-05,29/01/2016,-0.051047,22790,118241,,,,,1743,466,467,810,3913042,4355
600030,中信证券,资本市场服务,J67,2016-06,05/02/2016,-0.022069,16900,88959,,,,,1488,403,406,679,4779033,4173
600030,中信证券,资本市场服务,J67,2016-08,19/02/2016,0.06488,16866,98366,,,,,1031,371,189,471,2646786,2159
600030,中信证券,资本市场服务,J67,2016-09,26/02/2016,-0.04702,18383,102004,,,,,1180,366,312,502,3012657,2703
600030,中信证券,资本市场服务,J67,2016-10,04/03/2016,0.111883,23209,126197,,,,,1737,576,349,812,8841774,5996
600030,中信证券,资本市场服务,J67,2016-11,11/03/2016,-0.003125,18791,101928,,,,,1165,380,263,522,3775289,3892
600030,中信证券,资本市场服务,J67,2016-12,18/03/2016,0.062696,19331,103449,,,,,1065,318,234,513,2867948,2411
600030,中信证券,资本市场服务,J67,2016-13,25/03/2016,0.031858,26481,148966,,,,,1998,572,455,971,6538962,4988
600030,中信证券,资本市场服务,J67,2016-14,01/04/2016,0.012007,19666,106115,,,,,1266,351,297,618,3407436,3361
600030,中信证券,资本市场服务,J67,2016-15,08/04/2016,-0.042938,15042,83535,,,,,895,230,240,425,2607625,2216
600030,中信证券,资本市场服务,J67,2016-16,15/04/2016,0.056671,18911,104117,,,,,1403,435,309,659,2725193,2292
600030,中信证券,资本市场服务,J67,2016-17,22/04/2016,-0.048045,14478,78868,,,,,1201,299,352,550,2743824,2586
600030,中信证券,资本市场服务,J67,2016-18,29/04/2016,-0.035211,13785,73483,,,,,2719,1009,376,1334,2864036,2391
600030,中信证券,资本市场服务,J67,2016-19,06/05/2016,-0.020681,11895,64361,,,,,2026,642,256,1128,1470411,1637
600030,中信证券,资本市场服务,J67,2016-20,13/05/2016,-0.042857,13334,68211,,,,,1763,367,334,1062,1480241,1809
600030,中信证券,资本市场服务,J67,2016-21,20/05/2016,0.01817,12786,64087,,,,,1641,319,301,1021,1408073,1341
600030,中信证券,资本市场服务,J67,2016-22,27/05/2016,-0.010835,11725,60021,,,,,1239,241,276,722,1257663,867
600030,中信证券,资本市场服务,J67,2016-23,03/06/2016,0.070876,15257,76598,,,,,1294,223,193,878,1723285,1416
600030,中信证券,资本市场服务,J67,2016-24,08/06/2016,-0.013839,,,,,,,,,,,,
600030,中信证券,资本市场服务,J67,2016-25,17/06/2016,-0.043929,12732,62885,,,,,906,205,277,424,1524915,1668
600030,中信证券,资本市场服务,J67,2016-26,24/06/2016,0.001276,13164,62142,,,,,723,201,171,351,1108369,1597
600030,中信证券,资本市场服务,J67,2016-27,01/07/2016,0.028043,13433,67295,,,,,578,163,122,293,765516,661
600030,中信证券,资本市场服务,J67,2016-28,08/07/2016,0.028518,13789,72844,,,,,575,170,121,284,706752,605
600030,中信证券,资本市场服务,J67,2016-29,15/07/2016,0.013864,14224,74964,,,,,749,215,168,366,603210,704
600030,中信证券,资本市场服务,J67,2016-30,22/07/2016,-0.011891,12828,64821,,,,,643,210,148,285,677108,658
600030,中信证券,资本市场服务,J67,2016-31,29/07/2016,-0.024067,12927,64576,,,,,676,207,180,289,697826,739
600030,中信证券,资本市场服务,J67,2016-32,05/08/2016,0.001233,11214,55000,,,,,483,129,124,230,447770,438
600030,中信证券,资本市场服务,J67,2016-33,12/08/2016,0.056034,12766,59416,,,,,633,254,91,288,672439,697
600030,中信证券,资本市场服务,J67,2016-34,19/08/2016,0.01691,19176,88093,,,,,1126,311,275,540,1214846,1900
600030,中信证券,资本市场服务,J67,2016-35,26/08/2016,-0.012397,13938,64651,,,,,540,129,156,255,698894,1559
600030,中信证券,资本市场服务,J67,2016-36,02/09/2016,0.004184,13299,59797,,,,,486,135,133,218,430246,871
600030,中信证券,资本市场服务,J67,2016-37,09/09/2016,-0.004762,13233,56877,,,,,595,151,134,310,418753,606
600030,中信证券,资本市场服务,J67,2016-38,14/09/2016,-0.031699,,,,,,,,,,,,
600030,中信证券,资本市场服务,J67,2016-39,23/09/2016,-0.002471,11291,53118,,,,,492,100,126,266,375120,495
600030,中信证券,资本市场服务,J67,2016-40,30/09/2016,-0.001858,11369,52246,,,,,472,100,145,227,428117,791
600030,中信证券,资本市场服务,J67,2016-42,14/10/2016,0.021092,12221,60553,,,,,308,72,70,166,399600,476
600030,中信证券,资本市场服务,J67,2016-43,21/10/2016,0.010328,12114,59155,,,,,313,84,90,139,303098,261
600030,中信证券,资本市场服务,J67,2016-44,28/10/2016,0.010824,13724,66593,,,,,506,147,122,237,556058,744
600030,中信证券,资本市场服务,J67,2016-45,04/11/2016,0.001785,13069,62370,,,,,585,166,164,255,697164,691
600030,中信证券,资本市场服务,J67,2016-46,11/11/2016,0.042162,14437,68502,,,,,642,196,140,306,606467,751
600030,中信证券,资本市场服务,J67,2016-47,18/11/2016,-0.019373,15317,75901,,,,,769,191,198,380,782451,810
600030,中信证券,资本市场服务,J67,2016-48,25/11/2016,0.026729,14978,71863,,,,,663,220,119,324,817669,1003
600030,中信证券,资本市场服务,J67,2016-49,02/12/2016,-0.017544,17345,78250,,,,,902,248,247,407,1209865,1447
600030,中信证券,资本市场服务,J67,2016-50,09/12/2016,-0.03341,14719,69351,,,,,862,205,238,419,828189,1047
600030,中信证券,资本市场服务,J67,2016-51,16/12/2016,-0.040524,13484,61575,,,,,863,187,268,408,621439,891
600030,中信证券,资本市场服务,J67,2016-52,23/12/2016,-0.006832,12128,57184,,,,,629,160,181,288,510212,620
600030,中信证券,资本市场服务,J67,2016-53,30/12/2016,0.004378,11224,51112,,,,,432,105,126,201,296587,352
600036,招商银行,货币金融服务,J66,2014-01,03/01/2014,-0.034894,4869,223607,,,,,158,58,39,61,307093,330
600036,招商银行,货币金融服务,J66,2014-02,10/01/2014,0.027593,11027,529387,,,,,274,80,61,133,402636,537
600036,招商银行,货币金融服务,J66,2014-03,17/01/2014,-0.021296,10607,497228,6,44,7,153,298,91,74,133,399901,422
600036,招商银行,货币金融服务,J66,2014-04,24/01/2014,-0.013245,9956,508152,,,,,213,74,77,62,330878,426
600036,招商银行,货币金融服务,J66,2014-05,30/01/2014,-0.006711,,,,,,,,,,,,
600036,招商银行,货币金融服务,J66,2014-06,07/02/2014,-0.002896,3718,256827,,,,,46,15,7,24,88253,44
600036,招商银行,货币金融服务,J66,2014-07,14/02/2014,0.018393,11421,482216,,,,,328,107,92,129,538067,647
600036,招商银行,货币金融服务,J66,2014-08,21/02/2014,-0.019011,11367,458844,72,130,31,489,380,126,89,165,556334,667
600036,招商银行,货币金融服务,J66,2014-09,28/02/2014,-0.037791,11298,469462,,,,,435,123,127,185,548304,623
600036,招商银行,货币金融服务,J66,2014-10,07/03/2014,-0.025176,11902,414515,,,,,538,149,196,193,702284,892
600036,招商银行,货币金融服务,J66,2014-11,14/03/2014,-0.012397,12161,450757,,,,,403,118,119,166,516328,607
600036,招商银行,货币金融服务,J66,2014-12,21/03/2014,0.029289,11111,426466,,,,,266,95,49,122,427888,414
600036,招商银行,货币金融服务,J66,2014-13,28/03/2014,0.002033,11581,487249,,,,,475,171,77,227,796817,587
600036,招商银行,货币金融服务,J66,2014-14,04/04/2014,0.009128,11126,458420,226,213,68,734,194,62,41,91,279209,254
600036,招商银行,货币金融服务,J66,2014-15,11/04/2014,0.044221,10840,418301,,,,,152,62,33,57,289445,385
600036,招商银行,货币金融服务,J66,2014-16,18/04/2014,-0.036574,10789,449688,,,,,140,40,34,66,205821,417
600036,招商银行,货币金融服务,J66,2014-17,25/04/2014,0.005994,10517,487842,,,,,141,53,31,57,171865,147
600036,招商银行,货币金融服务,J66,2014-18,30/04/2014,-0.003972,,,,,,,,,,,,
600036,招商银行,货币金融服务,J66,2014-19,09/05/2014,-0.011964,10440,530013,,,,,91,32,29,30,132124,124
600036,招商银行,货币金融服务,J66,2014-20,16/05/2014,0.012109,10331,440883,,,,,142,48,32,62,196957,211
600036,招商银行,货币金融服务,J66,2014-21,23/05/2014,0.003988,9966,426975,,,,,113,32,35,46,187703,162
600036,招商银行,货币金融服务,J66,2014-22,30/05/2014,0.007944,10209,424190,,,,,98,42,17,39,150968,108
600036,招商银行,货币金融服务,J66,2014-23,06/06/2014,-0.014778,8229,367290,,,,,129,37,37,55,228872,278
600036,招商银行,货币金融服务,J66,2014-24,13/06/2014,0.022,9849,401594,9,103,10,156,132,53,31,48,305338,185
600036,招商银行,货币金融服务,J66,2014-25,20/06/2014,-0.000978,10308,436339,,,,,139,44,30,65,309414,257
600036,招商银行,货币金融服务,J66,2014-26,27/06/2014,-0.002938,9952,427049,,,,,116,34,24,58,225763,223
600036,招商银行,货币金融服务,J66,2014-27,04/07/2014,0.015717,10396,410775,,,,,147,59,36,52,308506,254
600036,招商银行,货币金融服务,J66,2014-28,11/07/2014,-0.002901,10520,394137,,,,,154,55,27,72,388115,335
600036,招商银行,货币金融服务,J66,2014-29,18/07/2014,0.01032,10545,388378,,,,,86,37,19,30,157979,98
600036,招商银行,货币金融服务,J66,2014-30,25/07/2014,0.071502,12484,389037,,,,,122,60,19,43,254940,210
600036,招商银行,货币金融服务,J66,2014-31,01/08/2014,0.050524,16642,405780,,,,,147,66,26,55,299995,328
600036,招商银行,货币金融服务,J66,2014-32,08/08/2014,-0.017241,13010,421685,27,57,4,104,134,61,27,46,290350,299
600036,招商银行,货币金融服务,J66,2014-33,15/08/2014,-0.003693,11596,425028,,,,,128,50,27,51,287150,502
600036,招商银行,货币金融服务,J66,2014-34,22/08/2014,-0.007414,10722,429029,,,,,114,46,29,39,229773,210
600036,招商银行,货币金融服务,J66,2014-35,29/08/2014,-0.014006,10191,452804,58,34,22,84,146,45,43,58,376457,240
600036,招商银行,货币金融服务,J66,2014-36,05/09/2014,0.035038,11307,465539,170,186,42,761,137,59,25,53,255720,189
600036,招商银行,货币金融服务,J66,2014-37,12/09/2014,-0.021958,9036,453372,,,,,122,41,27,54,211761,194
600036,招商银行,货币金融服务,J66,2014-38,19/09/2014,-0.006548,10485,499739,,,,,147,56,35,56,256972,200
600036,招商银行,货币金融服务,J66,2014-39,26/09/2014,-0.016008,10183,525882,,,,,143,46,39,58,275269,418
600036,招商银行,货币金融服务,J66,2014-40,30/09/2014,-0.005742,,,,,,,,,,,,
600036,招商银行,货币金融服务,J66,2014-41,10/10/2014,0.0077,7023,504742,,,,,107,33,19,55,223713,253
600036,招商银行,货币金融服务,J66,2014-42,17/10/2014,-0.009551,10308,619496,,,,,147,43,55,49,280082,232
600036,招商银行,货币金融服务,J66,2014-43,24/10/2014,-0.000964,9461,615612,,,,,131,54,31,46,357468,262
600036,招商银行,货币金融服务,J66,2014-44,31/10/2014,0.042471,9457,592422,270,204,127,1050,220,72,46,102,634205,313
600036,招商银行,货币金融服务,J66,2014-45,07/11/2014,-0.021296,9716,575865,,,,,199,64,65,70,477562,340
600036,招商银行,货币金融服务,J66,2014-46,14/11/2014,0.033113,12936,600513,,,,,347,120,83,144,801699,705
600036,招商银行,货币金融服务,J66,2014-47,21/11/2014,-0.010989,11715,567866,,,,,343,103,79,161,773853,685
600036,招商银行,货币金融服务,J66,2014-48,28/11/2014,0.125,17800,624772,,,,,412,143,82,187,1236188,964
600036,招商银行,货币金融服务,J66,2014-49,05/12/2014,0.148148,28971,665959,,,,,521,178,105,238,1082525,889
600036,招商银行,货币金融服务,J66,2014-50,12/12/2014,-0.002867,35410,701637,,,,,1026,339,255,432,3028603,2450
600036,招商银行,货币金融服务,J66,2014-51,19/12/2014,0.07261,30695,666309,10,25,3,38,641,206,146,289,1448149,1330
600036,招商银行,货币金融服务,J66,2014-52,26/12/2014,0.02815,27613,654670,,,,,768,255,206,307,1606924,1860
600036,招商银行,货币金融服务,J66,2014-53,31/12/2014,0.081486,,,,,,,,,,,,
600036,招商银行,货币金融服务,J66,2015-02,09/01/2015,-0.053044,28245,725106,,,,,583,202,151,230,1278805,1305
600036,招商银行,货币金融服务,J66,2015-03,16/01/2015,0.033736,21463,612548,8,43,7,177,491,142,119,230,711007,794
600036,招商银行,货币金融服务,J66,2015-04,23/01/2015,-0.065887,22730,612583,,,,,505,155,150,200,842940,822
600036,招商银行,货币金融服务,J66,2015-05,30/01/2015,-0.054713,17424,586073,,,,,432,140,109,183,833305,991
600036,招商银行,货币金融服务,J66,2015-06,06/02/2015,-0.006276,18256,591323,,,,,348,114,80,154,630926,764
600036,招商银行,货币金融服务,J66,2015-07,13/02/2015,0.026667,14875,589021,,,,,224,71,53,100,570655,488
600036,招商银行,货币金融服务,J66,2015-08,17/02/2015,-0.007519,,,,,,,,,,,,
600036,招商银行,货币金融服务,J66,2015-09,27/02/2015,0.012397,9653,409443,,,,,161,51,34,76,414349,804
600036,招商银行,货币金融服务,J66,2015-10,06/03/2015,-0.044218,16901,567473,,,,,369,115,82,172,468059,759
600036,招商银行,货币金融服务,J66,2015-11,13/03/2015,0.074733,19276,596332,,,,,455,185,90,180,374935,1157
600036,招商银行,货币金融服务,J66,2015-12,20/03/2015,0.039073,21312,608419,182,162,57,684,496,187,109,200,874801,1922
600036,招商银行,货币金融服务,J66,2015-13,27/03/2015,-0.027406,18683,592334,,,,,437,126,137,174,953294,1148
600036,招商银行,货币金融服务,J66,2015-14,02/04/2015,0.026212,,,,,,,,,,,,
600036,招商银行,货币金融服务,J66,2015-16,17/04/2015,0.16986,41691,767575,61,273,23,666,1491,513,309,669,4358630,4650
600036,招商银行,货币金融服务,J66,2015-17,24/04/2015,-0.033843,31756,681820,2,10,0,60,1021,298,231,492,2548598,2546
600036,招商银行,货币金融服务,J66,2015-18,30/04/2015,0.029379,,,,,,,,,,,,
600036,招商银行,货币金融服务,J66,2015-19,08/05/2015,-0.02854,23015,609242,8,5,3,16,835,272,192,371,1843060,2101
600036,招商银行,货币金融服务,J66,2015-20,15/05/2015,-0.030508,20984,586847,,,,,899,247,210,442,1483304,1637
600036,招商银行,货币金融服务,J66,2015-21,22/05/2015,0.089744,21893,614784,,,,,615,215,128,272,1058596,1177
600036,招商银行,货币金融服务,J66,2015-22,29/05/2015,-0.03369,23189,657973,,,,,598,194,144,260,1509596,1135
600036,招商银行,货币金融服务,J66,2015-23,05/06/2015,0.106253,24712,595041,,,,,621,253,99,269,1403602,1424
600036,招商银行,货币金融服务,J66,2015-24,12/06/2015,0.016008,24401,599594,,,,,479,146,111,222,1272565,1016
600036,招商银行,货币金融服务,J66,2015-25,19/06/2015,-0.113737,21372,552037,16,90,7,128,831,207,258,366,1442612,1387
600036,招商银行,货币金融服务,J66,2015-26,26/06/2015,-0.033333,19550,502387,,,,,613,174,154,285,1257170,987
600036,招商银行,货币金融服务,J66,2015-27,03/07/2015,0.050575,33603,650283,0,14,3,31,825,293,174,358,1284826,1509
600036,招商银行,货币金融服务,J66,2015-28,10/07/2015,0.078365,41117,688017,,,,,1177,319,342,516,1994116,1946
600036,招商银行,货币金融服务,J66,2015-29,17/07/2015,-0.033175,26184,581866,,,,,933,250,260,423,1738546,1192
600036,招商银行,货币金融服务,J66,2015-30,24/07/2015,-0.025054,17745,543278,,,,,798,224,211,363,1087544,1319
600036,招商银行,货币金融服务,J66,2015-31,31/07/2015,-0.03352,16800,556232,,,,,516,150,121,245,851688,732
600036,招商银行,货币金融服务,J66,2015-32,07/08/2015,0.057225,15643,572124,6,39,0,64,520,185,107,228,933781,932
600036,招商银行,货币金融服务,J66,2015-33,14/08/2015,-0.030071,12822,583612,,,,,351,114,107,130,766878,486
600036,招商银行,货币金融服务,J66,2015-34,21/08/2015,-0.067644,13092,518306,,,,,442,118,139,185,745200,542
600036,招商银行,货币金融服务,J66,2015-35,28/08/2015,0.045949,18750,599857,143,85,46,518,566,170,139,257,1649660,2036
600036,招商银行,货币金融服务,J66,2015-36,02/09/2015,-0.030636,,,,,,,,,,,,
600036,招商银行,货币金融服务,J66,2015-37,11/09/2015,0.020871,11000,599654,,,,,320,106,75,139,811259,1321
600036,招商银行,货币金融服务,J66,2015-38,18/09/2015,0.034463,12628,575975,,,,,642,226,125,291,1600696,1128
600036,招商银行,货币金融服务,J66,2015-39,25/09/2015,0.000565,10016,549412,,,,,222,74,55,93,995248,686
600036,招商银行,货币金融服务,J66,2015-40,30/09/2015,0.002822,,,,,,,,,,,,
600036,招商银行,货币金融服务,J66,2015-41,09/10/2015,0.010692,5055,405212,,,,,103,45,10,48,251585,129
600036,招商银行,货币金融服务,J66,2015-42,16/10/2015,0.034521,9922,579788,35,124,17,209,239,84,35,120,706663,631
600036,招商银行,货币金融服务,J66,2015-43,23/10/2015,-0.02099,9608,543207,9,20,0,219,243,82,62,99,415345,284
600036,招商银行,货币金融服务,J66,2015-44,30/10/2015,-0.014294,9280,513224,56,39,23,206,208,63,54,91,440842,366
600036,招商银行,货币金融服务,J66,2015-45,06/11/2015,0.041829,9223,509969,72,44,21,324,189,62,37,90,481583,457
600036,招商银行,货币金融服务,J66,2015-46,13/11/2015,-0.028908,9986,546972,,,,,303,78,75,150,537973,497
600036,招商银行,货币金融服务,J66,2015-47,20/11/2015,0.000551,8984,503606,,,,,173,57,31,85,359533,241
600036,招商银行,货币金融服务,J66,2015-48,27/11/2015,-0.061157,9302,485726,,,,,299,85,102,112,452233,413
600036,招商银行,货币金融服务,J66,2015-49,04/12/2015,0.012324,9696,500388,,,,,229,80,62,87,329399,314
600036,招商银行,货币金融服务,J66,2015-50,11/12/2015,-0.01913,9035,500402,,,,,267,79,83,105,753552,553
600036,招商银行,货币金融服务,J66,2015-51,18/12/2015,0.035461,9412,490491,,,,,328,100,91,137,766719,495
600036,招商银行,货币金融服务,J66,2015-52,25/12/2015,0.046233,9978,496331,11,7,7,50,255,116,42,97,890458,469
600036,招商银行,货币金融服务,J66,2015-53,31/12/2015,-0.018549,,,,,,,,,,,,
600036,招商银行,货币金融服务,J66,2016-02,08/01/2016,-0.065592,9618,533422,,,,,212,68,64,80,619799,303
600036,招商银行,货币金融服务,J66,2016-03,15/01/2016,-0.07912,9345,522645,,,,,180,39,59,82,462851,218
600036,招商银行,货币金融服务,J66,2016-04,22/01/2016,-0.01292,8605,514762,,,,,138,50,24,64,490341,210
600036,招商银行,货币金融服务,J66,2016-05,29/01/2016,-0.018979,8518,465904,,,,,178,67,50,61,633595,280
600036,招商银行,货币金融服务,J66,2016-06,05/02/2016,-0.008672,6394,459078,,,,,75,20,24,31,688875,231
600036,招商银行,货币金融服务,J66,2016-08,19/02/2016,-0.007402,7832,415583,,,,,173,57,54,62,867782,266
600036,招商银行,货币金融服务,J66,2016-09,26/02/2016,-0.020339,8066,444496,,,,,167,50,41,76,832730,607
600036,招商银行,货币金融服务,J66,2016-10,04/03/2016,0.10519,8371,455508,,,,,186,62,37,87,911138,388
600036,招商银行,货币金融服务,J66,2016-11,11/03/2016,-0.01315,8295,444989,,,,,142,48,26,68,618664,262
600036,招商银行,货币金融服务,J66,2016-12,18/03/2016,0.026015,8399,430398,,,,,169,53,37,79,637894,312
600036,招商银行,货币金融服务,J66,2016-13,25/03/2016,-0.002474,7375,431262,,,,,168,52,34,82,795641,532
600036,招商银行,货币金融服务,J66,2016-14,01/04/2016,0.008679,7056,421942,,,,,157,50,29,78,837646,141
600036,招商银行,货币金融服务,J66,2016-15,08/04/2016,-0.006761,5628,390877,,,,,101,32,23,46,455416,86
600036,招商银行,货币金融服务,J66,2016-16,15/04/2016,0.047649,7298,417582,,,,,145,55,25,65,443340,270
600036,招商银行,货币金融服务,J66,2016-17,22/04/2016,0.055523,8577,389939,,,,,254,108,33,113,804970,873
600036,招商银行,货币金融服务,J66,2016-18,29/04/2016,-0.006715,7631,417217,,,,,1797,864,26,907,683365,357
600036,招商银行,货币金融服务,J66,2016-19,06/05/2016,-0.024225,5692,352556,,,,,1233,478,18,737,434683,930
600036,招商银行,货币金融服务,J66,2016-20,13/05/2016,0.014434,6864,384636,,,,,828,179,44,605,448844,142
600036,招商银行,货币金融服务,J66,2016-21,20/05/2016,0.017644,6329,367743,,,,,914,149,81,684,648213,298
600036,招商银行,货币金融服务,J66,2016-22,27/05/2016,-0.012304,5895,365994,,,,,667,91,138,438,553294,283
600036,招商银行,货币金融服务,J66,2016-23,03/06/2016,0.006795,6189,361103,,,,,664,59,32,573,328498,87
600036,招商银行,货币金融服务,J66,2016-24,08/06/2016,-0.000562,,,,,,,,,,,,
600036,招商银行,货币金融服务,J66,2016-25,17/06/2016,-0.015194,5287,375205,,,,,115,39,27,49,296390,134
600036,招商银行,货币金融服务,J66,2016-26,24/06/2016,-0.014286,4841,358486,,,,,162,55,34,73,309371,101
600036,招商银行,货币金融服务,J66,2016-27,01/07/2016,0.022029,5330,380382,,,,,142,50,24,68,198526,103
600036,招商银行,货币金融服务,J66,2016-28,08/07/2016,-0.013613,5572,376635,,,,,146,52,29,65,103670,89
600036,招商银行,货币金融服务,J66,2016-29,15/07/2016,0.025302,6234,369328,,,,,134,49,21,64,105172,80
600036,招商银行,货币金融服务,J66,2016-30,22/07/2016,-0.003501,5246,359955,,,,,106,41,16,49,98307,86
600036,招商银行,货币金融服务,J66,2016-31,29/07/2016,0.004684,5048,361458,,,,,112,38,17,57,81481,98
600036,招商银行,货币金融服务,J66,2016-32,05/08/2016,-0.003497,4737,366780,,,,,112,36,18,58,112952,92
600036,招商银行,货币金融服务,J66,2016-33,12/08/2016,0.052047,5428,360024,,,,,116,56,17,43,73724,124
600036,招商银行,货币金融服务,J66,2016-34,19/08/2016,0.035019,7390,367799,,,,,201,90,23,88,179612,243
600036,招商银行,货币金融服务,J66,2016-35,26/08/2016,-0.003759,5768,376687,,,,,120,53,13,54,197528,163
600036,招商银行,货币金融服务,J66,2016-36,02/09/2016,0.007008,5276,373544,,,,,111,46,17,48,65829,106
600036,招商银行,货币金融服务,J66,2016-37,09/09/2016,-0.018737,4595,415726,,,,,142,34,23,85,91826,242
600036,招商银行,货币金融服务,J66,2016-38,14/09/2016,-0.043099,,,,,,,,,,,,
600036,招商银行,货币金融服务,J66,2016-39,23/09/2016,0.025086,4085,432119,,,,,63,25,12,26,46728,31
600036,招商银行,货币金融服务,J66,2016-40,30/09/2016,0.001112,4022,412152,,,,,70,26,8,36,59933,58
600036,招商银行,货币金融服务,J66,2016-42,14/10/2016,0.005556,4502,460272,,,,,53,22,4,27,28359,21
600036,招商银行,货币金融服务,J66,2016-43,21/10/2016,-0.010497,3747,396498,,,,,35,23,1,11,38854,12
600036,招商银行,货币金融服务,J66,2016-44,28/10/2016,-0.000558,4441,392008,,,,,53,25,6,22,87268,32
600036,招商银行,货币金融服务,J66,2016-45,04/11/2016,0.000559,4140,378890,,,,,69,31,10,28,98381,283
600036,招商银行,货币金融服务,J66,2016-46,11/11/2016,0.006142,4140,386520,,,,,83,32,12,39,49345,81
600036,招商银行,货币金融服务,J66,2016-47,18/11/2016,0.00444,3972,365841,,,,,79,30,10,39,49220,332
600036,招商银行,货币金融服务,J66,2016-48,25/11/2016,0.049171,4948,340866,,,,,99,33,18,48,52447,122
600036,招商银行,货币金融服务,J66,2016-49,02/12/2016,-0.02633,5103,360432,,,,,186,52,24,110,171542,250
600036,招商银行,货币金融服务,J66,2016-50,09/12/2016,0.038399,4840,378416,,,,,214,66,37,111,77723,401
600036,招商银行,货币金融服务,J66,2016-51,16/12/2016,-0.053125,5197,367609,,,,,140,44,18,78,74109,108
600036,招商银行,货币金融服务,J66,2016-52,23/12/2016,-0.031903,4403,351914,,,,,146,35,28,83,54569,686
600036,招商银行,货币金融服务,J66,2016-53,30/12/2016,0,3826,361061,,,,,119,32,37,50,61201,44
600048,保利地产,房地产业,K70,2014-01,03/01/2014,-0.01697,3624,9468,,,,,136,66,19,51,278398,501
600048,保利地产,房地产业,K70,2014-02,10/01/2014,-0.055487,9539,24030,221,225,67,733,559,233,142,184,885874,1358
600048,保利地产,房地产业,K70,2014-03,17/01/2014,-0.027415,8845,22601,,,,,408,149,94,165,592886,900
600048,保利地产,房地产业,K70,2014-04,24/01/2014,0.097987,8928,22198,,,,,373,169,66,138,497602,719
600048,保利地产,房地产业,K70,2014-05,30/01/2014,-0.050122,,,,,,,,,,,,
600048,保利地产,房地产业,K70,2014-06,07/02/2014,0.009009,3436,11953,,,,,122,52,22,48,167470,176
600048,保利地产,房地产业,K70,2014-07,14/02/2014,-0.006378,9605,23900,112,116,38,324,326,125,78,123,448003,512
600048,保利地产,房地产业,K70,2014-08,21/02/2014,-0.050064,10282,27619,,,,,780,253,202,325,1101385,1699
600048,保利地产,房地产业,K70,2014-09,28/02/2014,-0.087838,11709,33423,19,30,7,84,956,333,251,372,1191753,1545
600048,保利地产,房地产业,K70,2014-10,07/03/2014,0.023704,11524,32345,,,,,1039,411,291,337,1145139,1357
600048,保利地产,房地产业,K70,2014-11,14/03/2014,0.011577,12571,32949,76,202,51,334,672,341,132,199,772735,903
600048,保利地产,房地产业,K70,2014-12,21/03/2014,0.030043,11332,30665,,,,,689,284,123,282,897925,1345
600048,保利地产,房地产业,K70,2014-13,28/03/2014,0.070833,12773,33381,10,7,0,62,535,244,80,211,844407,1185
600048,保利地产,房地产业,K70,2014-14,04/04/2014,0.058366,13945,36509,400,587,93,1592,686,329,105,252,1317932,1726
600048,保利地产,房地产业,K70,2014-15,11/04/2014,-0.018382,10734,28894,79,70,21,218,286,121,62,103,530512,722
600048,保利地产,房地产业,K70,2014-16,18/04/2014,-0.036205,10505,28151,22,75,27,74,307,128,58,121,515914,1206
600048,保利地产,房地产业,K70,2014-17,25/04/2014,0.007772,10616,27998,,,,,285,131,60,94,502387,731
600048,保利地产,房地产业,K70,2014-18,30/04/2014,-0.017995,,,,,,,,,,,,
600048,保利地产,房地产业,K70,2014-19,09/05/2014,-0.070681,10271,27658,34,115,48,164,326,115,78,133,498946,1012
600048,保利地产,房地产业,K70,2014-20,16/05/2014,0.05493,10218,27920,11,27,2,46,266,104,66,96,437010,618
600048,保利地产,房地产业,K70,2014-21,23/05/2014,0.054606,10712,29837,,,,,366,148,75,143,703121,1109
600048,保利地产,房地产业,K70,2014-22,30/05/2014,-0.009862,10672,27944,,,,,272,120,41,111,605714,940
600048,保利地产,房地产业,K70,2014-23,06/06/2014,-0.015936,8421,23121,78,95,11,292,138,70,14,54,548341,327
600048,保利地产,房地产业,K70,2014-24,13/06/2014,0.04251,10372,28819,35,63,22,72,257,95,45,117,799081,803
600048,保利地产,房地产业,K70,2014-25,20/06/2014,-0.04466,9656,25555,,,,,315,135,58,122,824531,718
600048,保利地产,房地产业,K70,2014-26,27/06/2014,0,9205,23873,,,,,262,91,67,104,569210,1210
600048,保利地产,房地产业,K70,2014-27,04/07/2014,0.022358,9036,23984,,,,,190,80,37,73,370166,575
600048,保利地产,房地产业,K70,2014-28,11/07/2014,0.039761,9247,25564,151,302,56,628,186,78,35,73,360592,573
600048,保利地产,房地产业,K70,2014-29,18/07/2014,0.063098,10022,28140,,,,,305,129,57,119,588349,1852
600048,保利地产,房地产业,K70,2014-30,25/07/2014,0.115108,12013,34021,,,,,357,152,62,143,665332,1293
600048,保利地产,房地产业,K70,2014-31,01/08/2014,-0.05,11466,33741,,,,,443,159,101,183,702363,1086
600048,保利地产,房地产业,K70,2014-32,08/08/2014,-0.025467,10299,29209,63,124,27,252,331,130,58,143,531164,761
600048,保利地产,房地产业,K70,2014-33,15/08/2014,0.010453,10134,29090,,,,,272,95,58,119,491931,551
600048,保利地产,房地产业,K70,2014-34,22/08/2014,-0.024138,10107,27633,,,,,532,185,117,230,671710,1076
600048,保利地产,房地产业,K70,2014-35,29/08/2014,0.001767,9835,26906,413,344,63,1390,387,162,67,158,556847,756
600048,保利地产,房地产业,K70,2014-36,05/09/2014,0.044092,10077,27271,,,,,339,140,60,139,446322,753
600048,保利地产,房地产业,K70,2014-37,12/09/2014,-0.037162,8927,25875,27,58,6,128,465,125,114,226,663603,953
600048,保利地产,房地产业,K70,2014-38,19/09/2014,-0.019298,11479,31024,,,,,550,161,117,272,894095,1465
600048,保利地产,房地产业,K70,2014-39,26/09/2014,-0.005367,11416,31845,9,40,5,173,585,166,127,292,817095,1497
600048,保利地产,房地产业,K70,2014-40,30/09/2014,-0.001799,,,,,,,,,,,,
600048,保利地产,房地产业,K70,2014-41,10/10/2014,0.052252,9451,31864,46,101,9,249,385,186,48,151,788373,740
600048,保利地产,房地产业,K70,2014-42,17/10/2014,-0.030822,12567,41140,,,,,359,130,72,157,689614,531
600048,保利地产,房地产业,K70,2014-43,24/10/2014,-0.024735,10487,32416,,,,,439,125,111,203,577162,671
600048,保利地产,房地产业,K70,2014-44,31/10/2014,0.04529,11751,33847,271,196,63,879,566,243,110,213,858601,1046
600048,保利地产,房地产业,K70,2014-45,07/11/2014,0.008666,11513,31786,,,,,437,195,70,172,763110,736
600048,保利地产,房地产业,K70,2014-46,14/11/2014,0.051546,12550,34792,32,23,1,151,491,184,94,213,814211,888
600048,保利地产,房地产业,K70,2014-47,21/11/2014,-0.039216,11565,32137,,,,,663,200,150,313,1111653,1296
600048,保利地产,房地产业,K70,2014-48,28/11/2014,0.22449,18303,58807,,,,,775,285,132,358,1544939,1243
600048,保利地产,房地产业,K70,2014-49,05/12/2014,0.072222,18729,59034,12,36,2,50,479,186,84,209,911723,859
600048,保利地产,房地产业,K70,2014-50,12/12/2014,0.080311,20084,68817,51,107,16,310,510,197,108,205,1127291,1278
600048,保利地产,房地产业,K70,2014-51,19/12/2014,0.002398,17379,55019,,,,,632,206,144,282,1099449,948
600048,保利地产,房地产业,K70,2014-52,26/12/2014,0.037081,15248,46325,,,,,413,137,96,180,848018,1457
600048,保利地产,房地产业,K70,2014-53,31/12/2014,0.247982,,,,,,,,,,,,
600048,保利地产,房地产业,K70,2015-02,09/01/2015,-0.012939,22892,79072,71,104,11,318,663,246,141,276,1199544,1348
600048,保利地产,房地产业,K70,2015-03,16/01/2015,0.036517,16930,54867,71,80,20,242,577,209,130,238,1477723,4141
600048,保利地产,房地产业,K70,2015-04,23/01/2015,0.03252,17773,58067,29,29,5,75,708,236,148,324,1062841,2269
600048,保利地产,房地产业,K70,2015-05,30/01/2015,-0.083115,16856,53060,,,,,669,200,148,321,2061821,7974
600048,保利地产,房地产业,K70,2015-06,06/02/2015,-0.094466,17692,57304,,,,,861,226,219,416,1327058,2812
600048,保利地产,房地产业,K70,2015-07,13/02/2015,0.065332,14709,44417,52,100,17,241,439,170,81,188,738629,991
600048,保利地产,房地产业,K70,2015-08,17/02/2015,-0.001978,,,,,,,,,,,,
600048,保利地产,房地产业,K70,2015-09,27/02/2015,0.009911,9174,30134,,,,,344,129,54,161,649991,1380
600048,保利地产,房地产业,K70,2015-10,06/03/2015,-0.093229,20602,71680,,,,,876,264,186,426,1111354,3220
600048,保利地产,房地产业,K70,2015-11,13/03/2015,0.027056,18838,64648,25,87,23,230,974,288,199,487,558685,2194
600048,保利地产,房地产业,K70,2015-12,20/03/2015,0.11275,24643,87577,248,284,64,999,1001,390,155,456,1301507,2913
600048,保利地产,房地产业,K70,2015-13,27/03/2015,0.019886,25006,92529,20,17,5,57,1013,324,229,460,1877034,2858
600048,保利地产,房地产业,K70,2015-14,03/04/2015,0.039926,36317,155470,,,,,1766,585,355,826,3031506,4460
600048,保利地产,房地产业,K70,2015-15,10/04/2015,0.136607,32808,126728,23,37,2,90,1435,542,215,678,3345730,3638
600048,保利地产,房地产业,K70,2015-16,17/04/2015,0.087196,34707,141073,38,55,16,275,1420,520,247,653,3248617,3716
600048,保利地产,房地产业,K70,2015-17,24/04/2015,-0.041185,32237,139261,13,11,3,27,1514,615,283,616,2988985,3490
600048,保利地产,房地产业,K70,2015-18,30/04/2015,0.128109,,,,,,,,,,,,
600048,保利地产,房地产业,K70,2015-19,08/05/2015,-0.069472,29735,135404,30,55,5,170,1513,502,321,690,3023149,4842
600048,保利地产,房地产业,K70,2015-20,15/05/2015,-0.078248,38128,192658,,,,,3262,864,773,1625,4465596,7214
600048,保利地产,房地产业,K70,2015-21,22/05/2015,0.033489,35514,166118,,,,,2645,745,579,1321,3105597,5325
600048,保利地产,房地产业,K70,2015-22,29/05/2015,-0.089676,36837,168192,,,,,2713,797,545,1371,4691943,5701
600048,保利地产,房地产业,K70,2015-23,05/06/2015,0.110099,33853,152242,,,,,2257,742,449,1066,3423318,4108
600048,保利地产,房地产业,K70,2015-24,12/06/2015,0.005667,40865,177715,59,115,7,350,2278,704,399,1175,3954834,4354
600048,保利地产,房地产业,K70,2015-25,19/06/2015,-0.131876,34414,142998,6,36,6,182,2194,618,390,1186,3136700,4137
600048,保利地产,房地产业,K70,2015-26,26/06/2015,-0.081597,25547,106269,,,,,1405,346,307,752,2175695,2910
600048,保利地产,房地产业,K70,2015-27,03/07/2015,-0.111531,37600,166988,9,48,1,85,1362,384,268,710,2114435,2642
600048,保利地产,房地产业,K70,2015-28,10/07/2015,0.204255,36233,167560,89,133,17,446,1166,326,238,602,1883606,2003
600048,保利地产,房地产业,K70,2015-29,17/07/2015,-0.053004,31573,140290,,,,,1511,391,380,740,2132664,2898
600048,保利地产,房地产业,K70,2015-30,24/07/2015,-0.020522,24310,100300,,,,,2175,559,512,1104,2538436,2965
600048,保利地产,房地产业,K70,2015-31,31/07/2015,-0.12381,20905,83529,,,,,1352,316,342,694,1656040,1828
600048,保利地产,房地产业,K70,2015-32,07/08/2015,0.016304,17510,68391,,,,,882,222,215,445,1611116,1449
600048,保利地产,房地产业,K70,2015-33,14/08/2015,0.045989,19526,76364,75,115,10,303,945,288,206,451,1839734,1739
600048,保利地产,房地产业,K70,2015-34,21/08/2015,-0.122699,18533,69428,,,,,832,226,228,378,1348583,1365
600048,保利地产,房地产业,K70,2015-35,28/08/2015,-0.052448,18315,75280,247,178,42,881,826,213,169,444,1542081,1459
600048,保利地产,房地产业,K70,2015-36,02/09/2015,0.04674,,,,,,,,,,,,
600048,保利地产,房地产业,K70,2015-37,11/09/2015,-0.037603,14428,56507,90,149,15,454,632,156,141,335,1139985,1007
600048,保利地产,房地产业,K70,2015-38,18/09/2015,-0.004884,12544,46738,11,8,1,45,513,152,100,261,922157,806
600048,保利地产,房地产业,K70,2015-39,25/09/2015,-0.015951,10426,40357,7,5,2,68,583,150,155,278,758448,543
600048,保利地产,房地产业,K70,2015-40,30/09/2015,-0.003741,,,,,,,,,,,,
600048,保利地产,房地产业,K70,2015-41,09/10/2015,0.041302,5969,26344,,,,,151,40,35,76,457634,366
600048,保利地产,房地产业,K70,2015-42,16/10/2015,0.03726,10811,44902,21,23,8,88,418,132,75,211,726260,577
600048,保利地产,房地产业,K70,2015-43,23/10/2015,0.053302,11237,46224,,,,,770,273,112,385,789404,642
600048,保利地产,房地产业,K70,2015-44,30/10/2015,-0.040704,11988,48988,11,4,1,70,523,163,92,268,784119,616
600048,保利地产,房地产业,K70,2015-45,06/11/2015,0.056193,11448,43754,90,103,23,318,634,169,130,335,886804,866
600048,保利地产,房地产业,K70,2015-46,13/11/2015,-0.02823,11889,45778,8,9,4,25,470,125,107,238,699649,477
600048,保利地产,房地产业,K70,2015-47,20/11/2015,0.084916,13177,52485,,,,,756,222,133,401,1272569,1565
600048,保利地产,房地产业,K70,2015-48,27/11/2015,-0.052523,11282,43220,19,21,3,77,391,112,86,193,584166,465
600048,保利地产,房地产业,K70,2015-49,04/12/2015,0.195652,17261,78848,,,,,1112,350,202,560,1584868,2200
600048,保利地产,房地产业,K70,2015-50,11/12/2015,-0.059091,13986,58134,27,21,6,139,882,255,182,445,1783133,951
600048,保利地产,房地产业,K70,2015-51,18/12/2015,0.096618,15488,69339,,,,,1129,307,225,597,3367857,2759
600048,保利地产,房地产业,K70,2015-52,25/12/2015,0.004405,18117,82709,8,6,2,43,1104,330,235,539,2329517,1887
600048,保利地产,房地产业,K70,2015-53,31/12/2015,-0.066667,,,,,,,,,,,,
600048,保利地产,房地产业,K70,2016-02,08/01/2016,-0.108083,12289,50191,,,,,547,147,133,267,1412212,1067
600048,保利地产,房地产业,K70,2016-03,15/01/2016,-0.094837,12070,45034,,,,,573,115,167,291,1409981,1105
600048,保利地产,房地产业,K70,2016-04,22/01/2016,0.048894,11376,41501,,,,,439,143,86,210,1241045,745
600048,保利地产,房地产业,K70,2016-05,29/01/2016,-0.033296,10116,35473,,,,,337,108,67,162,926755,330
600048,保利地产,房地产业,K70,2016-06,05/02/2016,0.033295,9105,34280,,,,,409,107,100,202,1440523,463
600048,保利地产,房地产业,K70,2016-08,19/02/2016,0.005556,9203,35054,,,,,401,106,98,197,1254123,912
600048,保利地产,房地产业,K70,2016-09,26/02/2016,-0.027624,9636,39621,,,,,368,121,70,177,1222588,362
600048,保利地产,房地产业,K70,2016-10,04/03/2016,0.167045,13299,65508,,,,,760,261,140,359,2771138,1646
600048,保利地产,房地产业,K70,2016-11,11/03/2016,-0.089581,10269,45823,,,,,436,125,97,214,1282170,944
600048,保利地产,房地产业,K70,2016-12,18/03/2016,0.048128,10134,43458,,,,,561,197,97,267,1316572,680
600048,保利地产,房地产业,K70,2016-13,25/03/2016,-0.019388,9456,40121,,,,,521,143,102,276,1135314,1136
600048,保利地产,房地产业,K70,2016-14,01/04/2016,-0.030177,9115,35549,,,,,544,147,136,261,1260775,837
600048,保利地产,房地产业,K70,2016-15,08/04/2016,-0.01073,7621,31204,,,,,492,129,67,296,1421745,791
600048,保利地产,房地产业,K70,2016-16,15/04/2016,0.029284,9153,35262,,,,,741,254,109,378,1849344,843
600048,保利地产,房地产业,K70,2016-17,22/04/2016,-0.035827,8576,31373,,,,,639,168,121,350,1350047,862
600048,保利地产,房地产业,K70,2016-18,29/04/2016,-0.021858,8365,31315,,,,,2039,942,63,1034,1212985,687
600048,保利地产,房地产业,K70,2016-19,06/05/2016,0.011173,7151,27929,,,,,1570,586,67,917,914289,630
600048,保利地产,房地产业,K70,2016-20,13/05/2016,-0.016575,8132,29700,,,,,1011,214,57,740,733533,541
600048,保利地产,房地产业,K70,2016-21,20/05/2016,-0.015169,8324,31131,,,,,1099,196,109,794,1052430,1025
600048,保利地产,房地产业,K70,2016-22,27/05/2016,-0.022565,8443,35160,,,,,990,171,188,631,1948854,1019
600048,保利地产,房地产业,K70,2016-23,03/06/2016,0.034022,7564,28969,,,,,760,88,56,616,846579,451
600048,保利地产,房地产业,K70,2016-24,08/06/2016,-0.0047,,,,,,,,,,,,
600048,保利地产,房地产业,K70,2016-25,17/06/2016,-0.021251,7292,26834,,,,,269,68,65,136,703390,499
600048,保利地产,房地产业,K70,2016-26,24/06/2016,0.020507,8570,31548,,,,,314,111,42,161,1097036,584
600048,保利地产,房地产业,K70,2016-27,01/07/2016,0.013002,7808,31642,,,,,291,92,48,151,449008,524
600048,保利地产,房地产业,K70,2016-28,06/07/2016,0.061844,,,,,,,,,,,,
600048,保利地产,房地产业,K70,2016-29,15/07/2016,0.01978,9193,39280,,,,,404,138,69,197,765359,702
600048,保利地产,房地产业,K70,2016-30,22/07/2016,-0.039871,8607,33010,,,,,382,116,98,168,493588,651
600048,保利地产,房地产业,K70,2016-31,29/07/2016,0.008979,7976,30511,,,,,248,84,57,107,399789,334
600048,保利地产,房地产业,K70,2016-32,05/08/2016,0.046719,7543,30264,,,,,364,125,69,170,378776,614
600048,保利地产,房地产业,K70,2016-33,12/08/2016,0.05526,8621,33377,,,,,461,184,96,181,490951,1025
600048,保利地产,房地产业,K70,2016-34,19/08/2016,0.002014,12642,48370,,,,,795,253,156,386,702494,1290
600048,保利地产,房地产业,K70,2016-35,26/08/2016,-0.050251,9018,33247,,,,,382,107,97,178,382755,628
600048,保利地产,房地产业,K70,2016-36,02/09/2016,0.005291,8593,32452,,,,,376,134,78,164,457729,349
600048,保利地产,房地产业,K70,2016-37,09/09/2016,-0.017895,7818,32458,,,,,311,86,67,158,331897,337
600048,保利地产,房地产业,K70,2016-38,14/09/2016,0.043944,,,,,,,,,,,,
600048,保利地产,房地产业,K70,2016-39,23/09/2016,-0.001027,8158,38196,,,,,284,87,57,140,235740,582
600048,保利地产,房地产业,K70,2016-40,30/09/2016,-0.013361,7108,36160,,,,,158,60,29,69,172898,433
600048,保利地产,房地产业,K70,2016-42,14/10/2016,-0.041667,7638,41485,,,,,307,103,70,134,309739,564
600048,保利地产,房地产业,K70,2016-43,21/10/2016,-0.005435,7150,35867,,,,,181,56,36,89,226874,457
600048,保利地产,房地产业,K70,2016-44,28/10/2016,0.002186,6850,33704,,,,,161,59,42,60,211558,251
600048,保利地产,房地产业,K70,2016-45,04/11/2016,-0.009815,6646,28054,,,,,216,63,62,91,246688,298
600048,保利地产,房地产业,K70,2016-46,11/11/2016,0.018722,6884,26554,,,,,247,84,51,112,276433,292
600048,保利地产,房地产业,K70,2016-47,18/11/2016,0.012973,7155,27094,,,,,184,60,27,97,179058,292
600048,保利地产,房地产业,K70,2016-48,25/11/2016,0.073639,8483,31871,,,,,257,105,38,114,323307,405
600048,保利地产,房地产业,K70,2016-49,02/12/2016,0.054672,10726,44631,,,,,761,249,149,363,1569969,1862
600048,保利地产,房地产业,K70,2016-50,09/12/2016,-0.063148,9375,36405,,,,,435,120,86,229,606198,818
600048,保利地产,房地产业,K70,2016-51,16/12/2016,-0.05835,7501,30145,,,,,368,102,79,187,328330,470
600048,保利地产,房地产业,K70,2016-52,23/12/2016,-0.024573,7118,27887,,,,,337,112,71,154,733917,498
600048,保利地产,房地产业,K70,2016-53,30/12/2016,0,6603,32845,,,,,260,79,61,120,232856,288
600050,中国联通,电信、广播电视和卫星传输服务,I63,2014-01,03/01/2014,-0.012461,4234,141429,,,,,103,31,41,31,181607,235
600050,中国联通,电信、广播电视和卫星传输服务,I63,2014-02,10/01/2014,-0.053628,10214,201433,,,,,375,115,107,153,537650,833
600050,中国联通,电信、广播电视和卫星传输服务,I63,2014-03,17/01/2014,-0.003333,10055,187308,,,,,233,89,64,80,328720,431
600050,中国联通,电信、广播电视和卫星传输服务,I63,2014-04,24/01/2014,0.013378,9771,216987,,,,,243,73,64,106,348335,437
600050,中国联通,电信、广播电视和卫星传输服务,I63,2014-05,30/01/2014,-0.009901,,,,,,,,,,,,
600050,中国联通,电信、广播电视和卫星传输服务,I63,2014-06,07/02/2014,0.01,4135,205819,,,,,62,28,12,22,155907,227
600050,中国联通,电信、广播电视和卫星传输服务,I63,2014-07,14/02/2014,0.016502,11531,200128,23,83,11,224,319,117,84,118,487679,579
600050,中国联通,电信、广播电视和卫星传输服务,I63,2014-08,21/02/2014,0.019481,12119,197124,,,,,298,102,90,106,569679,656
600050,中国联通,电信、广播电视和卫星传输服务,I63,2014-09,28/02/2014,-0.025478,11620,240419,42,55,4,133,404,163,90,151,730287,957
600050,中国联通,电信、广播电视和卫星传输服务,I63,2014-10,07/03/2014,0.062092,15513,277750,41,87,12,206,462,175,99,188,800277,921
600050,中国联通,电信、广播电视和卫星传输服务,I63,2014-11,14/03/2014,-0.052308,12127,191000,,,,,216,66,72,78,343456,429
600050,中国联通,电信、广播电视和卫星传输服务,I63,2014-12,21/03/2014,0.003247,11447,207678,4,40,2,67,389,131,123,135,632772,886
600050,中国联通,电信、广播电视和卫星传输服务,I63,2014-13,28/03/2014,0,11539,220887,,,,,258,87,71,100,393693,519
600050,中国联通,电信、广播电视和卫星传输服务,I63,2014-14,04/04/2014,-0.006472,10380,279439,,,,,273,100,77,96,386625,564
600050,中国联通,电信、广播电视和卫星传输服务,I63,2014-15,11/04/2014,0.029316,10288,184643,,,,,273,92,70,111,514827,1031
600050,中国联通,电信、广播电视和卫星传输服务,I63,2014-16,18/04/2014,-0.006329,10839,169739,87,80,20,381,274,120,61,93,516309,654
600050,中国联通,电信、广播电视和卫星传输服务,I63,2014-17,25/04/2014,-0.025478,12065,184114,18,20,4,63,485,207,112,166,754352,971
600050,中国联通,电信、广播电视和卫星传输服务,I63,2014-18,30/04/2014,0.039216,,,,,,,,,,,,
600050,中国联通,电信、广播电视和卫星传输服务,I63,2014-19,09/05/2014,0.015723,12422,203345,19,117,8,166,375,144,73,158,657957,1074
600050,中国联通,电信、广播电视和卫星传输服务,I63,2014-20,16/05/2014,0.003096,14297,243552,,,,,343,110,89,144,512076,897
600050,中国联通,电信、广播电视和卫星传输服务,I63,2014-21,23/05/2014,-0.006173,10899,212051,,,,,246,75,76,95,416377,441
600050,中国联通,电信、广播电视和卫星传输服务,I63,2014-22,30/05/2014,0.016584,10418,204636,,,,,189,70,44,75,377701,605
600050,中国联通,电信、广播电视和卫星传输服务,I63,2014-23,06/06/2014,-0.018634,8523,213509,,,,,120,40,38,42,225200,386
600050,中国联通,电信、广播电视和卫星传输服务,I63,2014-24,13/06/2014,-0.003165,9769,153037,,,,,206,80,48,78,434682,748
600050,中国联通,电信、广播电视和卫星传输服务,I63,2014-25,20/06/2014,0.009524,10128,157188,,,,,241,73,70,98,472007,507
600050,中国联通,电信、广播电视和卫星传输服务,I63,2014-26,27/06/2014,0.037736,10801,175473,,,,,246,107,48,91,528044,805
600050,中国联通,电信、广播电视和卫星传输服务,I63,2014-27,04/07/2014,0.00303,11571,249476,,,,,239,99,54,86,543922,670
600050,中国联通,电信、广播电视和卫星传输服务,I63,2014-28,11/07/2014,0.02719,11026,162361,9,7,2,72,179,75,38,66,451749,489
600050,中国联通,电信、广播电视和卫星传输服务,I63,2014-29,18/07/2014,-0.011765,12206,155935,36,104,8,130,162,59,39,64,468661,497
600050,中国联通,电信、广播电视和卫星传输服务,I63,2014-30,25/07/2014,0.03869,11257,158928,,,,,184,71,35,78,452454,646
600050,中国联通,电信、广播电视和卫星传输服务,I63,2014-31,01/08/2014,-0.005731,13697,218480,,,,,181,73,32,76,450230,554
600050,中国联通,电信、广播电视和卫星传输服务,I63,2014-32,08/08/2014,0.008646,13195,190577,142,157,41,597,201,73,44,84,547542,503
600050,中国联通,电信、广播电视和卫星传输服务,I63,2014-33,15/08/2014,0.022857,12425,150520,9,5,4,44,168,75,27,66,429193,442
600050,中国联通,电信、广播电视和卫星传输服务,I63,2014-34,22/08/2014,-0.02514,11756,150679,26,300,5,355,195,63,55,77,455882,509
600050,中国联通,电信、广播电视和卫星传输服务,I63,2014-35,29/08/2014,-0.008596,11204,178098,,,,,269,108,54,107,612901,932
600050,中国联通,电信、广播电视和卫星传输服务,I63,2014-36,05/09/2014,0.037572,12496,258221,,,,,350,142,70,138,930884,841
600050,中国联通,电信、广播电视和卫星传输服务,I63,2014-37,12/09/2014,-0.008357,10412,186013,44,229,3,288,179,87,29,63,568723,1452
600050,中国联通,电信、广播电视和卫星传输服务,I63,2014-38,19/09/2014,0.011236,12966,169341,,,,,391,150,89,152,964429,1128
600050,中国联通,电信、广播电视和卫星传输服务,I63,2014-39,26/09/2014,-0.002778,12199,190150,,,,,310,111,78,121,684807,876
600050,中国联通,电信、广播电视和卫星传输服务,I63,2014-40,30/09/2014,-0.002786,,,,,,,,,,,,
600050,中国联通,电信、广播电视和卫星传输服务,I63,2014-41,10/10/2014,0.002793,8570,205757,,,,,248,86,68,94,529463,644
600050,中国联通,电信、广播电视和卫星传输服务,I63,2014-42,17/10/2014,-0.011142,12471,216719,,,,,376,127,97,152,778486,959
600050,中国联通,电信、广播电视和卫星传输服务,I63,2014-43,24/10/2014,-0.03662,11351,214121,135,168,39,611,528,152,165,211,1036016,1227
600050,中国联通,电信、广播电视和卫星传输服务,I63,2014-44,31/10/2014,0.061404,12257,216404,7,9,7,39,386,139,84,163,828328,996
600050,中国联通,电信、广播电视和卫星传输服务,I63,2014-45,07/11/2014,-0.008264,14357,210989,,,,,588,215,151,222,1379845,1794
600050,中国联通,电信、广播电视和卫星传输服务,I63,2014-46,14/11/2014,0.041667,15986,238304,,,,,682,234,168,280,1529534,2432
600050,中国联通,电信、广播电视和卫星传输服务,I63,2014-47,21/11/2014,-0.032,14920,186569,,,,,822,279,239,304,2154721,4105
600050,中国联通,电信、广播电视和卫星传输服务,I63,2014-48,28/11/2014,0.082645,18026,218516,,,,,978,350,236,392,1514958,1559
600050,中国联通,电信、广播电视和卫星传输服务,I63,2014-49,05/12/2014,0.13486,29545,297565,42,288,9,384,858,300,171,387,1755528,2068
600050,中国联通,电信、广播电视和卫星传输服务,I63,2014-50,12/12/2014,0.002242,35681,256453,15,94,2,142,866,286,197,383,1940723,2362
600050,中国联通,电信、广播电视和卫星传输服务,I63,2014-51,19/12/2014,0.107383,29095,237888,3,16,0,34,788,271,187,330,1956192,1997
600050,中国联通,电信、广播电视和卫星传输服务,I63,2014-52,26/12/2014,-0.038384,30896,246259,21,63,18,221,1047,369,255,423,2094101,2609
600050,中国联通,电信、广播电视和卫星传输服务,I63,2014-53,31/12/2014,0.039916,,,,,,,,,,,,
600050,中国联通,电信、广播电视和卫星传输服务,I63,2015-02,09/01/2015,0.006061,35553,273525,,,,,1120,373,273,474,2425754,2464
600050,中国联通,电信、广播电视和卫星传输服务,I63,2015-03,16/01/2015,0.01004,25801,198522,,,,,768,230,232,306,1549110,3262
600050,中国联通,电信、广播电视和卫星传输服务,I63,2015-04,23/01/2015,-0.047714,25806,200382,,,,,827,253,227,347,1427217,2031
600050,中国联通,电信、广播电视和卫星传输服务,I63,2015-05,30/01/2015,-0.056367,19625,214114,,,,,684,230,207,247,1345003,2100
600050,中国联通,电信、广播电视和卫星传输服务,I63,2015-06,06/02/2015,-0.037611,18684,268406,,,,,725,265,177,283,1244335,1691
600050,中国联通,电信、广播电视和卫星传输服务,I63,2015-07,13/02/2015,0.114943,26194,230275,,,,,1542,493,352,697,3532065,4072
600050,中国联通,电信、广播电视和卫星传输服务,I63,2015-08,17/02/2015,0.142268,,,,,,,,,,,,
600050,中国联通,电信、广播电视和卫星传输服务,I63,2015-09,27/02/2015,0.019856,28368,227094,,,,,1433,503,258,672,3530784,4189
600050,中国联通,电信、广播电视和卫星传输服务,I63,2015-10,06/03/2015,-0.077876,39687,422788,80,140,19,335,1758,565,398,795,2930334,5433
600050,中国联通,电信、广播电视和卫星传输服务,I63,2015-11,13/03/2015,0.005758,28990,229224,6,4,4,40,1237,372,289,576,1231543,5040
600050,中国联通,电信、广播电视和卫星传输服务,I63,2015-12,20/03/2015,0.061069,36903,252186,,,,,1129,388,241,500,2079758,4178
600050,中国联通,电信、广播电视和卫星传输服务,I63,2015-13,27/03/2015,-0.030576,33521,249079,,,,,1380,454,363,563,2492283,3482
600050,中国联通,电信、广播电视和卫星传输服务,I63,2015-14,03/04/2015,0.103896,44814,351560,6,10,0,31,1666,591,292,783,4028153,4884
600050,中国联通,电信、广播电视和卫星传输服务,I63,2015-15,10/04/2015,0.026891,37931,250895,,,,,1024,355,195,474,2403073,3206
600050,中国联通,电信、广播电视和卫星传输服务,I63,2015-16,17/04/2015,0.157119,53084,283937,,,,,1636,549,317,770,3736563,5249
600050,中国联通,电信、广播电视和卫星传输服务,I63,2015-17,24/04/2015,0.2843,97966,490079,4,22,0,41,3736,1291,726,1719,9773958,12466
600050,中国联通,电信、广播电视和卫星传输服务,I63,2015-18,30/04/2015,0.048458,,,,,,,,,,,,
600050,中国联通,电信、广播电视和卫星传输服务,I63,2015-19,08/05/2015,-0.086134,97237,499935,,,,,3932,1096,1078,1758,7370129,13156
600050,中国联通,电信、广播电视和卫星传输服务,I63,2015-20,15/05/2015,-0.02069,81030,465083,5,13,1,19,3196,903,884,1409,5264162,8211
600050,中国联通,电信、广播电视和卫星传输服务,I63,2015-21,22/05/2015,0.058685,72621,483037,,,,,3023,814,775,1434,4412996,8702
600050,中国联通,电信、广播电视和卫星传输服务,I63,2015-22,29/05/2015,-0.04878,83919,459406,,,,,3199,813,966,1420,7212245,9415
600050,中国联通,电信、广播电视和卫星传输服务,I63,2015-23,05/06/2015,0.073427,72848,450419,,,,,2736,769,729,1238,4785858,7799
600050,中国联通,电信、广播电视和卫星传输服务,I63,2015-24,12/06/2015,0.058632,86012,436115,,,,,2378,646,668,1064,5402619,8097
600050,中国联通,电信、广播电视和卫星传输服务,I63,2015-25,19/06/2015,-0.214359,64348,340814,,,,,2483,561,821,1101,3989836,7073
600050,中国联通,电信、广播电视和卫星传输服务,I63,2015-26,26/06/2015,-0.083551,48961,300324,,,,,1170,272,392,506,2734768,4074
600050,中国联通,电信、广播电视和卫星传输服务,I63,2015-27,03/07/2015,-0.026026,76417,461891,,,,,1184,350,262,572,2125251,3099
600050,中国联通,电信、广播电视和卫星传输服务,I63,2015-28,10/07/2015,0.159527,77216,418770,,,,,1311,354,348,609,2146387,2830
600050,中国联通,电信、广播电视和卫星传输服务,I63,2015-29,17/07/2015,-0.081529,59396,327032,,,,,1204,283,410,511,2064265,2247
600050,中国联通,电信、广播电视和卫星传输服务,I63,2015-30,24/07/2015,-0.006935,45287,287356,,,,,1181,319,323,539,1961886,1960
600050,中国联通,电信、广播电视和卫星传输服务,I63,2015-31,31/07/2015,-0.135475,41034,294253,,,,,964,207,302,455,1835385,2497
600050,中国联通,电信、广播电视和卫星传输服务,I63,2015-32,07/08/2015,0.01454,33248,287647,,,,,735,180,228,327,1432202,1588
600050,中国联通,电信、广播电视和卫星传输服务,I63,2015-33,14/08/2015,0.181529,48012,293101,,,,,1197,369,293,535,2777540,2522
600050,中国联通,电信、广播电视和卫星传输服务,I63,2015-34,21/08/2015,-0.009434,54450,323103,,,,,1967,555,459,953,4672024,4181
600050,中国联通,电信、广播电视和卫星传输服务,I63,2015-35,28/08/2015,-0.12381,44904,311402,32,11,8,82,1069,303,287,479,2493067,2853
600050,中国联通,电信、广播电视和卫星传输服务,I63,2015-36,02/09/2015,-0.013975,,,,,,,,,,,,
600050,中国联通,电信、广播电视和卫星传输服务,I63,2015-37,11/09/2015,-0.022047,27076,237962,,,,,780,195,228,357,1274780,1134
600050,中国联通,电信、广播电视和卫星传输服务,I63,2015-38,18/09/2015,-0.003221,24937,183539,,,,,733,180,234,319,1122402,1171
600050,中国联通,电信、广播电视和卫星传输服务,I63,2015-39,25/09/2015,0.017771,20928,191079,,,,,705,190,194,321,1481640,1015
600050,中国联通,电信、广播电视和卫星传输服务,I63,2015-40,30/09/2015,-0.046032,,,,,,,,,,,,
600050,中国联通,电信、广播电视和卫星传输服务,I63,2015-41,09/10/2015,0.021631,10536,148930,,,,,287,97,60,130,500586,546
600050,中国联通,电信、广播电视和卫星传输服务,I63,2015-42,16/10/2015,0.112378,23169,173922,,,,,759,241,153,365,1200647,1420
600050,中国联通,电信、广播电视和卫星传输服务,I63,2015-43,23/10/2015,0.019034,25129,181304,34,55,12,267,945,271,214,460,1516973,2042
600050,中国联通,电信、广播电视和卫星传输服务,I63,2015-44,30/10/2015,-0.050287,19171,187723,,,,,835,205,211,419,1019947,1705
600050,中国联通,电信、广播电视和卫星传输服务,I63,2015-45,06/11/2015,0.06354,22375,211800,,,,,1223,360,294,569,1480182,2064
600050,中国联通,电信、广播电视和卫星传输服务,I63,2015-46,13/11/2015,-0.048364,21210,175752,5,17,0,53,916,241,235,440,1088573,1759
600050,中国联通,电信、广播电视和卫星传输服务,I63,2015-47,20/11/2015,0.019432,18117,156482,,,,,793,224,206,363,935000,1295
600050,中国联通,电信、广播电视和卫星传输服务,I63,2015-48,27/11/2015,-0.08651,16151,151929,,,,,842,194,231,417,861255,1223
600050,中国联通,电信、广播电视和卫星传输服务,I63,2015-49,04/12/2015,0.001605,15988,186074,,,,,647,176,175,296,713776,1112
600050,中国联通,电信、广播电视和卫星传输服务,I63,2015-50,11/12/2015,-0.032051,14787,152182,,,,,781,185,215,381,1669413,1103
600050,中国联通,电信、广播电视和卫星传输服务,I63,2015-51,18/12/2015,0.039735,15386,151806,,,,,706,202,177,327,1323526,831
600050,中国联通,电信、广播电视和卫星传输服务,I63,2015-52,25/12/2015,-0.004777,15167,161260,,,,,766,217,218,331,1737511,1258
600050,中国联通,电信、广播电视和卫星传输服务,I63,2015-53,31/12/2015,-0.0112,,,,,,,,,,,,
600050,中国联通,电信、广播电视和卫星传输服务,I63,2016-02,08/01/2016,-0.116505,16731,168814,,,,,673,145,222,306,1694509,1238
600050,中国联通,电信、广播电视和卫星传输服务,I63,2016-03,15/01/2016,-0.135531,17099,142271,,,,,745,171,236,338,1814501,1097
600050,中国联通,电信、广播电视和卫星传输服务,I63,2016-04,22/01/2016,-0.012712,15217,153977,,,,,610,123,214,273,1158577,691
600050,中国联通,电信、广播电视和卫星传输服务,I63,2016-05,29/01/2016,-0.130901,14191,157199,,,,,719,151,236,332,1475522,909
600050,中国联通,电信、广播电视和卫星传输服务,I63,2016-06,05/02/2016,-0.002469,11810,159653,,,,,427,133,110,184,1409156,737
600050,中国联通,电信、广播电视和卫星传输服务,I63,2016-08,19/02/2016,0.054455,12604,124995,,,,,347,116,78,153,1298721,460
600050,中国联通,电信、广播电视和卫星传输服务,I63,2016-09,26/02/2016,-0.035211,13755,134093,,,,,332,96,87,149,1144510,568
600050,中国联通,电信、广播电视和卫星传输服务,I63,2016-10,04/03/2016,0.06326,13022,162942,,,,,316,72,86,158,1012151,513
600050,中国联通,电信、广播电视和卫星传输服务,I63,2016-11,11/03/2016,-0.029748,11723,123844,,,,,259,74,70,115,722336,279
600050,中国联通,电信、广播电视和卫星传输服务,I63,2016-12,18/03/2016,0.035377,11714,115554,,,,,459,136,115,208,1849280,790
600050,中国联通,电信、广播电视和卫星传输服务,I63,2016-13,25/03/2016,-0.009112,12777,126267,,,,,373,105,123,145,1240981,1270
600050,中国联通,电信、广播电视和卫星传输服务,I63,2016-14,01/04/2016,0.043678,12177,143550,,,,,418,136,83,199,1460783,997
600050,中国联通,电信、广播电视和卫星传输服务,I63,2016-15,08/04/2016,-0.044053,10911,145498,,,,,313,75,101,137,1192175,688
600050,中国联通,电信、广播电视和卫星传输服务,I63,2016-16,15/04/2016,0.018433,11314,120072,,,,,302,96,82,124,914622,570
600050,中国联通,电信、广播电视和卫星传输服务,I63,2016-17,22/04/2016,-0.065611,10144,111139,,,,,497,130,140,227,1462911,861
600050,中国联通,电信、广播电视和卫星传输服务,I63,2016-18,29/04/2016,-0.021792,10097,134039,,,,,1949,860,125,964,882444,410
600050,中国联通,电信、广播电视和卫星传输服务,I63,2016-19,06/05/2016,-0.00495,9021,147215,,,,,1320,525,50,745,533607,297
600050,中国联通,电信、广播电视和卫星传输服务,I63,2016-20,13/05/2016,-0.027363,10362,113647,,,,,912,207,69,636,725744,418
600050,中国联通,电信、广播电视和卫星传输服务,I63,2016-21,20/05/2016,-0.01023,9998,129181,,,,,929,136,106,687,819019,511
600050,中国联通,电信、广播电视和卫星传输服务,I63,2016-22,27/05/2016,0,9281,126645,,,,,761,109,160,492,862605,325
600050,中国联通,电信、广播电视和卫星传输服务,I63,2016-23,03/06/2016,0.02584,10209,150920,,,,,792,77,80,635,702463,303
600050,中国联通,电信、广播电视和卫星传输服务,I63,2016-24,08/06/2016,-0.012594,,,,,,,,,,,,
600050,中国联通,电信、广播电视和卫星传输服务,I63,2016-25,17/06/2016,-0.020408,9586,108778,,,,,338,86,108,144,759567,483
600050,中国联通,电信、广播电视和卫星传输服务,I63,2016-26,24/06/2016,-0.005208,9746,118390,,,,,524,145,140,239,1034004,869
600050,中国联通,电信、广播电视和卫星传输服务,I63,2016-27,01/07/2016,0.014974,10106,141556,,,,,424,129,113,182,541333,504
600050,中国联通,电信、广播电视和卫星传输服务,I63,2016-28,08/07/2016,0.02356,10269,136529,,,,,377,118,93,166,402758,486
600050,中国联通,电信、广播电视和卫星传输服务,I63,2016-29,15/07/2016,0.086957,14111,127438,,,,,563,185,132,246,795589,708
600050,中国联通,电信、广播电视和卫星传输服务,I63,2016-30,22/07/2016,-0.011765,11934,144936,,,,,355,114,83,158,534612,553
600050,中国联通,电信、广播电视和卫星传输服务,I63,2016-31,29/07/2016,0.014286,12897,154300,,,,,364,117,99,148,532101,530
600050,中国联通,电信、广播电视和卫星传输服务,I63,2016-32,05/08/2016,-0.004695,10774,170778,,,,,208,75,49,84,326684,327
600050,中国联通,电信、广播电视和卫星传输服务,I63,2016-33,12/08/2016,0.011792,10517,123068,,,,,296,79,75,142,264366,213
600050,中国联通,电信、广播电视和卫星传输服务,I63,2016-34,19/08/2016,0.062937,13161,128460,,,,,312,99,58,155,476155,418
600050,中国联通,电信、广播电视和卫星传输服务,I63,2016-35,26/08/2016,-0.048246,10268,135491,,,,,178,50,51,77,184307,173
600050,中国联通,电信、广播电视和卫星传输服务,I63,2016-36,02/09/2016,-0.025346,9517,171777,,,,,206,55,64,87,182226,258
600050,中国联通,电信、广播电视和卫星传输服务,I63,2016-37,09/09/2016,0.002364,8812,176465,,,,,200,77,45,78,167261,145
600050,中国联通,电信、广播电视和卫星传输服务,I63,2016-38,14/09/2016,-0.035377,,,,,,,,,,,,
600050,中国联通,电信、广播电视和卫星传输服务,I63,2016-39,23/09/2016,0.02445,8470,174230,,,,,175,60,35,80,207883,141
600050,中国联通,电信、广播电视和卫星传输服务,I63,2016-40,30/09/2016,-0.009547,8331,199265,,,,,156,56,46,54,140225,132
600050,中国联通,电信、广播电视和卫星传输服务,I63,2016-42,14/10/2016,0.245783,17876,251449,,,,,1025,320,185,520,1780030,1880
600050,中国联通,电信、广播电视和卫星传输服务,I63,2016-43,21/10/2016,0.03675,23132,273324,,,,,1027,315,208,504,1605267,1879
600050,中国联通,电信、广播电视和卫星传输服务,I63,2016-44,28/10/2016,-0.04291,17569,218528,,,,,612,206,164,242,868656,833
600050,中国联通,电信、广播电视和卫星传输服务,I63,2016-45,04/11/2016,0.052632,15794,179810,,,,,679,227,131,321,1109302,1127
600050,中国联通,电信、广播电视和卫星传输服务,I63,2016-46,11/11/2016,-0.018519,16124,145705,,,,,583,154,153,276,900841,830
600050,中国联通,电信、广播电视和卫星传输服务,I63,2016-47,18/11/2016,0.118868,22183,147498,,,,,1265,402,241,622,1908836,2712
600050,中国联通,电信、广播电视和卫星传输服务,I63,2016-48,25/11/2016,0,19779,146015,,,,,892,271,203,418,1622339,1368
600050,中国联通,电信、广播电视和卫星传输服务,I63,2016-49,02/12/2016,0.153457,33164,221993,,,,,3371,908,747,1716,5226091,6522
600050,中国联通,电信、广播电视和卫星传输服务,I63,2016-50,09/12/2016,0.024854,30203,195238,,,,,2366,611,538,1217,3491896,4806
600050,中国联通,电信、广播电视和卫星传输服务,I63,2016-51,16/12/2016,-0.031384,30924,179921,,,,,3030,864,727,1439,3472407,5155
600050,中国联通,电信、广播电视和卫星传输服务,I63,2016-52,23/12/2016,0.150221,34135,192215,,,,,3209,912,729,1568,4201142,5450
600050,中国联通,电信、广播电视和卫星传输服务,I63,2016-53,30/12/2016,-0.06402,30580,188814,,,,,2544,677,644,1223,3160206,6082
600100,同方股份,计算机、通信和其他电子设备制造业,C39,2014-01,03/01/2014,-0.010816,4602,9373,,,,,201,84,48,69,376143,446
600100,同方股份,计算机、通信和其他电子设备制造业,C39,2014-02,10/01/2014,-0.020875,10327,21101,,,,,344,109,73,162,811461,1213
600100,同方股份,计算机、通信和其他电子设备制造业,C39,2014-03,17/01/2014,0.02335,10735,21979,,,,,443,160,79,204,926486,1204
600100,同方股份,计算机、通信和其他电子设备制造业,C39,2014-04,24/01/2014,0.074405,11834,23697,,,,,512,189,81,242,1131377,1559
600100,同方股份,计算机、通信和其他电子设备制造业,C39,2014-05,30/01/2014,0.006464,,,,,,,,,,,,
600100,同方股份,计算机、通信和其他电子设备制造业,C39,2014-06,07/02/2014,0.037615,5944,13035,,,,,253,116,42,95,720350,1052
600100,同方股份,计算机、通信和其他电子设备制造业,C39,2014-07,14/02/2014,-0.028294,13750,27578,,,,,710,182,104,424,1135797,1713
600100,同方股份,计算机、通信和其他电子设备制造业,C39,2014-08,21/02/2014,-0.014559,12318,25230,,,,,463,135,76,252,783861,1200
600100,同方股份,计算机、通信和其他电子设备制造业,C39,2014-09,28/02/2014,-0.007387,10844,23186,,,,,411,144,84,183,756562,1054
600100,同方股份,计算机、通信和其他电子设备制造业,C39,2014-10,07/03/2014,-0.027907,10755,23153,,,,,428,148,111,169,617036,861
600100,同方股份,计算机、通信和其他电子设备制造业,C39,2014-11,14/03/2014,-0.043062,10077,21979,,,,,388,113,117,158,614271,646
600100,同方股份,计算机、通信和其他电子设备制造业,C39,2014-12,21/03/2014,-0.006,9995,21382,,,,,302,89,84,129,514034,726
600100,同方股份,计算机、通信和其他电子设备制造业,C39,2014-13,28/03/2014,-0.073441,9954,21095,,,,,441,125,154,162,783256,1116
600100,同方股份,计算机、通信和其他电子设备制造业,C39,2014-14,04/04/2014,0.004343,9145,19200,,,,,265,97,82,86,634097,828
600100,同方股份,计算机、通信和其他电子设备制造业,C39,2014-15,11/04/2014,-0.006486,8257,17262,,,,,189,65,50,74,405896,491
600100,同方股份,计算机、通信和其他电子设备制造业,C39,2014-16,18/04/2014,-0.040261,9898,21370,,,,,450,114,131,205,1010801,1686
600100,同方股份,计算机、通信和其他电子设备制造业,C39,2014-17,25/04/2014,-0.044218,9959,21820,,,,,236,63,68,105,556271,733
600100,同方股份,计算机、通信和其他电子设备制造业,C39,2014-18,30/04/2014,-0.052195,,,,,,,,,,,,
600100,同方股份,计算机、通信和其他电子设备制造业,C39,2014-19,09/05/2014,-0.035044,9463,20572,,,,,256,75,79,102,591079,1148
600100,同方股份,计算机、通信和其他电子设备制造业,C39,2014-20,16/05/2014,0.029831,9549,19817,,,,,202,71,37,94,656628,1241
600100,同方股份,计算机、通信和其他电子设备制造业,C39,2014-21,23/05/2014,0.04534,9099,19029,,,,,227,81,46,100,503959,799
600100,同方股份,计算机、通信和其他电子设备制造业,C39,2014-22,28/05/2014,0.036145,,,,,,,,,,,,
600100,同方股份,计算机、通信和其他电子设备制造业,C39,2014-25,20/06/2014,-0.004651,13913,30121,,,,,934,320,181,433,2319500,3642
600100,同方股份,计算机、通信和其他电子设备制造业,C39,2014-26,27/06/2014,0.03972,10743,23156,,,,,417,128,94,195,904597,2100
600100,同方股份,计算机、通信和其他电子设备制造业,C39,2014-27,04/07/2014,-0.024719,10264,22455,,,,,537,183,119,235,800796,1405
600100,同方股份,计算机、通信和其他电子设备制造业,C39,2014-28,11/07/2014,-0.005828,9818,20977,,,,,385,118,112,155,996662,1253
600100,同方股份,计算机、通信和其他电子设备制造业,C39,2014-29,18/07/2014,0.033998,10994,23024,,,,,255,101,52,102,590023,868
600100,同方股份,计算机、通信和其他电子设备制造业,C39,2014-30,25/07/2014,0.014739,9693,20669,,,,,212,54,69,89,501083,823
600100,同方股份,计算机、通信和其他电子设备制造业,C39,2014-31,01/08/2014,0.001117,10149,21723,,,,,310,93,84,133,667577,1032
600100,同方股份,计算机、通信和其他电子设备制造业,C39,2014-32,08/08/2014,0.061384,10992,23541,,,,,317,122,82,113,857301,1595
600100,同方股份,计算机、通信和其他电子设备制造业,C39,2014-33,15/08/2014,0.003155,10948,23650,,,,,424,147,94,183,1035813,1428
600100,同方股份,计算机、通信和其他电子设备制造业,C39,2014-34,22/08/2014,0.059748,12587,27161,,,,,382,128,102,152,893280,980
600100,同方股份,计算机、通信和其他电子设备制造业,C39,2014-35,29/08/2014,0.042532,11852,25572,,,,,372,133,73,166,826635,1014
600100,同方股份,计算机、通信和其他电子设备制造业,C39,2014-36,05/09/2014,0.002846,11944,26002,,,,,361,100,92,169,725027,918
600100,同方股份,计算机、通信和其他电子设备制造业,C39,2014-37,12/09/2014,0.014191,9987,22363,,,,,289,96,71,122,763368,898
600100,同方股份,计算机、通信和其他电子设备制造业,C39,2014-38,19/09/2014,-0.043843,11825,25639,,,,,362,125,74,163,888959,1037
600100,同方股份,计算机、通信和其他电子设备制造业,C39,2014-39,26/09/2014,0.000976,10906,23492,,,,,336,100,82,154,689244,849
600100,同方股份,计算机、通信和其他电子设备制造业,C39,2014-40,30/09/2014,0.026316,,,,,,,,,,,,
600100,同方股份,计算机、通信和其他电子设备制造业,C39,2014-41,10/10/2014,0.018044,8946,20029,,,,,233,76,46,111,632108,534
600100,同方股份,计算机、通信和其他电子设备制造业,C39,2014-42,17/10/2014,-0.007463,12293,25654,,,,,348,84,72,192,708709,733
600100,同方股份,计算机、通信和其他电子设备制造业,C39,2014-43,24/10/2014,-0.029135,10296,22470,,,,,268,88,61,119,808011,634
600100,同方股份,计算机、通信和其他电子设备制造业,C39,2014-44,31/10/2014,0.077444,11045,24390,,,,,387,129,65,193,1187818,1249
600100,同方股份,计算机、通信和其他电子设备制造业,C39,2014-45,07/11/2014,-0.001797,11841,25863,,,,,288,96,61,131,838989,700
600100,同方股份,计算机、通信和其他电子设备制造业,C39,2014-46,14/11/2014,0.061206,10710,23346,,,,,379,120,86,173,1049936,844
600100,同方股份,计算机、通信和其他电子设备制造业,C39,2014-47,21/11/2014,0.071247,15508,33345,,,,,518,184,96,238,1511007,1444
600100,同方股份,计算机、通信和其他电子设备制造业,C39,2014-48,28/11/2014,-0.015044,14636,31866,,,,,776,169,213,394,1698726,2501
600100,同方股份,计算机、通信和其他电子设备制造业,C39,2014-49,05/12/2014,0.008039,14747,32060,,,,,638,171,149,318,1400541,2224
600100,同方股份,计算机、通信和其他电子设备制造业,C39,2014-50,12/12/2014,0.098086,16041,34167,,,,,508,175,117,216,1450637,1616
600100,同方股份,计算机、通信和其他电子设备制造业,C39,2014-51,19/12/2014,-0.026144,16387,34907,,,,,553,156,124,273,1372702,1678
600100,同方股份,计算机、通信和其他电子设备制造业,C39,2014-52,26/12/2014,-0.084265,14797,32405,,,,,672,158,190,324,1396719,2006
600100,同方股份,计算机、通信和其他电子设备制造业,C39,2014-53,31/12/2014,-0.04886,,,,,,,,,,,,
600100,同方股份,计算机、通信和其他电子设备制造业,C39,2015-02,09/01/2015,0.012842,14942,31934,,,,,603,144,149,310,1099670,1370
600100,同方股份,计算机、通信和其他电子设备制造业,C39,2015-03,16/01/2015,0.094675,15355,31862,,,,,583,155,130,298,1492394,2208
600100,同方股份,计算机、通信和其他电子设备制造业,C39,2015-04,23/01/2015,0.037066,19406,41370,,,,,855,281,157,417,2291977,3284
600100,同方股份,计算机、通信和其他电子设备制造业,C39,2015-05,30/01/2015,-0.008191,18294,39768,,,,,638,184,139,315,1512544,2004
600100,同方股份,计算机、通信和其他电子设备制造业,C39,2015-06,06/02/2015,0.038288,16407,35231,,,,,532,159,103,270,1496547,2362
600100,同方股份,计算机、通信和其他电子设备制造业,C39,2015-07,13/02/2015,0.069414,16562,34873,,,,,405,148,88,169,1309421,1643
600100,同方股份,计算机、通信和其他电子设备制造业,C39,2015-08,17/02/2015,0.019608,,,,,,,,,,,,
600100,同方股份,计算机、通信和其他电子设备制造业,C39,2015-09,27/02/2015,0,10443,22723,,,,,252,102,41,109,716757,840
600100,同方股份,计算机、通信和其他电子设备制造业,C39,2015-10,06/03/2015,-0.066313,16189,35915,,,,,468,147,109,212,1267221,1355
600100,同方股份,计算机、通信和其他电子设备制造业,C39,2015-11,13/03/2015,0.025568,13438,29934,,,,,373,126,70,177,839157,1192
600100,同方股份,计算机、通信和其他电子设备制造业,C39,2015-12,20/03/2015,0.089335,17012,37846,,,,,573,203,93,277,1192371,1256
600100,同方股份,计算机、通信和其他电子设备制造业,C39,2015-13,27/03/2015,0.027972,20101,45649,,,,,694,190,152,352,1634326,1605
600100,同方股份,计算机、通信和其他电子设备制造业,C39,2015-14,03/04/2015,0.056277,17405,39541,,,,,614,199,135,280,1454014,2000
600100,同方股份,计算机、通信和其他电子设备制造业,C39,2015-15,10/04/2015,0.029859,16389,37605,,,,,482,159,97,226,1469769,1474
600100,同方股份,计算机、通信和其他电子设备制造业,C39,2015-16,17/04/2015,0.03809,20975,49208,,,,,585,172,120,293,1797029,2373
600100,同方股份,计算机、通信和其他电子设备制造业,C39,2015-17,24/04/2015,0.093647,20732,48152,,,,,812,263,197,352,1957358,2349
600100,同方股份,计算机、通信和其他电子设备制造业,C39,2015-18,30/04/2015,0.022534,,,,,,,,,,,,
600100,同方股份,计算机、通信和其他电子设备制造业,C39,2015-19,08/05/2015,0.016161,19686,49142,,,,,481,160,89,232,1369350,1336
600100,同方股份,计算机、通信和其他电子设备制造业,C39,2015-20,15/05/2015,0.063133,22906,60002,,,,,604,213,135,256,1399756,2646
600100,同方股份,计算机、通信和其他电子设备制造业,C39,2015-21,22/05/2015,0.086582,20895,55663,,,,,713,243,181,289,1487773,1761
600100,同方股份,计算机、通信和其他电子设备制造业,C39,2015-22,29/05/2015,0.200668,27997,88816,34,190,3,265,854,248,200,406,2877039,2691
600100,同方股份,计算机、通信和其他电子设备制造业,C39,2015-23,05/06/2015,0.047255,29920,99199,,,,,946,295,226,425,2501045,2752
600100,同方股份,计算机、通信和其他电子设备制造业,C39,2015-24,12/06/2015,0.010285,26762,90683,,,,,803,257,185,361,2135950,2240
600100,同方股份,计算机、通信和其他电子设备制造业,C39,2015-25,19/06/2015,-0.174056,23080,73866,,,,,910,206,242,462,1911172,2522
600100,同方股份,计算机、通信和其他电子设备制造业,C39,2015-26,26/06/2015,-0.116899,19071,60364,,,,,732,165,193,374,1491336,1846
600100,同方股份,计算机、通信和其他电子设备制造业,C39,2015-27,03/07/2015,-0.29131,23558,70725,,,,,1004,220,273,511,1307502,1733
600100,同方股份,计算机、通信和其他电子设备制造业,C39,2015-28,10/07/2015,-0.117535,27034,82299,,,,,1243,291,321,631,2311568,2588
600100,同方股份,计算机、通信和其他电子设备制造业,C39,2015-29,17/07/2015,0.395248,35613,121061,,,,,721,225,141,355,2526968,2422
600100,同方股份,计算机、通信和其他电子设备制造业,C39,2015-30,24/07/2015,0.055959,31727,97742,,,,,582,175,122,285,1742106,1523
600100,同方股份,计算机、通信和其他电子设备制造业,C39,2015-31,31/07/2015,-0.069185,30957,92581,,,,,674,166,198,310,2452913,1881
600100,同方股份,计算机、通信和其他电子设备制造业,C39,2015-32,07/08/2015,0.024249,24303,69342,,,,,497,132,123,242,1485667,1061
600100,同方股份,计算机、通信和其他电子设备制造业,C39,2015-33,14/08/2015,0.056099,21177,61695,,,,,500,142,144,214,1390806,1139
600100,同方股份,计算机、通信和其他电子设备制造业,C39,2015-34,21/08/2015,-0.121345,21456,62874,,,,,711,190,189,332,1844858,2393
600100,同方股份,计算机、通信和其他电子设备制造业,C39,2015-35,28/08/2015,-0.125901,18919,57457,,,,,667,167,177,323,1697942,2619
600100,同方股份,计算机、通信和其他电子设备制造业,C39,2015-36,02/09/2015,-0.11231,,,,,,,,,,,,
600100,同方股份,计算机、通信和其他电子设备制造业,C39,2015-37,11/09/2015,0.133667,14757,41063,,,,,339,107,75,157,711624,1110
600100,同方股份,计算机、通信和其他电子设备制造业,C39,2015-38,18/09/2015,-0.052963,14091,38783,,,,,375,119,95,161,648464,692
600100,同方股份,计算机、通信和其他电子设备制造业,C39,2015-39,25/09/2015,-0.04261,13608,37293,,,,,321,86,92,143,665546,758
600100,同方股份,计算机、通信和其他电子设备制造业,C39,2015-40,30/09/2015,0,,,,,,,,,,,,
600100,同方股份,计算机、通信和其他电子设备制造业,C39,2015-41,09/10/2015,0.08484,6805,19573,,,,,140,45,24,71,406970,495
600100,同方股份,计算机、通信和其他电子设备制造业,C39,2015-44,30/10/2015,0.092308,16964,54231,,,,,904,211,241,452,1772976,2524
600100,同方股份,计算机、通信和其他电子设备制造业,C39,2015-45,06/11/2015,0.077465,15085,46322,3,16,0,57,1123,253,244,626,1894428,4276
600100,同方股份,计算机、通信和其他电子设备制造业,C39,2015-46,13/11/2015,0.02451,16441,50509,,,,,1343,297,293,753,2064091,4933
600100,同方股份,计算机、通信和其他电子设备制造业,C39,2015-47,20/11/2015,0.031898,19612,62184,,,,,1462,357,347,758,2241436,4105
600100,同方股份,计算机、通信和其他电子设备制造业,C39,2015-48,27/11/2015,-0.136012,14802,42546,,,,,866,185,292,389,1092639,2055
600100,同方股份,计算机、通信和其他电子设备制造业,C39,2015-49,04/12/2015,0.0161,12679,36287,,,,,600,154,142,304,803471,1341
600100,同方股份,计算机、通信和其他电子设备制造业,C39,2015-50,11/12/2015,-0.015845,11755,33599,,,,,717,170,185,362,1474027,1447
600100,同方股份,计算机、通信和其他电子设备制造业,C39,2015-51,18/12/2015,0.063804,12356,35180,,,,,602,172,117,313,1778095,1688
600100,同方股份,计算机、通信和其他电子设备制造业,C39,2015-52,25/12/2015,0.060538,13917,38512,,,,,820,243,159,418,1988432,2001
600100,同方股份,计算机、通信和其他电子设备制造业,C39,2015-53,31/12/2015,-0.044397,,,,,,,,,,,,
600100,同方股份,计算机、通信和其他电子设备制造业,C39,2016-02,08/01/2016,-0.216261,12088,34619,,,,,566,95,204,267,1462071,2034
600100,同方股份,计算机、通信和其他电子设备制造业,C39,2016-03,15/01/2016,-0.112209,12363,35025,,,,,454,113,113,228,1380962,1412
600100,同方股份,计算机、通信和其他电子设备制造业,C39,2016-04,22/01/2016,0.012719,10695,30549,,,,,247,74,58,115,781300,769
600100,同方股份,计算机、通信和其他电子设备制造业,C39,2016-05,29/01/2016,-0.110675,9960,28298,,,,,422,88,117,217,1627541,1006
600100,同方股份,计算机、通信和其他电子设备制造业,C39,2016-06,05/02/2016,0.019417,9102,24383,,,,,301,71,78,152,1165815,658
600100,同方股份,计算机、通信和其他电子设备制造业,C39,2016-08,19/02/2016,0.068398,9864,27481,,,,,391,106,88,197,940197,780
600100,同方股份,计算机、通信和其他电子设备制造业,C39,2016-09,26/02/2016,-0.079417,9908,27516,,,,,303,72,83,148,1212959,1663
600100,同方股份,计算机、通信和其他电子设备制造业,C39,2016-10,04/03/2016,0.005282,10352,27940,,,,,291,93,67,131,948762,802
600100,同方股份,计算机、通信和其他电子设备制造业,C39,2016-11,11/03/2016,-0.023643,9615,26088,,,,,371,108,90,173,805995,1079
600100,同方股份,计算机、通信和其他电子设备制造业,C39,2016-12,18/03/2016,0.100448,9702,27116,,,,,359,109,74,176,1038531,1871
600100,同方股份,计算机、通信和其他电子设备制造业,C39,2016-13,25/03/2016,0.010595,10528,29362,,,,,430,120,96,214,1453904,1684
600100,同方股份,计算机、通信和其他电子设备制造业,C39,2016-14,01/04/2016,0.020161,10112,27567,,,,,483,140,97,246,1397114,1538
600100,同方股份,计算机、通信和其他电子设备制造业,C39,2016-15,08/04/2016,0.003953,9335,25929,,,,,373,107,73,193,1415340,901
600100,同方股份,计算机、通信和其他电子设备制造业,C39,2016-16,15/04/2016,0.067717,10909,29786,,,,,452,116,85,251,1520518,1776
600100,同方股份,计算机、通信和其他电子设备制造业,C39,2016-17,22/04/2016,-0.097345,9636,26609,,,,,631,150,148,333,3138943,8440
600100,同方股份,计算机、通信和其他电子设备制造业,C39,2016-18,29/04/2016,-0.001634,8838,24179,,,,,2182,1019,110,1053,2020487,2189
600100,同方股份,计算机、通信和其他电子设备制造业,C39,2016-19,06/05/2016,0.10802,13994,40121,,,,,2205,797,197,1211,2680882,2626
600100,同方股份,计算机、通信和其他电子设备制造业,C39,2016-20,13/05/2016,0.103397,17691,49809,,,,,1919,542,230,1147,2592073,2421
600100,同方股份,计算机、通信和其他电子设备制造业,C39,2016-21,20/05/2016,-0.01071,14764,40550,,,,,1326,268,161,897,1832720,1527
600100,同方股份,计算机、通信和其他电子设备制造业,C39,2016-22,27/05/2016,-0.016238,13122,35426,,,,,1127,238,214,675,1587805,1413
600100,同方股份,计算机、通信和其他电子设备制造业,C39,2016-23,03/06/2016,0.055708,13523,36927,,,,,1026,194,107,725,1689625,5853
600100,同方股份,计算机、通信和其他电子设备制造业,C39,2016-24,08/06/2016,0.010423,,,,,,,,,,,,
600100,同方股份,计算机、通信和其他电子设备制造业,C39,2016-25,17/06/2016,-0.040619,10991,31153,,,,,411,112,124,175,1051238,1017
600100,同方股份,计算机、通信和其他电子设备制造业,C39,2016-26,24/06/2016,-0.024194,9746,27910,,,,,511,163,121,227,1258936,1559
600100,同方股份,计算机、通信和其他电子设备制造业,C39,2016-27,01/07/2016,0.061295,10114,28847,,,,,567,200,100,267,842712,1072
600100,同方股份,计算机、通信和其他电子设备制造业,C39,2016-28,08/07/2016,0,11699,32501,,,,,747,262,154,331,937842,1508
600100,同方股份,计算机、通信和其他电子设备制造业,C39,2016-29,15/07/2016,0.039267,11728,31947,,,,,804,241,189,374,1028352,1222
600100,同方股份,计算机、通信和其他电子设备制造业,C39,2016-30,22/07/2016,-0.020151,10042,28887,,,,,561,159,126,276,1122544,2506
600100,同方股份,计算机、通信和其他电子设备制造业,C39,2016-31,29/07/2016,0.054627,13249,35813,,,,,724,254,136,334,1131015,2358
600100,同方股份,计算机、通信和其他电子设备制造业,C39,2016-32,05/08/2016,-0.032297,12282,32235,,,,,742,199,136,407,859807,1523
600100,同方股份,计算机、通信和其他电子设备制造业,C39,2016-33,12/08/2016,-0.027708,10123,27244,,,,,550,133,131,286,667549,856
600100,同方股份,计算机、通信和其他电子设备制造业,C39,2016-34,19/08/2016,0.041451,10855,28915,,,,,658,215,124,319,662973,1381
600100,同方股份,计算机、通信和其他电子设备制造业,C39,2016-35,26/08/2016,-0.04291,9103,24861,,,,,462,120,104,238,504172,911
600100,同方股份,计算机、通信和其他电子设备制造业,C39,2016-36,02/09/2016,-0.047433,10189,28187,,,,,1339,347,318,674,1243741,2185
600100,同方股份,计算机、通信和其他电子设备制造业,C39,2016-37,09/09/2016,0.011596,8763,24458,,,,,463,132,88,243,399594,696
600100,同方股份,计算机、通信和其他电子设备制造业,C39,2016-38,14/09/2016,-0.037761,,,,,,,,,,,,
600100,同方股份,计算机、通信和其他电子设备制造业,C39,2016-39,23/09/2016,0.00911,7572,20127,,,,,229,62,50,117,219614,256
600100,同方股份,计算机、通信和其他电子设备制造业,C39,2016-40,30/09/2016,-0.04375,7394,19219,,,,,353,67,109,177,281552,520
600100,同方股份,计算机、通信和其他电子设备制造业,C39,2016-42,14/10/2016,0.022513,7785,20487,,,,,220,60,42,118,216906,308
600100,同方股份,计算机、通信和其他电子设备制造业,C39,2016-43,21/10/2016,0.014915,7645,19973,,,,,273,96,46,131,386223,622
600100,同方股份,计算机、通信和其他电子设备制造业,C39,2016-44,28/10/2016,-0.004199,7968,21268,,,,,409,94,104,211,398120,613
600100,同方股份,计算机、通信和其他电子设备制造业,C39,2016-45,04/11/2016,-0.018974,7861,20747,,,,,641,141,191,309,345336,732
600100,同方股份,计算机、通信和其他电子设备制造业,C39,2016-46,11/11/2016,0.015043,7845,20907,,,,,593,154,137,302,431315,750
600100,同方股份,计算机、通信和其他电子设备制造业,C39,2016-47,18/11/2016,-0.002823,8324,21881,,,,,726,177,158,391,498343,1224
600100,同方股份,计算机、通信和其他电子设备制造业,C39,2016-48,25/11/2016,0.047417,8819,23349,,,,,772,173,180,419,662406,1524
600100,同方股份,计算机、通信和其他电子设备制造业,C39,2016-49,02/12/2016,-0.006757,11918,32359,,,,,762,202,166,394,910885,1058
600100,同方股份,计算机、通信和其他电子设备制造业,C39,2016-50,09/12/2016,0.020408,9444,25886,,,,,612,144,114,354,811732,1247
600100,同方股份,计算机、通信和其他电子设备制造业,C39,2016-51,16/12/2016,-0.071333,9609,25321,,,,,761,163,221,377,466889,869
600100,同方股份,计算机、通信和其他电子设备制造业,C39,2016-52,23/12/2016,-0.000718,8179,21706,,,,,516,144,153,219,395885,741
600100,同方股份,计算机、通信和其他电子设备制造业,C39,2016-53,30/12/2016,-0.005029,8107,20995,,,,,611,161,124,326,602420,896
600104,上汽集团,汽车制造业,C36,2014-01,03/01/2014,-0.048798,3077,8151,,,,,113,50,31,32,182869,349
600104,上汽集团,汽车制造业,C36,2014-02,10/01/2014,-0.028996,7848,20354,100,129,18,459,202,62,57,83,340794,637
600104,上汽集团,汽车制造业,C36,2014-03,17/01/2014,-0.032925,7811,20055,19,59,13,228,229,74,73,82,410733,532
600104,上汽集团,汽车制造业,C36,2014-04,24/01/2014,0.043547,7569,19582,55,61,8,141,153,61,36,56,274320,307
600104,上汽集团,汽车制造业,C36,2014-05,30/01/2014,-0.015175,,,,,,,,,,,,
600104,上汽集团,汽车制造业,C36,2014-06,07/02/2014,-0.002311,2611,10210,,,,,56,23,15,18,89301,98
600104,上汽集团,汽车制造业,C36,2014-07,14/02/2014,0.042471,8941,22792,12,11,3,51,246,90,74,82,426663,531
600104,上汽集团,汽车制造业,C36,2014-08,21/02/2014,0.004444,9306,23071,,,,,152,49,39,64,243983,228
600104,上汽集团,汽车制造业,C36,2014-09,28/02/2014,-0.063422,9116,22640,,,,,248,87,61,100,396945,548
600104,上汽集团,汽车制造业,C36,2014-10,07/03/2014,0.006299,9279,22986,,,,,230,88,63,79,312299,376
600104,上汽集团,汽车制造业,C36,2014-11,14/03/2014,-0.017214,9161,22962,,,,,285,112,71,102,395561,561
600104,上汽集团,汽车制造业,C36,2014-12,21/03/2014,0.015127,8682,22208,,,,,284,113,77,94,408262,483
600104,上汽集团,汽车制造业,C36,2014-13,28/03/2014,0.088627,11065,30216,225,234,46,968,809,397,114,298,1736844,3562
600104,上汽集团,汽车制造业,C36,2014-14,04/04/2014,0.010807,11450,29140,89,187,20,456,347,163,69,115,664660,1046
600104,上汽集团,汽车制造业,C36,2014-15,11/04/2014,0.066287,8979,24360,16,14,3,99,135,57,24,54,375211,1056
600104,上汽集团,汽车制造业,C36,2014-16,18/04/2014,-0.034759,9802,25538,,,,,230,93,40,97,419874,744
600104,上汽集团,汽车制造业,C36,2014-17,25/04/2014,-0.011773,9223,23781,9,38,3,67,109,46,26,37,244933,533
600104,上汽集团,汽车制造业,C36,2014-18,30/04/2014,0.017519,,,,,,,,,,,,
600104,上汽集团,汽车制造业,C36,2014-19,09/05/2014,-0.006887,8714,23274,,,,,92,40,16,36,207716,412
600104,上汽集团,汽车制造业,C36,2014-20,16/05/2014,0.01387,8224,22266,,,,,116,52,17,47,175356,293
600104,上汽集团,汽车制造业,C36,2014-21,23/05/2014,0.00342,7022,20191,,,,,118,57,21,40,468934,758
600104,上汽集团,汽车制造业,C36,2014-22,30/05/2014,-0.004772,8551,24853,19,41,1,132,121,37,32,52,306502,302
600104,上汽集团,汽车制造业,C36,2014-23,06/06/2014,0.004795,5888,17676,,,,,80,36,14,30,231337,273
600104,上汽集团,汽车制造业,C36,2014-24,13/06/2014,0.052488,8665,22344,112,150,16,441,116,68,16,32,368521,368
600104,上汽集团,汽车制造业,C36,2014-25,20/06/2014,0.001943,9118,22861,51,155,12,288,124,56,21,47,453266,284
600104,上汽集团,汽车制造业,C36,2014-26,27/06/2014,-0.009696,7588,20616,7,35,2,50,77,37,14,26,202129,268
600104,上汽集团,汽车制造业,C36,2014-27,04/07/2014,0.015666,7970,20939,,,,,74,38,6,30,165255,185
600104,上汽集团,汽车制造业,C36,2014-28,11/07/2014,0.003856,8375,22713,53,47,8,215,123,65,20,38,228253,357
600104,上汽集团,汽车制造业,C36,2014-29,18/07/2014,0.014725,9250,23264,,,,,142,67,21,54,280501,453
600104,上汽集团,汽车制造业,C36,2014-30,25/07/2014,0.106625,10073,26007,26,64,4,198,187,99,29,59,482659,1125
600104,上汽集团,汽车制造业,C36,2014-31,01/08/2014,-0.004561,10366,26733,11,9,1,49,256,108,56,92,508581,832
600104,上汽集团,汽车制造业,C36,2014-32,08/08/2014,-0.014145,9596,24215,23,45,5,133,156,65,36,55,317974,374
600104,上汽集团,汽车制造业,C36,2014-33,15/08/2014,0.082969,10079,25527,269,188,36,895,220,94,38,88,476808,908
600104,上汽集团,汽车制造业,C36,2014-34,22/08/2014,-0.019009,9227,23698,20,12,4,43,156,56,31,69,256096,362
600104,上汽集团,汽车制造业,C36,2014-35,29/08/2014,-0.005872,8428,21722,11,40,2,83,93,28,31,34,146693,165
600104,上汽集团,汽车制造业,C36,2014-36,05/09/2014,0.103957,9239,23641,33,62,6,155,169,67,34,68,323474,618
600104,上汽集团,汽车制造业,C36,2014-37,12/09/2014,-0.009096,8106,21629,31,46,9,168,159,57,39,63,271084,427
600104,上汽集团,汽车制造业,C36,2014-38,19/09/2014,-0.012959,9157,23176,,,,,124,49,28,47,208058,331
600104,上汽集团,汽车制造业,C36,2014-39,26/09/2014,-0.015317,8659,22150,8,38,5,170,115,54,15,46,219873,368
600104,上汽集团,汽车制造业,C36,2014-40,30/09/2014,0.004444,,,,,,,,,,,,
600104,上汽集团,汽车制造业,C36,2014-41,10/10/2014,-0.026549,5537,16780,,,,,102,46,19,37,217408,196
600104,上汽集团,汽车制造业,C36,2014-42,17/10/2014,0.007955,7958,22009,42,24,4,188,96,45,15,36,355081,386
600104,上汽集团,汽车制造业,C36,2014-43,24/10/2014,-0.032131,7363,21109,,,,,91,36,24,31,324757,185
600104,上汽集团,汽车制造业,C36,2014-44,31/10/2014,0.040186,6899,20695,190,240,46,855,153,69,33,51,421621,256
600104,上汽集团,汽车制造业,C36,2014-45,07/11/2014,-0.027996,6820,20165,52,43,8,201,115,48,17,50,324734,216
600104,上汽集团,汽车制造业,C36,2014-46,14/11/2014,0.086982,7316,20839,,,,,157,59,29,69,291951,312
600104,上汽集团,汽车制造业,C36,2014-47,21/11/2014,0.022258,9571,26249,24,232,4,160,294,105,58,131,879020,1020
600104,上汽集团,汽车制造业,C36,2014-48,28/11/2014,0.025402,9182,24105,15,27,2,75,203,64,29,110,621728,631
600104,上汽集团,汽车制造业,C36,2014-49,05/12/2014,0.091001,10614,27078,27,19,1,496,257,95,57,105,510579,680
600104,上汽集团,汽车制造业,C36,2014-50,12/12/2014,0.013902,11228,29940,20,28,4,92,266,88,64,114,924048,856
600104,上汽集团,汽车制造业,C36,2014-51,19/12/2014,0.035192,9481,25667,,,,,299,96,88,115,586218,691
600104,上汽集团,汽车制造业,C36,2014-52,26/12/2014,-0.023841,9086,24551,,,,,376,106,99,171,705477,1246
600104,上汽集团,汽车制造业,C36,2014-53,31/12/2014,-0.028946,,,,,,,,,,,,
600104,上汽集团,汽车制造业,C36,2015-02,09/01/2015,0.105729,11440,32581,,,,,332,130,66,136,719355,779
600104,上汽集团,汽车制造业,C36,2015-03,16/01/2015,0.046757,9608,27908,30,89,8,274,310,100,74,136,1481080,2590
600104,上汽集团,汽车制造业,C36,2015-04,23/01/2015,-0.042656,9597,26936,,,,,345,105,88,152,685668,1005
600104,上汽集团,汽车制造业,C36,2015-05,30/01/2015,-0.047919,9593,26402,,,,,475,128,154,193,843483,1428
600104,上汽集团,汽车制造业,C36,2015-06,06/02/2015,-0.028256,8945,25560,31,43,7,136,552,147,184,221,1051557,1497
600104,上汽集团,汽车制造业,C36,2015-07,13/02/2015,0.040436,8471,23737,,,,,286,98,75,113,589055,870
600104,上汽集团,汽车制造业,C36,2015-08,17/02/2015,0.030131,,,,,,,,,,,,
600104,上汽集团,汽车制造业,C36,2015-09,27/02/2015,0.032641,5935,19750,,,,,156,71,27,58,313700,309
600104,上汽集团,汽车制造业,C36,2015-10,06/03/2015,-0.067323,9401,26776,,,,,213,74,69,70,386178,557
600104,上汽集团,汽车制造业,C36,2015-11,13/03/2015,0.088468,10036,33239,25,84,11,159,427,158,98,171,845782,1445
600104,上汽集团,汽车制造业,C36,2015-12,20/03/2015,-0.000809,11362,37196,2,12,3,86,516,139,161,216,921807,1403
600104,上汽集团,汽车制造业,C36,2015-13,27/03/2015,-0.001214,10543,33446,,,,,339,106,93,140,628503,784
600104,上汽集团,汽车制造业,C36,2015-14,03/04/2015,0.062804,12388,38645,84,83,10,277,666,243,147,276,1530196,1821
600104,上汽集团,汽车制造业,C36,2015-15,10/04/2015,-0.019062,12341,39604,49,30,12,211,635,173,193,269,1437358,1602
600104,上汽集团,汽车制造业,C36,2015-16,17/04/2015,0.071512,15648,48102,6,8,2,44,911,293,229,389,1988469,2087
600104,上汽集团,汽车制造业,C36,2015-17,24/04/2015,-0.014509,16050,53961,7,11,1,19,1028,301,276,451,2018360,2041
600104,上汽集团,汽车制造业,C36,2015-18,30/04/2015,-0.006257,,,,,,,,,,,,
600104,上汽集团,汽车制造业,C36,2015-19,08/05/2015,-0.061481,13310,45538,,,,,1327,342,350,635,1754306,3178
600104,上汽集团,汽车制造业,C36,2015-20,15/05/2015,-0.042226,15542,54439,13,15,4,32,2286,546,719,1021,3076592,5410
600104,上汽集团,汽车制造业,C36,2015-21,22/05/2015,0.062629,18049,64989,4,32,0,39,1552,421,388,743,2341647,3301
600104,上汽集团,汽车制造业,C36,2015-22,29/05/2015,-0.070182,17590,61096,,,,,1230,354,310,566,2092151,2459
600104,上汽集团,汽车制造业,C36,2015-23,05/06/2015,0.051293,17093,59214,,,,,1346,389,391,566,1925877,2764
600104,上汽集团,汽车制造业,C36,2015-24,12/06/2015,0.035303,20363,71694,,,,,1238,402,329,507,2111381,2715
600104,上汽集团,汽车制造业,C36,2015-25,19/06/2015,-0.138314,18765,67168,,,,,1927,514,547,866,2858314,4916
600104,上汽集团,汽车制造业,C36,2015-26,26/06/2015,-0.065807,15533,53669,,,,,1338,366,382,590,1926314,3118
600104,上汽集团,汽车制造业,C36,2015-27,03/07/2015,-0.035697,20043,68188,,,,,1107,319,255,533,1428828,2654
600104,上汽集团,汽车制造业,C36,2015-28,10/07/2015,0.288746,25200,87769,8,35,9,186,1186,378,272,536,1725192,2577
600104,上汽集团,汽车制造业,C36,2015-29,17/07/2015,-0.066641,21852,75681,15,13,2,56,1381,383,393,605,2196273,2653
600104,上汽集团,汽车制造业,C36,2015-30,24/07/2015,-0.07222,19671,67536,,,,,2274,605,599,1070,3024932,5174
600104,上汽集团,汽车制造业,C36,2015-31,31/07/2015,-0.096199,14013,47623,,,,,1127,271,342,514,1988568,2720
600104,上汽集团,汽车制造业,C36,2015-32,07/08/2015,0.016096,12476,42807,,,,,695,174,175,346,1242240,1557
600104,上汽集团,汽车制造业,C36,2015-33,14/08/2015,0.012264,11394,38610,14,45,9,203,839,215,262,362,1590419,1476
600104,上汽集团,汽车制造业,C36,2015-34,21/08/2015,-0.141848,12032,40961,,,,,1135,250,387,498,1578953,2354
600104,上汽集团,汽车制造业,C36,2015-35,28/08/2015,-0.002941,13077,48949,16,34,9,93,769,224,206,339,1540426,1694
600104,上汽集团,汽车制造业,C36,2015-36,02/09/2015,0.057227,,,,,,,,,,,,
600104,上汽集团,汽车制造业,C36,2015-37,11/09/2015,-0.042411,9399,31910,,,,,481,122,143,216,815912,961
600104,上汽集团,汽车制造业,C36,2015-38,18/09/2015,0.008159,8851,29216,,,,,354,103,95,156,696059,730
600104,上汽集团,汽车制造业,C36,2015-39,25/09/2015,-0.056069,8453,27465,7,48,9,265,387,108,113,166,788686,1028
600104,上汽集团,汽车制造业,C36,2015-40,30/09/2015,0.028781,,,,,,,,,,,,
600104,上汽集团,汽车制造业,C36,2015-41,08/10/2015,0.057738,,,,,,,,,,,,
600104,上汽集团,汽车制造业,C36,2015-45,06/11/2015,0.100169,7032,29876,86,216,18,569,495,190,61,244,997796,1261
600104,上汽集团,汽车制造业,C36,2015-46,13/11/2015,0.029668,11428,41328,41,193,19,421,773,223,188,362,969848,1511
600104,上汽集团,汽车制造业,C36,2015-47,20/11/2015,-0.008445,9026,29268,,,,,464,102,123,239,582024,690
600104,上汽集团,汽车制造业,C36,2015-48,27/11/2015,-0.050601,7787,25550,,,,,430,115,100,215,462952,543
600104,上汽集团,汽车制造业,C36,2015-49,04/12/2015,0.089182,8526,28113,,,,,493,149,92,252,553427,988
600104,上汽集团,汽车制造业,C36,2015-50,11/12/2015,-0.011143,8432,27417,,,,,485,142,110,233,1159866,806
600104,上汽集团,汽车制造业,C36,2015-51,18/12/2015,0.014209,7265,25647,,,,,276,78,63,135,864228,448
600104,上汽集团,汽车制造业,C36,2015-52,25/12/2015,0.055556,7908,26671,,,,,296,94,54,148,861501,693
600104,上汽集团,汽车制造业,C36,2015-53,31/12/2015,-0.028833,,,,,,,,,,,,
600104,上汽集团,汽车制造业,C36,2016-02,08/01/2016,-0.080584,7190,26193,,,,,259,70,64,125,705875,302
600104,上汽集团,汽车制造业,C36,2016-03,15/01/2016,0.009739,6895,25110,,,,,222,76,63,83,918966,462
600104,上汽集团,汽车制造业,C36,2016-04,22/01/2016,-0.040609,5887,22016,,,,,322,82,101,139,797721,639
600104,上汽集团,汽车制造业,C36,2016-05,29/01/2016,-0.014815,5571,20908,,,,,238,88,46,104,775016,638
600104,上汽集团,汽车制造业,C36,2016-06,05/02/2016,-0.012352,4544,18001,,,,,309,84,100,125,1021562,402
600104,上汽集团,汽车制造业,C36,2016-08,19/02/2016,0.013051,4814,19656,,,,,173,55,50,68,599069,347
600104,上汽集团,汽车制造业,C36,2016-09,26/02/2016,-0.030059,4834,20402,,,,,157,50,45,62,492316,312
600104,上汽集团,汽车制造业,C36,2016-10,04/03/2016,0.091865,5584,22321,,,,,182,65,46,71,787558,327
600104,上汽集团,汽车制造业,C36,2016-11,11/03/2016,-0.00963,5516,22240,,,,,174,39,65,70,605582,331
600104,上汽集团,汽车制造业,C36,2016-12,18/03/2016,0.014841,6242,23334,,,,,213,54,48,111,701105,417
600104,上汽集团,汽车制造业,C36,2016-13,25/03/2016,0.002017,5530,21687,,,,,196,61,44,91,654448,316
600104,上汽集团,汽车制造业,C36,2016-14,01/04/2016,0.025164,5425,20699,,,,,197,61,46,90,711472,311
600104,上汽集团,汽车制造业,C36,2016-15,08/04/2016,-0.009327,5226,20209,,,,,201,62,59,80,958514,800
600104,上汽集团,汽车制造业,C36,2016-16,15/04/2016,0.014866,5808,20948,,,,,235,47,81,107,715022,828
600104,上汽集团,汽车制造业,C36,2016-17,22/04/2016,-0.009766,5478,20382,,,,,253,83,59,111,1008529,557
600104,上汽集团,汽车制造业,C36,2016-18,29/04/2016,0.002959,5096,20556,,,,,1848,862,61,925,994241,1306
600104,上汽集团,汽车制造业,C36,2016-19,06/05/2016,-0.02704,4321,18627,,,,,1382,551,79,752,638442,704
600104,上汽集团,汽车制造业,C36,2016-20,13/05/2016,0.000505,4645,19733,,,,,817,187,44,586,438002,479
600104,上汽集团,汽车制造业,C36,2016-21,20/05/2016,0.000505,4660,19642,,,,,830,124,71,635,517300,471
600104,上汽集团,汽车制造业,C36,2016-22,27/05/2016,-0.003029,4205,19426,,,,,722,117,146,459,705411,391
600104,上汽集团,汽车制造业,C36,2016-23,03/06/2016,0.040506,4921,20167,,,,,693,65,33,595,501513,387
600104,上汽集团,汽车制造业,C36,2016-24,08/06/2016,-0.011192,,,,,,,,,,,,
600104,上汽集团,汽车制造业,C36,2016-25,17/06/2016,-0.00689,4242,18953,,,,,143,44,36,63,364043,287
600104,上汽集团,汽车制造业,C36,2016-26,24/06/2016,-0.006442,3782,17405,,,,,196,60,44,92,377634,167
600104,上汽集团,汽车制造业,C36,2016-27,01/07/2016,0.016459,4169,18123,,,,,297,93,43,161,341105,392
600104,上汽集团,汽车制造业,C36,2016-28,08/07/2016,0.038273,6153,23118,,,,,399,132,68,199,580538,502
600104,上汽集团,汽车制造业,C36,2016-29,15/07/2016,0.081313,6622,23629,,,,,324,108,58,158,306435,415
600104,上汽集团,汽车制造业,C36,2016-30,22/07/2016,0.004671,6193,23486,,,,,298,83,54,161,323987,223
600104,上汽集团,汽车制造业,C36,2016-31,29/07/2016,0.079963,7504,25836,,,,,363,116,83,164,381202,446
600104,上汽集团,汽车制造业,C36,2016-32,05/08/2016,-0.00904,6343,22977,,,,,149,57,21,71,178275,154
600104,上汽集团,汽车制造业,C36,2016-33,12/08/2016,0.016507,5828,21589,,,,,192,55,51,86,152883,195
600104,上汽集团,汽车制造业,C36,2016-34,19/08/2016,0.005556,5929,21671,,,,,221,55,52,114,169550,248
600104,上汽集团,汽车制造业,C36,2016-35,26/08/2016,-0.043349,5039,20176,,,,,277,65,78,134,275862,267
600104,上汽集团,汽车制造业,C36,2016-36,02/09/2016,-0.01466,4777,20296,,,,,243,72,71,100,228440,326
600104,上汽集团,汽车制造业,C36,2016-37,09/09/2016,-0.024346,4314,19649,,,,,272,56,74,142,211183,264
600104,上汽集团,汽车制造业,C36,2016-38,14/09/2016,-0.022643,,,,,,,,,,,,
600104,上汽集团,汽车制造业,C36,2016-39,23/09/2016,0.020331,3649,19361,,,,,103,29,25,49,66778,114
600104,上汽集团,汽车制造业,C36,2016-40,30/09/2016,0.012512,3629,18951,,,,,90,35,20,35,74684,95
600104,上汽集团,汽车制造业,C36,2016-42,14/10/2016,0.024256,4004,21139,,,,,111,47,17,47,98677,140
600104,上汽集团,汽车制造业,C36,2016-43,21/10/2016,0.053619,4459,20242,,,,,87,27,15,45,83756,78
600104,上汽集团,汽车制造业,C36,2016-44,28/10/2016,-0.008482,4516,20480,,,,,80,29,23,28,86497,71
600104,上汽集团,汽车制造业,C36,2016-45,04/11/2016,-0.007699,4191,19615,,,,,130,43,22,65,125018,120
600104,上汽集团,汽车制造业,C36,2016-46,11/11/2016,0.033621,4144,19698,,,,,141,32,27,82,132767,153
600104,上汽集团,汽车制造业,C36,2016-47,18/11/2016,-0.01251,4700,22078,,,,,213,68,38,107,255046,199
600104,上汽集团,汽车制造业,C36,2016-48,25/11/2016,0.053209,5387,21707,,,,,393,133,71,189,227809,720
600104,上汽集团,汽车制造业,C36,2016-49,02/12/2016,0.005613,7391,26769,,,,,451,154,91,206,506881,676
600104,上汽集团,汽车制造业,C36,2016-50,09/12/2016,-0.011962,5579,23520,,,,,386,142,73,171,190065,807
600104,上汽集团,汽车制造业,C36,2016-51,16/12/2016,-0.066586,5227,23806,,,,,297,68,80,149,202546,625
600104,上汽集团,汽车制造业,C36,2016-52,23/12/2016,0.001729,4777,21833,,,,,152,47,30,75,104006,351
600104,上汽集团,汽车制造业,C36,2016-53,30/12/2016,0.012085,4066,19783,,,,,153,58,35,60,86369,980
600109,国金证券,资本市场服务,J67,2014-01,03/01/2014,-0.007661,2533,7406,,,,,83,40,14,29,191539,178
600109,国金证券,资本市场服务,J67,2014-02,10/01/2014,0.143112,7566,19443,24,152,6,116,352,146,85,121,626732,631
600109,国金证券,资本市场服务,J67,2014-03,17/01/2014,0.03013,7344,19314,,,,,295,113,68,114,510293,575
600109,国金证券,资本市场服务,J67,2014-04,24/01/2014,-0.007564,6927,18268,0,53,1,71,277,114,55,108,387905,467
600109,国金证券,资本市场服务,J67,2014-05,30/01/2014,0.160569,,,,,,,,,,,,
600109,国金证券,资本市场服务,J67,2014-06,07/02/2014,0.099825,3555,10724,,,,,148,66,17,65,361252,479
600109,国金证券,资本市场服务,J67,2014-07,14/02/2014,-0.031051,9444,28393,16,116,4,243,370,170,53,147,730471,637
600109,国金证券,资本市场服务,J67,2014-08,21/02/2014,-0.027116,9948,70398,12,111,7,161,788,290,200,298,1829937,1998
600109,国金证券,资本市场服务,J67,2014-09,28/02/2014,-0.133868,10010,68469,,,,,772,240,226,306,2026058,1990
600109,国金证券,资本市场服务,J67,2014-10,07/03/2014,0.07606,10256,49741,12,88,1,324,683,295,149,239,1587226,1616
600109,国金证券,资本市场服务,J67,2014-11,14/03/2014,0.003172,10208,41908,20,272,8,342,561,220,113,228,1075029,1257
600109,国金证券,资本市场服务,J67,2014-12,21/03/2014,-0.059169,9366,33934,234,293,52,792,410,173,80,157,768659,831
600109,国金证券,资本市场服务,J67,2014-13,28/03/2014,-0.096495,8615,31746,2,71,2,81,419,135,137,147,765045,1014
600109,国金证券,资本市场服务,J67,2014-14,04/04/2014,0.01966,8009,27677,,,,,321,132,83,106,569803,1290
600109,国金证券,资本市场服务,J67,2014-15,11/04/2014,0.102137,7532,28224,5,37,4,52,211,110,28,73,526787,496
600109,国金证券,资本市场服务,J67,2014-16,18/04/2014,-0.013712,8939,28501,204,276,36,726,181,76,34,71,378935,562
600109,国金证券,资本市场服务,J67,2014-17,25/04/2014,-0.091563,8012,26726,29,25,0,127,143,60,33,50,282382,314
600109,国金证券,资本市场服务,J67,2014-18,30/04/2014,0.005805,,,,,,,,,,,,
600109,国金证券,资本市场服务,J67,2014-19,09/05/2014,0.005796,8247,24886,,,,,125,68,20,37,289649,405
600109,国金证券,资本市场服务,J67,2014-20,16/05/2014,-0.020953,9249,31650,5,42,3,54,199,73,52,74,606243,715
600109,国金证券,资本市场服务,J67,2014-21,23/05/2014,-0.007491,7515,26543,,,,,151,61,38,52,359124,575
600109,国金证券,资本市场服务,J67,2014-22,30/05/2014,0.053369,7865,25016,,,,,214,89,48,77,598017,806
600109,国金证券,资本市场服务,J67,2014-23,06/06/2014,0.012794,6672,20260,,,,,172,63,36,73,667868,1014
600109,国金证券,资本市场服务,J67,2014-24,13/06/2014,0.037393,8539,25740,,,,,243,86,50,107,701283,1066
600109,国金证券,资本市场服务,J67,2014-25,20/06/2014,-0.08037,7933,24802,,,,,213,72,65,76,728871,1234
600109,国金证券,资本市场服务,J67,2014-26,27/06/2014,0.023305,6879,23277,,,,,108,53,25,30,245836,302
600109,国金证券,资本市场服务,J67,2014-27,04/07/2014,0.033126,8301,26139,,,,,197,73,48,76,419584,483
600109,国金证券,资本市场服务,J67,2014-28,11/07/2014,-0.022545,7577,23502,,,,,134,67,31,36,235566,325
600109,国金证券,资本市场服务,J67,2014-29,18/07/2014,0.023065,7954,23751,,,,,130,72,20,38,241505,342
600109,国金证券,资本市场服务,J67,2014-30,25/07/2014,0.091683,8637,26443,,,,,209,96,36,77,396626,522
600109,国金证券,资本市场服务,J67,2014-31,01/08/2014,0,9477,31184,,,,,306,112,99,95,533979,672
600109,国金证券,资本市场服务,J67,2014-32,08/08/2014,0.000918,8575,28282,,,,,218,72,75,71,481388,612
600109,国金证券,资本市场服务,J67,2014-33,15/08/2014,0.016506,7901,26204,,,,,226,75,51,100,408975,741
600109,国金证券,资本市场服务,J67,2014-34,22/08/2014,-0.027966,7891,26651,,,,,314,90,84,140,514245,783
600109,国金证券,资本市场服务,J67,2014-35,29/08/2014,0.032483,8966,30221,232,221,38,733,340,134,61,145,808236,1096
600109,国金证券,资本市场服务,J67,2014-36,05/09/2014,0.024719,9717,32331,,,,,399,140,94,165,841163,1202
600109,国金证券,资本市场服务,J67,2014-37,12/09/2014,0.014474,8312,29593,,,,,323,116,87,120,721877,971
600109,国金证券,资本市场服务,J67,2014-38,17/09/2014,-0.031561,,,,,,,,,,,,
600109,国金证券,资本市场服务,J67,2014-40,30/09/2014,0.042857,,,,,,,,,,,,
600109,国金证券,资本市场服务,J67,2014-41,10/10/2014,0.028682,7977,30323,,,,,289,116,57,116,856477,743
600109,国金证券,资本市场服务,J67,2014-42,17/10/2014,0.043279,12122,41285,,,,,549,211,101,237,1842890,1715
600109,国金证券,资本市场服务,J67,2014-43,24/10/2014,-0.033905,11252,37062,,,,,613,142,208,263,1564969,1344
600109,国金证券,资本市场服务,J67,2014-44,31/10/2014,0.053675,11635,41445,161,77,21,449,479,172,114,193,1152385,1010
600109,国金证券,资本市场服务,J67,2014-45,07/11/2014,0.059561,12196,45179,4,8,1,34,446,164,90,192,1334986,1101
600109,国金证券,资本市场服务,J67,2014-46,14/11/2014,0.064349,15348,54338,,,,,632,197,163,272,1805317,2470
600109,国金证券,资本市场服务,J67,2014-47,21/11/2014,0.055594,14516,47676,2,31,0,87,525,162,145,218,1039692,1114
600109,国金证券,资本市场服务,J67,2014-48,28/11/2014,0.123766,16428,65896,,,,,511,161,100,250,1167052,1409
600109,国金证券,资本市场服务,J67,2014-49,05/12/2014,0.297012,20490,92435,,,,,911,321,196,394,1552755,1877
600109,国金证券,资本市场服务,J67,2014-50,12/12/2014,-0.133695,25442,119965,,,,,1371,360,408,603,2313736,4226
600109,国金证券,资本市场服务,J67,2014-51,19/12/2014,0.020855,21736,90145,,,,,1211,331,339,541,2274678,3541
600109,国金证券,资本市场服务,J67,2014-52,26/12/2014,0.04903,20203,77953,,,,,1227,303,329,595,2013601,2758
600109,国金证券,资本市场服务,J67,2014-53,31/12/2014,-0.036514,,,,,,,,,,,,
600109,国金证券,资本市场服务,J67,2015-02,09/01/2015,-0.056089,19845,73413,,,,,1301,386,390,525,2400348,3469
600109,国金证券,资本市场服务,J67,2015-03,16/01/2015,0.015525,17415,60468,,,,,1224,329,348,547,2125424,2968
600109,国金证券,资本市场服务,J67,2015-04,23/01/2015,-0.084344,17682,65538,,,,,1206,313,340,553,1865809,2996
600109,国金证券,资本市场服务,J67,2015-05,30/01/2015,-0.046632,14115,53463,,,,,751,204,242,305,1483287,3387
600109,国金证券,资本市场服务,J67,2015-06,06/02/2015,0.010266,13692,47576,8,11,1,20,577,151,172,254,1245127,2324
600109,国金证券,资本市场服务,J67,2015-07,13/02/2015,0.040646,13633,47013,,,,,600,173,152,275,1117630,1478
600109,国金证券,资本市场服务,J67,2015-08,17/02/2015,0.010339,,,,,,,,,,,,
600109,国金证券,资本市场服务,J67,2015-09,27/02/2015,0.19386,14600,56587,,,,,939,352,136,451,2538148,3158
600109,国金证券,资本市场服务,J67,2015-10,06/03/2015,-0.003333,25540,105915,,,,,1530,501,311,718,3827415,5567
600109,国金证券,资本市场服务,J67,2015-11,13/03/2015,0.083612,24339,98702,,,,,1478,480,320,678,3486576,4565
600109,国金证券,资本市场服务,J67,2015-12,20/03/2015,0.137125,24840,116174,172,161,16,566,1294,457,274,563,3240547,4732
600109,国金证券,资本市场服务,J67,2015-13,27/03/2015,-0.005428,20564,108758,,,,,939,303,196,440,2469951,4447
600109,国金证券,资本市场服务,J67,2015-14,03/04/2015,-0.005848,18516,97340,,,,,1502,406,438,658,2813898,4373
600109,国金证券,资本市场服务,J67,2015-15,10/04/2015,0.033725,18306,103649,,,,,1060,295,280,485,3092549,3767
600109,国金证券,资本市场服务,J67,2015-16,17/04/2015,-0.011002,22595,192825,,,,,1956,531,533,892,4897173,6879
600109,国金证券,资本市场服务,J67,2015-17,24/04/2015,-0.028002,20987,159930,,,,,1549,402,458,689,3185181,4197
600109,国金证券,资本市场服务,J67,2015-18,30/04/2015,-0.016199,,,,,,,,,,,,
600109,国金证券,资本市场服务,J67,2015-19,08/05/2015,0.016867,17464,99194,,,,,1048,310,273,465,2360885,3697
600109,国金证券,资本市场服务,J67,2015-20,15/05/2015,0.097551,21501,119768,,,,,1585,488,393,704,2960761,3891
600109,国金证券,资本市场服务,J67,2015-21,22/05/2015,0.075927,19404,115117,,,,,1208,337,318,553,2333723,2775
600109,国金证券,资本市场服务,J67,2015-22,29/05/2015,-0.103679,19321,135023,7,29,1,52,998,267,243,488,2854855,3309
600109,国金证券,资本市场服务,J67,2015-23,05/06/2015,0.182836,18667,128947,,,,,919,350,180,389,2218308,2224
600109,国金证券,资本市场服务,J67,2015-24,12/06/2015,-0.005994,15946,104842,100,276,31,541,589,175,152,262,1831091,1878
600109,国金证券,资本市场服务,J67,2015-26,26/06/2015,-0.190098,13329,78179,,,,,992,269,245,478,2925384,2891
600109,国金证券,资本市场服务,J67,2015-27,03/07/2015,-0.3029,16785,101409,,,,,1785,336,618,831,2752780,4547
600109,国金证券,资本市场服务,J67,2015-28,07/07/2015,-0.068016,,,,,,,,,,,,
600109,国金证券,资本市场服务,J67,2015-29,17/07/2015,0.145959,17129,94082,25,63,17,242,739,176,234,329,2089364,2196
600109,国金证券,资本市场服务,J67,2015-30,24/07/2015,0.020526,15874,80085,,,,,739,210,190,339,1960934,1972
600109,国金证券,资本市场服务,J67,2015-31,31/07/2015,-0.140278,12820,64888,,,,,905,190,287,428,1416228,2220
600109,国金证券,资本市场服务,J67,2015-32,07/08/2015,-0.006599,10847,49917,,,,,389,94,95,200,1137722,1002
600109,国金证券,资本市场服务,J67,2015-33,14/08/2015,0.089372,12048,57967,,,,,365,107,79,179,1191517,852
600109,国金证券,资本市场服务,J67,2015-34,21/08/2015,-0.140244,14163,64430,,,,,751,175,208,368,1634538,1508
600109,国金证券,资本市场服务,J67,2015-35,28/08/2015,-0.177305,11884,55463,156,222,22,550,557,140,178,239,1413618,1558
600109,国金证券,资本市场服务,J67,2015-36,02/09/2015,-0.052508,,,,,,,,,,,,
600109,国金证券,资本市场服务,J67,2015-37,11/09/2015,0.047146,9581,38689,,,,,252,78,54,120,841974,687
600109,国金证券,资本市场服务,J67,2015-38,18/09/2015,-0.060821,8402,33820,,,,,345,70,92,183,617457,821
600109,国金证券,资本市场服务,J67,2015-39,25/09/2015,0.000841,7621,32842,,,,,190,59,44,87,557107,605
600109,国金证券,资本市场服务,J67,2015-40,30/09/2015,0.016807,,,,,,,,,,,,
600109,国金证券,资本市场服务,J67,2015-41,09/10/2015,0.052066,4625,20916,,,,,107,30,32,45,223373,169
600109,国金证券,资本市场服务,J67,2015-42,16/10/2015,0.136685,8396,37725,,,,,227,72,50,105,495853,512
600109,国金证券,资本市场服务,J67,2015-43,23/10/2015,0.048376,8539,39042,,,,,286,82,59,145,460528,545
600109,国金证券,资本市场服务,J67,2015-44,30/10/2015,-0.017139,7780,34076,104,96,22,369,301,99,68,134,1731128,2184
600109,国金证券,资本市场服务,J67,2015-45,06/11/2015,0.217975,9302,42322,,,,,484,142,117,225,644142,1128
600109,国金证券,资本市场服务,J67,2015-46,13/11/2015,-0.027533,11011,54451,,,,,832,203,225,404,1020782,1584
600109,国金证券,资本市场服务,J67,2015-47,20/11/2015,-0.026614,10482,47965,,,,,870,213,272,385,982433,1313
600109,国金证券,资本市场服务,J67,2015-48,27/11/2015,-0.098313,9649,41748,,,,,653,146,232,275,678793,850
600109,国金证券,资本市场服务,J67,2015-49,04/12/2015,0,8694,39094,,,,,557,111,214,232,580240,570
600109,国金证券,资本市场服务,J67,2015-50,11/12/2015,-0.014194,8367,33340,,,,,454,99,153,202,1114025,650
600109,国金证券,资本市场服务,J67,2015-51,18/12/2015,0.068063,9096,36161,,,,,542,153,158,231,1374426,898
600109,国金证券,资本市场服务,J67,2015-52,25/12/2015,0.008578,9164,36901,5,13,2,48,469,126,135,208,1080474,656
600109,国金证券,资本市场服务,J67,2015-53,31/12/2015,-0.020656,,,,,,,,,,,,
600109,国金证券,资本市场服务,J67,2016-02,08/01/2016,-0.130273,8627,34606,,,,,414,117,108,189,1224742,699
600109,国金证券,资本市场服务,J67,2016-03,15/01/2016,-0.129815,8258,31700,,,,,337,81,106,150,1024767,742
600109,国金证券,资本市场服务,J67,2016-04,22/01/2016,0.009016,7394,28896,,,,,226,65,55,106,791576,534
600109,国金证券,资本市场服务,J67,2016-05,29/01/2016,-0.090171,7245,28251,,,,,258,58,74,126,1832415,1059
600109,国金证券,资本市场服务,J67,2016-06,05/02/2016,0.016964,6909,25773,,,,,240,92,41,107,1645290,656
600109,国金证券,资本市场服务,J67,2016-08,19/02/2016,0.122915,7605,30435,,,,,381,122,82,177,2036432,641
600109,国金证券,资本市场服务,J67,2016-09,26/02/2016,-0.076622,8885,33719,,,,,355,95,92,168,1828344,597
600109,国金证券,资本市场服务,J67,2016-10,04/03/2016,0.066892,7837,32152,,,,,240,72,58,110,1473909,586
600109,国金证券,资本市场服务,J67,2016-11,11/03/2016,-0.042063,7437,27635,,,,,166,46,52,68,969052,373
600109,国金证券,资本市场服务,J67,2016-12,18/03/2016,0.135874,7620,29602,,,,,506,148,125,233,2404952,844
600109,国金证券,资本市场服务,J67,2016-13,25/03/2016,0.021152,9205,39915,,,,,470,129,115,226,1592712,817
600109,国金证券,资本市场服务,J67,2016-14,01/04/2016,0.009286,8134,32698,,,,,338,124,72,142,1454063,522
600109,国金证券,资本市场服务,J67,2016-15,08/04/2016,-0.036093,6098,25317,,,,,219,66,39,114,1019261,474
600109,国金证券,资本市场服务,J67,2016-16,15/04/2016,0.048458,7115,30632,,,,,239,82,53,104,913599,363
600109,国金证券,资本市场服务,J67,2016-17,22/04/2016,-0.060924,5873,24508,,,,,210,50,45,115,1554883,3908
600109,国金证券,资本市场服务,J67,2016-18,29/04/2016,-0.0261,5269,23005,,,,,1751,862,34,855,1011875,588
600109,国金证券,资本市场服务,J67,2016-19,06/05/2016,-0.01072,4915,21135,,,,,1211,488,21,702,459171,204
600109,国金证券,资本市场服务,J67,2016-20,13/05/2016,-0.058824,5371,22434,,,,,833,152,47,634,529085,272
600109,国金证券,资本市场服务,J67,2016-21,20/05/2016,0.009046,5159,21063,,,,,867,112,88,667,996993,868
600109,国金证券,资本市场服务,J67,2016-22,27/05/2016,-0.005705,4859,21432,,,,,646,103,98,445,714466,231
600109,国金证券,资本市场服务,J67,2016-23,03/06/2016,0.081967,5940,26485,,,,,701,74,40,587,764524,264
600109,国金证券,资本市场服务,J67,2016-24,08/06/2016,-0.018182,,,,,,,,,,,,
600109,国金证券,资本市场服务,J67,2016-25,17/06/2016,-0.035714,5290,22775,,,,,218,69,55,94,487918,261
600109,国金证券,资本市场服务,J67,2016-26,24/06/2016,0.038647,6340,23091,,,,,334,101,58,175,646305,289
600109,国金证券,资本市场服务,J67,2016-27,01/07/2016,0.037209,6803,25518,,,,,235,81,39,115,347399,161
600109,国金证券,资本市场服务,J67,2016-28,08/07/2016,0.026158,6392,24977,,,,,211,63,39,109,286578,139
600109,国金证券,资本市场服务,J67,2016-29,15/07/2016,0.008012,6290,24472,,,,,191,59,43,89,157992,223
600109,国金证券,资本市场服务,J67,2016-30,22/07/2016,-0.008671,5799,22494,,,,,184,61,33,90,189817,187
600109,国金证券,资本市场服务,J67,2016-31,29/07/2016,-0.059038,5586,21520,,,,,127,34,33,60,141350,138
600109,国金证券,资本市场服务,J67,2016-32,05/08/2016,0,4852,18602,,,,,142,48,38,56,155643,122
600109,国金证券,资本市场服务,J67,2016-33,12/08/2016,0.043377,5394,20233,,,,,157,46,40,71,136914,211
600109,国金证券,资本市场服务,J67,2016-34,19/08/2016,0.024499,6165,23696,,,,,203,52,63,88,248992,190
600109,国金证券,资本市场服务,J67,2016-35,26/08/2016,-0.037681,5409,21624,,,,,289,56,69,164,411689,511
600109,国金证券,资本市场服务,J67,2016-36,02/09/2016,0.002259,4681,19533,,,,,156,41,22,93,255214,372
600109,国金证券,资本市场服务,J67,2016-37,09/09/2016,-0.015026,4767,20879,,,,,322,72,83,167,338000,445
600109,国金证券,资本市场服务,J67,2016-38,14/09/2016,-0.03585,,,,,,,,,,,,
600109,国金证券,资本市场服务,J67,2016-39,23/09/2016,0.003956,3770,19522,,,,,113,25,42,46,117311,130
600109,国金证券,资本市场服务,J67,2016-40,30/09/2016,0.006304,3451,20247,,,,,88,39,10,39,104439,55
600109,国金证券,资本市场服务,J67,2016-42,14/10/2016,0.010963,3637,22268,,,,,97,32,22,43,123656,133
600109,国金证券,资本市场服务,J67,2016-43,21/10/2016,-0.004648,3857,22439,,,,,138,44,31,63,130656,112
600109,国金证券,资本市场服务,J67,2016-44,28/10/2016,0.03035,5226,25588,,,,,238,78,50,110,348666,280
600109,国金证券,资本市场服务,J67,2016-45,04/11/2016,0.064199,6930,28686,,,,,231,82,41,108,398917,374
600109,国金证券,资本市场服务,J67,2016-46,11/11/2016,0.032647,6725,26681,,,,,278,108,52,118,290580,289
600109,国金证券,资本市场服务,J67,2016-47,18/11/2016,-0.028179,6263,26767,,,,,210,85,37,88,219186,222
600109,国金证券,资本市场服务,J67,2016-48,25/11/2016,0.021924,4819,23695,,,,,142,47,35,60,177729,176
600109,国金证券,资本市场服务,J67,2016-49,02/12/2016,-0.03737,4958,22742,,,,,191,60,41,90,225276,221
600109,国金证券,资本市场服务,J67,2016-50,09/12/2016,-0.043134,4583,21438,,,,,225,53,71,101,192042,205
600109,国金证券,资本市场服务,J67,2016-51,16/12/2016,-0.039068,4290,20474,,,,,139,45,34,60,111346,204
600109,国金证券,资本市场服务,J67,2016-52,23/12/2016,0.004691,3841,20105,,,,,108,35,20,53,67758,63
600109,国金证券,资本市场服务,J67,2016-53,30/12/2016,0.014008,3808,19510,,,,,130,43,35,52,68935,111
600111,北方稀土,有色金属冶炼及压延加工业,C32,2014-01,03/01/2014,0.023799,8007,8128,,,,,530,201,92,237,997658,1185
600111,北方稀土,有色金属冶炼及压延加工业,C32,2014-02,10/01/2014,-0.057018,18087,18392,,,,,658,157,248,253,922059,1262
600111,北方稀土,有色金属冶炼及压延加工业,C32,2014-03,17/01/2014,-0.006977,15495,15495,,,,,391,115,119,157,537648,758
600111,北方稀土,有色金属冶炼及压延加工业,C32,2014-04,24/01/2014,0.009836,14679,14798,,,,,331,101,118,112,471227,544
600111,北方稀土,有色金属冶炼及压延加工业,C32,2014-05,30/01/2014,-0.031076,,,,,,,,,,,,
600111,北方稀土,有色金属冶炼及压延加工业,C32,2014-06,07/02/2014,0.005266,5533,5591,,,,,61,26,7,28,115168,111
600111,北方稀土,有色金属冶炼及压延加工业,C32,2014-07,14/02/2014,0.073333,21201,21321,,,,,248,101,53,94,391037,448
600111,北方稀土,有色金属冶炼及压延加工业,C32,2014-08,21/02/2014,-0.034605,18410,18715,,,,,374,118,81,175,630500,821
600111,北方稀土,有色金属冶炼及压延加工业,C32,2014-09,28/02/2014,-0.034926,16103,16510,,,,,297,105,78,114,492976,448
600111,北方稀土,有色金属冶炼及压延加工业,C32,2014-10,07/03/2014,0.001905,15725,15909,,,,,273,101,81,91,402736,401
600111,北方稀土,有色金属冶炼及压延加工业,C32,2014-11,14/03/2014,-0.043251,16350,16408,51,80,28,226,290,82,87,121,522985,459
600111,北方稀土,有色金属冶炼及压延加工业,C32,2014-12,21/03/2014,-0.007452,13968,14026,,,,,349,112,122,115,511750,442
600111,北方稀土,有色金属冶炼及压延加工业,C32,2014-13,28/03/2014,0.013013,17840,17840,,,,,539,200,147,192,1333372,3308
600111,北方稀土,有色金属冶炼及压延加工业,C32,2014-14,04/04/2014,0.028656,15787,15847,,,,,437,150,80,207,663369,976
600111,北方稀土,有色金属冶炼及压延加工业,C32,2014-15,11/04/2014,0.005283,16597,16597,,,,,267,93,82,92,380249,429
600111,北方稀土,有色金属冶炼及压延加工业,C32,2014-16,18/04/2014,-0.041089,16797,16797,,,,,485,116,194,175,640122,864
600111,北方稀土,有色金属冶炼及压延加工业,C32,2014-17,25/04/2014,-0.037369,14230,14230,,,,,294,75,107,112,468997,376
600111,北方稀土,有色金属冶炼及压延加工业,C32,2014-18,30/04/2014,0.001035,,,,,,,,,,,,
600111,北方稀土,有色金属冶炼及压延加工业,C32,2014-19,09/05/2014,0.009824,13616,13616,,,,,178,51,60,67,254355,197
600111,北方稀土,有色金属冶炼及压延加工业,C32,2014-20,16/05/2014,-0.001536,16772,16957,,,,,305,85,85,135,657226,536
600111,北方稀土,有色金属冶炼及压延加工业,C32,2014-21,23/05/2014,-0.002051,13225,13290,,,,,176,62,57,57,470369,539
600111,北方稀土,有色金属冶炼及压延加工业,C32,2014-22,30/05/2014,0.001558,12131,12131,,,,,150,45,44,61,266722,269
600111,北方稀土,有色金属冶炼及压延加工业,C32,2014-23,06/06/2014,-0.00985,11092,11155,,,,,298,75,80,143,419595,429
600111,北方稀土,有色金属冶炼及压延加工业,C32,2014-24,13/06/2014,0.005759,13439,13504,,,,,184,72,45,67,291666,356
600111,北方稀土,有色金属冶炼及压延加工业,C32,2014-25,20/06/2014,-0.00937,12351,12351,,,,,173,53,61,59,276692,399
600111,北方稀土,有色金属冶炼及压延加工业,C32,2014-26,27/06/2014,0.018392,15297,15417,,,,,450,151,131,168,705303,751
600111,北方稀土,有色金属冶炼及压延加工业,C32,2014-27,04/07/2014,0.011868,15001,15001,,,,,300,126,73,101,442545,537
600111,北方稀土,有色金属冶炼及压延加工业,C32,2014-28,11/07/2014,0.022947,15946,15946,,,,,398,153,115,130,625507,765
600111,北方稀土,有色金属冶炼及压延加工业,C32,2014-29,18/07/2014,0.004487,20000,20126,,,,,308,123,66,119,612290,653
600111,北方稀土,有色金属冶炼及压延加工业,C32,2014-30,25/07/2014,0.082382,21512,21575,,,,,474,189,110,175,892265,1059
600111,北方稀土,有色金属冶炼及压延加工业,C32,2014-31,01/08/2014,0.003668,26861,26861,,,,,627,247,174,206,963890,1064
600111,北方稀土,有色金属冶炼及压延加工业,C32,2014-32,08/08/2014,0.073093,35559,36135,,,,,1093,447,242,404,2233638,3312
600111,北方稀土,有色金属冶炼及压延加工业,C32,2014-33,15/08/2014,-0.006386,28928,29508,,,,,799,257,228,314,1643006,2066
600111,北方稀土,有色金属冶炼及压延加工业,C32,2014-34,22/08/2014,-0.029991,21618,21912,,,,,581,154,201,226,1016277,1744
600111,北方稀土,有色金属冶炼及压延加工业,C32,2014-35,29/08/2014,-0.011926,20251,20466,32,106,34,380,564,175,180,209,1215229,1360
600111,北方稀土,有色金属冶炼及压延加工业,C32,2014-36,05/09/2014,0.025928,19059,19741,,,,,433,141,129,163,698267,888
600111,北方稀土,有色金属冶炼及压延加工业,C32,2014-37,12/09/2014,-0.020044,15417,15865,,,,,301,90,91,120,532769,638
600111,北方稀土,有色金属冶炼及压延加工业,C32,2014-38,19/09/2014,-0.017341,17397,17705,,,,,342,95,112,135,601166,870
600111,北方稀土,有色金属冶炼及压延加工业,C32,2014-39,26/09/2014,-0.01086,16364,16493,,,,,433,116,145,172,641484,885
600111,北方稀土,有色金属冶炼及压延加工业,C32,2014-40,30/09/2014,-0.002287,,,,,,,,,,,,
600111,北方稀土,有色金属冶炼及压延加工业,C32,2014-41,10/10/2014,0.010087,11227,11409,,,,,197,62,50,85,430138,477
600111,北方稀土,有色金属冶炼及压延加工业,C32,2014-42,17/10/2014,-0.004539,18445,18445,,,,,386,112,115,159,895422,801
600111,北方稀土,有色金属冶炼及压延加工业,C32,2014-43,24/10/2014,-0.055176,15576,16134,,,,,399,91,139,169,942498,1011
600111,北方稀土,有色金属冶炼及压延加工业,C32,2014-44,31/10/2014,0.061776,16020,16329,7,47,10,66,352,134,86,132,735850,724
600111,北方稀土,有色金属冶炼及压延加工业,C32,2014-45,07/11/2014,-0.033636,16425,16731,,,,,489,133,158,198,766427,728
600111,北方稀土,有色金属冶炼及压延加工业,C32,2014-46,14/11/2014,0.0508,17960,18498,19,73,11,222,555,193,134,228,1156270,1427
600111,北方稀土,有色金属冶炼及压延加工业,C32,2014-47,21/11/2014,-0.014772,17373,17554,,,,,506,150,152,204,873074,1119
600111,北方稀土,有色金属冶炼及压延加工业,C32,2014-48,28/11/2014,0.022263,21524,21892,,,,,745,202,225,318,1621862,2400
600111,北方稀土,有色金属冶炼及压延加工业,C32,2014-49,05/12/2014,0.071556,32993,33517,,,,,948,308,231,409,1584030,2661
600111,北方稀土,有色金属冶炼及压延加工业,C32,2014-50,12/12/2014,0.072169,38969,40364,,,,,1404,418,325,661,2848904,3750
600111,北方稀土,有色金属冶炼及压延加工业,C32,2014-51,19/12/2014,-0.017795,34014,35665,,,,,1382,387,364,631,2435299,3543
600111,北方稀土,有色金属冶炼及压延加工业,C32,2014-52,26/12/2014,0.03269,29722,30829,,,,,1087,310,322,455,1894886,2594
600111,北方稀土,有色金属冶炼及压延加工业,C32,2014-53,31/12/2014,-0.012967,,,,,,,,,,,,
600111,北方稀土,有色金属冶炼及压延加工业,C32,2015-02,09/01/2015,0.018161,38896,40236,,,,,1147,340,289,518,2099267,2078
600111,北方稀土,有色金属冶炼及压延加工业,C32,2015-03,16/01/2015,-0.024288,25696,27072,,,,,969,253,297,419,1745718,2642
600111,北方稀土,有色金属冶炼及压延加工业,C32,2015-04,23/01/2015,0.008946,29893,40475,,,,,966,249,258,459,1960563,2666
600111,北方稀土,有色金属冶炼及压延加工业,C32,2015-05,30/01/2015,0.015806,29660,48044,,,,,920,258,221,441,1706211,2174
600111,北方稀土,有色金属冶炼及压延加工业,C32,2015-06,06/02/2015,-0.083871,24046,38346,,,,,936,230,277,429,1356130,1640
600111,北方稀土,有色金属冶炼及压延加工业,C32,2015-07,13/02/2015,0.02237,19822,31572,,,,,386,117,118,151,601550,598
600111,北方稀土,有色金属冶炼及压延加工业,C32,2015-08,17/02/2015,0.00081,,,,,,,,,,,,
600111,北方稀土,有色金属冶炼及压延加工业,C32,2015-09,27/02/2015,0.040081,14414,24599,,,,,225,76,54,95,718089,704
600111,北方稀土,有色金属冶炼及压延加工业,C32,2015-10,06/03/2015,0.004671,24547,42280,,,,,403,135,87,181,901618,1114
600111,北方稀土,有色金属冶炼及压延加工业,C32,2015-11,13/03/2015,0.008911,20928,36598,,,,,491,164,139,188,881246,1252
600111,北方稀土,有色金属冶炼及压延加工业,C32,2015-12,20/03/2015,0.026498,26393,48446,,,,,995,309,271,415,1474582,2078
600111,北方稀土,有色金属冶炼及压延加工业,C32,2015-13,27/03/2015,0.002245,25219,46679,,,,,935,320,249,366,1402201,2105
600111,北方稀土,有色金属冶炼及压延加工业,C32,2015-14,03/04/2015,0.050019,33403,60949,7,50,4,63,1332,408,336,588,2552203,3182
600111,北方稀土,有色金属冶炼及压延加工业,C32,2015-15,10/04/2015,0.029506,31473,57702,,,,,1430,420,365,645,4052340,7489
600111,北方稀土,有色金属冶炼及压延加工业,C32,2015-16,17/04/2015,-0.00587,40108,76447,,,,,1704,472,500,732,3894551,5668
600111,北方稀土,有色金属冶炼及压延加工业,C32,2015-17,24/04/2015,0.182355,54404,115923,,,,,2130,694,528,908,4241706,5555
600111,北方稀土,有色金属冶炼及压延加工业,C32,2015-18,30/04/2015,-0.050823,,,,,,,,,,,,
600111,北方稀土,有色金属冶炼及压延加工业,C32,2015-19,08/05/2015,-0.018261,39828,82420,,,,,1679,475,455,749,3532083,6301
600111,北方稀土,有色金属冶炼及压延加工业,C32,2015-20,15/05/2015,0.151639,62950,155936,,,,,2798,863,709,1226,5628799,9528
600111,北方稀土,有色金属冶炼及压延加工业,C32,2015-21,22/05/2015,0.004532,56030,137963,,,,,2168,609,641,918,2987343,5250
600111,北方稀土,有色金属冶炼及压延加工业,C32,2015-22,29/05/2015,-0.064397,57004,134945,,,,,2138,567,557,1014,3925847,5512
600111,北方稀土,有色金属冶炼及压延加工业,C32,2015-23,05/06/2015,0.095572,52309,122945,,,,,2022,540,515,967,2640963,4169
600111,北方稀土,有色金属冶炼及压延加工业,C32,2015-24,12/06/2015,0.022009,56988,132644,,,,,2018,591,566,861,3698610,4862
600111,北方稀土,有色金属冶炼及压延加工业,C32,2015-25,19/06/2015,-0.193031,48149,112543,,,,,2296,514,694,1088,3126845,5152
600111,北方稀土,有色金属冶炼及压延加工业,C32,2015-26,26/06/2015,-0.125667,33322,79952,,,,,1328,300,402,626,2169335,3940
600111,北方稀土,有色金属冶炼及压延加工业,C32,2015-27,03/07/2015,-0.197558,44334,109939,,,,,1132,279,334,519,1787806,3215
600111,北方稀土,有色金属冶炼及压延加工业,C32,2015-28,10/07/2015,0.087828,44454,112206,,,,,938,241,267,430,1644624,2434
600111,北方稀土,有色金属冶炼及压延加工业,C32,2015-29,17/07/2015,0.043229,39530,100939,,,,,615,153,176,286,1132630,1505
600111,北方稀土,有色金属冶炼及压延加工业,C32,2015-30,24/07/2015,0.032297,30166,75748,,,,,700,202,185,313,1164396,1451
600111,北方稀土,有色金属冶炼及压延加工业,C32,2015-31,31/07/2015,-0.163518,27322,67661,,,,,701,160,232,309,1358503,1713
600111,北方稀土,有色金属冶炼及压延加工业,C32,2015-32,07/08/2015,0.10868,25191,61629,,,,,636,182,169,285,1239943,1315
600111,北方稀土,有色金属冶炼及压延加工业,C32,2015-33,14/08/2015,0.128581,37162,101689,,,,,1175,325,325,525,2465517,2902
600111,北方稀土,有色金属冶炼及压延加工业,C32,2015-34,21/08/2015,-0.12634,32854,88089,,,,,972,226,278,468,2231292,2586
600111,北方稀土,有色金属冶炼及压延加工业,C32,2015-35,28/08/2015,-0.135571,26003,65362,,,,,678,141,193,344,1371378,2077
600111,北方稀土,有色金属冶炼及压延加工业,C32,2015-36,02/09/2015,-0.017924,,,,,,,,,,,,
600111,北方稀土,有色金属冶炼及压延加工业,C32,2015-37,11/09/2015,0.018251,17798,42480,,,,,385,78,117,190,816270,1124
600111,北方稀土,有色金属冶炼及压延加工业,C32,2015-38,18/09/2015,-0.024645,18658,43594,,,,,629,150,172,307,1230586,1690
600111,北方稀土,有色金属冶炼及压延加工业,C32,2015-39,25/09/2015,-0.003063,15307,34596,,,,,486,110,150,226,770233,1192
600111,北方稀土,有色金属冶炼及压延加工业,C32,2015-40,30/09/2015,-0.028418,,,,,,,,,,,,
600111,北方稀土,有色金属冶炼及压延加工业,C32,2015-41,09/10/2015,0.070356,8265,18533,,,,,231,63,59,109,422831,440
600111,北方稀土,有色金属冶炼及压延加工业,C32,2015-42,16/10/2015,0.106352,18827,46126,,,,,746,192,197,357,1228230,1335
600111,北方稀土,有色金属冶炼及压延加工业,C32,2015-43,23/10/2015,0.042056,19598,49702,,,,,1210,349,308,553,1703587,2770
600111,北方稀土,有色金属冶炼及压延加工业,C32,2015-44,30/10/2015,-0.063421,17992,43917,,,,,895,229,260,406,1268169,1931
600111,北方稀土,有色金属冶炼及压延加工业,C32,2015-45,06/11/2015,0.086183,18510,43904,,,,,978,287,266,425,1302224,1787
600111,北方稀土,有色金属冶炼及压延加工业,C32,2015-46,13/11/2015,0.004408,23268,58444,,,,,1708,393,518,797,2055358,2621
600111,北方稀土,有色金属冶炼及压延加工业,C32,2015-47,20/11/2015,-0.023824,19423,47429,,,,,1538,361,453,724,1447830,2641
600111,北方稀土,有色金属冶炼及压延加工业,C32,2015-48,27/11/2015,-0.091201,17638,42802,4,16,9,55,1290,323,392,575,1177909,1880
600111,北方稀土,有色金属冶炼及压延加工业,C32,2015-49,04/12/2015,-0.009894,16476,39676,,,,,919,212,263,444,1036825,1872
600111,北方稀土,有色金属冶炼及压延加工业,C32,2015-50,11/12/2015,-0.017844,15112,35633,,,,,968,231,294,443,1324027,1591
600111,北方稀土,有色金属冶炼及压延加工业,C32,2015-51,18/12/2015,0.027616,16184,37558,,,,,823,196,264,363,1162206,1160
600111,北方稀土,有色金属冶炼及压延加工业,C32,2015-52,25/12/2015,0.036775,17631,40804,,,,,939,256,230,453,1274961,1359
600111,北方稀土,有色金属冶炼及压延加工业,C32,2015-53,31/12/2015,-0.043656,,,,,,,,,,,,
600111,北方稀土,有色金属冶炼及压延加工业,C32,2016-02,08/01/2016,-0.079886,16357,38207,,,,,812,217,193,402,1409186,1503
600111,北方稀土,有色金属冶炼及压延加工业,C32,2016-03,15/01/2016,-0.051938,15774,36183,,,,,583,165,137,281,1173478,999
600111,北方稀土,有色金属冶炼及压延加工业,C32,2016-04,22/01/2016,-0.005724,13694,30644,,,,,488,137,124,227,968103,1468
600111,北方稀土,有色金属冶炼及压延加工业,C32,2016-05,29/01/2016,-0.057566,13792,32620,,,,,507,125,135,247,1127313,940
600111,北方稀土,有色金属冶炼及压延加工业,C32,2016-06,05/02/2016,-0.006108,10621,25435,,,,,281,87,72,122,941901,366
600111,北方稀土,有色金属冶炼及压延加工业,C32,2016-08,19/02/2016,0.037752,12478,29155,,,,,375,120,62,193,836365,534
600111,北方稀土,有色金属冶炼及压延加工业,C32,2016-09,26/02/2016,-0.018613,13802,32550,,,,,670,174,171,325,1185112,798
600111,北方稀土,有色金属冶炼及压延加工业,C32,2016-10,04/03/2016,0.096552,14420,34853,,,,,603,198,129,276,1550357,1374
600111,北方稀土,有色金属冶炼及压延加工业,C32,2016-11,11/03/2016,-0.062893,15109,36354,,,,,640,188,174,278,1358006,1389
600111,北方稀土,有色金属冶炼及压延加工业,C32,2016-12,18/03/2016,0.076342,13842,32952,,,,,773,216,181,376,1652114,1824
600111,北方稀土,有色金属冶炼及压延加工业,C32,2016-13,25/03/2016,-0.01325,14332,33293,,,,,889,220,245,424,1297905,1002
600111,北方稀土,有色金属冶炼及压延加工业,C32,2016-14,01/04/2016,0.025276,12769,28608,,,,,645,189,119,337,1401571,864
600111,北方稀土,有色金属冶炼及压延加工业,C32,2016-15,08/04/2016,-0.034669,11778,26409,,,,,451,137,94,220,1175493,869
600111,北方稀土,有色金属冶炼及压延加工业,C32,2016-16,15/04/2016,0.085395,14315,33532,,,,,947,257,207,483,1849420,1578
600111,北方稀土,有色金属冶炼及压延加工业,C32,2016-17,22/04/2016,0.022059,18952,45041,,,,,1190,325,286,579,2274184,1877
600111,北方稀土,有色金属冶炼及压延加工业,C32,2016-18,29/04/2016,-0.033813,16431,36572,,,,,2410,1013,207,1190,1742857,1391
600111,北方稀土,有色金属冶炼及压延加工业,C32,2016-19,06/05/2016,-0.003723,13761,29987,,,,,1745,606,169,970,896256,659
600111,北方稀土,有色金属冶炼及压延加工业,C32,2016-20,13/05/2016,-0.076233,15417,33641,,,,,1350,248,214,888,746429,944
600111,北方稀土,有色金属冶炼及压延加工业,C32,2016-21,20/05/2016,0.100324,17861,42750,,,,,1675,321,295,1059,1852629,1443
600111,北方稀土,有色金属冶炼及压延加工业,C32,2016-22,27/05/2016,-0.016912,18404,40764,,,,,1258,253,275,730,1638773,2002
600111,北方稀土,有色金属冶炼及压延加工业,C32,2016-23,03/06/2016,0.115931,24887,57857,,,,,1729,402,262,1065,2538300,1558
600111,北方稀土,有色金属冶炼及压延加工业,C32,2016-24,08/06/2016,-0.057641,,,,,,,,,,,,
600111,北方稀土,有色金属冶炼及压延加工业,C32,2016-25,17/06/2016,-0.003556,17369,39286,,,,,633,159,169,305,1239579,621
600111,北方稀土,有色金属冶炼及压延加工业,C32,2016-26,24/06/2016,-0.062812,15731,35789,,,,,649,169,162,318,1147171,721
600111,北方稀土,有色金属冶炼及压延加工业,C32,2016-27,01/07/2016,0.015267,14623,32514,,,,,524,125,145,254,649157,767
600111,北方稀土,有色金属冶炼及压延加工业,C32,2016-28,08/07/2016,0.075188,17030,38239,,,,,557,168,100,289,612254,763
600111,北方稀土,有色金属冶炼及压延加工业,C32,2016-29,15/07/2016,0.03007,19279,44994,,,,,996,254,249,493,928485,1701
600111,北方稀土,有色金属冶炼及压延加工业,C32,2016-30,22/07/2016,-0.001358,16332,36114,,,,,571,143,123,305,630288,690
600111,北方稀土,有色金属冶炼及压延加工业,C32,2016-31,29/07/2016,-0.079538,14944,33137,,,,,520,106,181,233,565448,536
600111,北方稀土,有色金属冶炼及压延加工业,C32,2016-32,05/08/2016,-0.028065,13377,28710,,,,,362,86,99,177,365092,386
600111,北方稀土,有色金属冶炼及压延加工业,C32,2016-33,12/08/2016,0.023556,14415,31114,,,,,501,134,144,223,474864,466
600111,北方稀土,有色金属冶炼及压延加工业,C32,2016-34,19/08/2016,0.025241,14079,30576,,,,,521,127,153,241,558379,621
600111,北方稀土,有色金属冶炼及压延加工业,C32,2016-35,26/08/2016,-0.039102,12158,25903,,,,,449,119,133,197,423761,516
600111,北方稀土,有色金属冶炼及压延加工业,C32,2016-36,02/09/2016,-0.006029,10888,23545,,,,,454,131,144,179,372321,400
600111,北方稀土,有色金属冶炼及压延加工业,C32,2016-37,09/09/2016,0,11118,24090,,,,,449,121,121,207,386834,391
600111,北方稀土,有色金属冶炼及压延加工业,C32,2016-38,14/09/2016,-0.039424,,,,,,,,,,,,
600111,北方稀土,有色金属冶炼及压延加工业,C32,2016-39,23/09/2016,-0.005525,9757,22286,,,,,308,78,89,141,255824,340
600111,北方稀土,有色金属冶炼及压延加工业,C32,2016-40,30/09/2016,-0.019048,9152,19988,,,,,277,68,81,128,193703,289
600111,北方稀土,有色金属冶炼及压延加工业,C32,2016-42,14/10/2016,0.005663,9182,19945,,,,,196,57,48,91,178396,168
600111,北方稀土,有色金属冶炼及压延加工业,C32,2016-43,21/10/2016,0.013677,9199,21626,,,,,308,84,78,146,351083,430
600111,北方稀土,有色金属冶炼及压延加工业,C32,2016-44,28/10/2016,-0.006349,9186,21510,,,,,242,66,66,110,217783,220
600111,北方稀土,有色金属冶炼及压延加工业,C32,2016-45,04/11/2016,0.029553,9093,20597,,,,,299,98,58,143,272772,387
600111,北方稀土,有色金属冶炼及压延加工业,C32,2016-46,11/11/2016,0.062839,12558,28959,,,,,439,134,120,185,395423,501
600111,北方稀土,有色金属冶炼及压延加工业,C32,2016-47,18/11/2016,-0.033577,11217,26818,,,,,381,90,101,190,311013,359
600111,北方稀土,有色金属冶炼及压延加工业,C32,2016-48,25/11/2016,0.001511,9828,22913,,,,,303,73,91,139,220935,262
600111,北方稀土,有色金属冶炼及压延加工业,C32,2016-49,02/12/2016,-0.037707,9363,21681,,,,,347,85,100,162,324378,298
600111,北方稀土,有色金属冶炼及压延加工业,C32,2016-50,09/12/2016,0.017241,9092,20701,,,,,185,47,52,86,199043,195
600111,北方稀土,有色金属冶炼及压延加工业,C32,2016-51,16/12/2016,-0.034669,9757,23232,,,,,433,130,97,206,336451,471
600111,北方稀土,有色金属冶炼及压延加工业,C32,2016-52,23/12/2016,0,8935,19905,,,,,327,108,68,151,184240,265
600111,北方稀土,有色金属冶炼及压延加工业,C32,2016-53,30/12/2016,-0.02075,7812,16595,,,,,226,66,77,83,146796,82
600150,中国船舶,铁路、船舶、航空航天和其它运输设备制造业,C37,2014-01,03/01/2014,-0.031418,4109,9314,,,,,108,38,21,49,229184,381
600150,中国船舶,铁路、船舶、航空航天和其它运输设备制造业,C37,2014-02,10/01/2014,-0.108408,8320,18360,,,,,200,74,65,61,313711,526
600150,中国船舶,铁路、船舶、航空航天和其它运输设备制造业,C37,2014-03,17/01/2014,-0.011489,7154,16140,,,,,127,54,23,50,239290,277
600150,中国船舶,铁路、船舶、航空航天和其它运输设备制造业,C37,2014-04,24/01/2014,0.062954,7535,17242,,,,,166,84,29,53,275699,332
600150,中国船舶,铁路、船舶、航空航天和其它运输设备制造业,C37,2014-05,30/01/2014,-0.006834,,,,,,,,,,,,
600150,中国船舶,铁路、船舶、航空航天和其它运输设备制造业,C37,2014-06,07/02/2014,0.1,3441,8795,,,,,114,59,8,47,296749,646
600150,中国船舶,铁路、船舶、航空航天和其它运输设备制造业,C37,2014-07,14/02/2014,-0.035029,9417,21850,,,,,148,82,21,45,231887,297
600150,中国船舶,铁路、船舶、航空航天和其它运输设备制造业,C37,2014-08,21/02/2014,-0.023768,8332,18143,,,,,165,88,28,49,221118,394
600150,中国船舶,铁路、船舶、航空航天和其它运输设备制造业,C37,2014-09,28/02/2014,-0.053121,7890,17446,,,,,193,89,31,73,238969,369
600150,中国船舶,铁路、船舶、航空航天和其它运输设备制造业,C37,2014-10,07/03/2014,-0.012155,7674,16788,,,,,116,57,17,42,134143,293
600150,中国船舶,铁路、船舶、航空航天和其它运输设备制造业,C37,2014-11,14/03/2014,-0.125887,8143,17905,,,,,120,42,31,47,141174,154
600150,中国船舶,铁路、船舶、航空航天和其它运输设备制造业,C37,2014-12,21/03/2014,-0.014618,8014,17891,,,,,195,63,58,74,242736,232
600150,中国船舶,铁路、船舶、航空航天和其它运输设备制造业,C37,2014-13,28/03/2014,-0.026374,7458,16478,,,,,95,41,18,36,198198,129
600150,中国船舶,铁路、船舶、航空航天和其它运输设备制造业,C37,2014-14,04/04/2014,0.060384,7380,16118,,,,,73,34,12,27,150343,293
600150,中国船舶,铁路、船舶、航空航天和其它运输设备制造业,C37,2014-15,11/04/2014,0.085684,7558,17411,,,,,100,46,18,36,173714,146
600150,中国船舶,铁路、船舶、航空航天和其它运输设备制造业,C37,2014-16,18/04/2014,-0.02598,8061,18099,,,,,108,35,23,50,216573,185
600150,中国船舶,铁路、船舶、航空航天和其它运输设备制造业,C37,2014-17,25/04/2014,-0.049824,8143,18113,87,132,23,393,127,38,28,61,200832,315
600150,中国船舶,铁路、船舶、航空航天和其它运输设备制造业,C37,2014-18,30/04/2014,-0.01589,,,,,,,,,,,,
600150,中国船舶,铁路、船舶、航空航天和其它运输设备制造业,C37,2014-19,09/05/2014,0.052207,7772,16972,,,,,47,20,9,18,157422,213
600150,中国船舶,铁路、船舶、航空航天和其它运输设备制造业,C37,2014-20,16/05/2014,0.021995,8219,17761,,,,,177,44,56,77,242297,180
600150,中国船舶,铁路、船舶、航空航天和其它运输设备制造业,C37,2014-21,23/05/2014,-0.041041,7886,17220,9,24,1,53,103,36,25,42,324933,181
600150,中国船舶,铁路、船舶、航空航天和其它运输设备制造业,C37,2014-22,30/05/2014,0.01357,6768,16018,,,,,79,28,22,29,458627,123
600150,中国船舶,铁路、船舶、航空航天和其它运输设备制造业,C37,2014-23,06/06/2014,0.012358,5982,14102,,,,,52,21,9,22,306314,84
600150,中国船舶,铁路、船舶、航空航天和其它运输设备制造业,C37,2014-24,13/06/2014,0.014751,6806,15712,,,,,73,26,18,29,280731,146
600150,中国船舶,铁路、船舶、航空航天和其它运输设备制造业,C37,2014-25,20/06/2014,-0.035589,6723,15504,,,,,83,30,23,30,257049,108
600150,中国船舶,铁路、船舶、航空航天和其它运输设备制造业,C37,2014-26,27/06/2014,0.06237,6706,15270,,,,,104,41,22,41,269254,202
600150,中国船舶,铁路、船舶、航空航天和其它运输设备制造业,C37,2014-27,04/07/2014,0.051859,9168,20549,48,199,7,260,184,75,28,81,384569,458
600150,中国船舶,铁路、船舶、航空航天和其它运输设备制造业,C37,2014-28,11/07/2014,0.06186,9018,19784,,,,,110,35,30,45,788291,527
600150,中国船舶,铁路、船舶、航空航天和其它运输设备制造业,C37,2014-29,18/07/2014,-0.071397,8649,19445,,,,,181,54,54,73,294419,298
600150,中国船舶,铁路、船舶、航空航天和其它运输设备制造业,C37,2014-30,25/07/2014,0.067453,7914,17201,13,22,12,59,189,83,38,68,331524,563
600150,中国船舶,铁路、船舶、航空航天和其它运输设备制造业,C37,2014-31,01/08/2014,0.013257,9319,20938,,,,,342,119,83,140,450739,518
600150,中国船舶,铁路、船舶、航空航天和其它运输设备制造业,C37,2014-32,08/08/2014,0.032272,8946,19876,,,,,215,75,57,83,384307,417
600150,中国船舶,铁路、船舶、航空航天和其它运输设备制造业,C37,2014-33,15/08/2014,-0.000422,8715,19379,,,,,162,62,46,54,311801,375
600150,中国船舶,铁路、船舶、航空航天和其它运输设备制造业,C37,2014-34,22/08/2014,-0.00592,8003,17945,,,,,243,87,73,83,415046,628
600150,中国船舶,铁路、船舶、航空航天和其它运输设备制造业,C37,2014-35,29/08/2014,0.019991,7683,17566,,,,,198,91,36,71,314389,395
600150,中国船舶,铁路、船舶、航空航天和其它运输设备制造业,C37,2014-36,05/09/2014,0.198082,10694,25701,58,54,18,202,257,96,56,105,557964,695
600150,中国船舶,铁路、船舶、航空航天和其它运输设备制造业,C37,2014-37,12/09/2014,0.128437,13519,34866,,,,,604,252,115,237,1226025,1872
600150,中国船舶,铁路、船舶、航空航天和其它运输设备制造业,C37,2014-38,19/09/2014,-0.0219,15934,40512,31,298,6,355,552,217,121,214,1079576,2019
600150,中国船舶,铁路、船舶、航空航天和其它运输设备制造业,C37,2014-39,26/09/2014,0.072217,16124,41067,,,,,705,275,157,273,1179055,1715
600150,中国船舶,铁路、船舶、航空航天和其它运输设备制造业,C37,2014-40,30/09/2014,0.070588,,,,,,,,,,,,
600150,中国船舶,铁路、船舶、航空航天和其它运输设备制造业,C37,2014-41,10/10/2014,0.13956,18949,50903,,,,,1538,599,296,643,3163390,5206
600150,中国船舶,铁路、船舶、航空航天和其它运输设备制造业,C37,2014-42,17/10/2014,-0.021938,29662,78791,,,,,2060,680,515,865,3988777,6460
600150,中国船舶,铁路、船舶、航空航天和其它运输设备制造业,C37,2014-43,24/10/2014,-0.066798,21326,53317,10,11,3,43,1177,354,307,516,2311973,3211
600150,中国船舶,铁路、船舶、航空航天和其它运输设备制造业,C37,2014-44,31/10/2014,0.066825,20929,53497,,,,,850,273,192,385,2424748,3215
600150,中国船舶,铁路、船舶、航空航天和其它运输设备制造业,C37,2014-45,07/11/2014,-0.066848,18684,48269,,,,,1454,428,382,644,4629013,3717
600150,中国船舶,铁路、船舶、航空航天和其它运输设备制造业,C37,2014-46,14/11/2014,-0.064473,17117,42657,,,,,747,207,234,306,1462589,1792
600150,中国船舶,铁路、船舶、航空航天和其它运输设备制造业,C37,2014-47,21/11/2014,-0.010493,14407,35786,,,,,318,79,96,143,678918,679
600150,中国船舶,铁路、船舶、航空航天和其它运输设备制造业,C37,2014-48,28/11/2014,0.074233,15798,41230,,,,,383,124,87,172,1015415,1375
600150,中国船舶,铁路、船舶、航空航天和其它运输设备制造业,C37,2014-49,05/12/2014,0.108058,17742,46926,,,,,747,227,196,324,1834817,2232
600150,中国船舶,铁路、船舶、航空航天和其它运输设备制造业,C37,2014-50,12/12/2014,-0.07007,23566,68514,,,,,1197,293,349,555,1919496,2985
600150,中国船舶,铁路、船舶、航空航天和其它运输设备制造业,C37,2014-51,19/12/2014,-0.000518,18801,49426,,,,,879,256,244,379,1344592,2247
600150,中国船舶,铁路、船舶、航空航天和其它运输设备制造业,C37,2014-52,26/12/2014,-0.008549,17186,46020,,,,,824,231,243,350,1299439,2201
600150,中国船舶,铁路、船舶、航空航天和其它运输设备制造业,C37,2014-53,31/12/2014,-0.036843,,,,,,,,,,,,
600150,中国船舶,铁路、船舶、航空航天和其它运输设备制造业,C37,2015-02,09/01/2015,-0.011123,15729,41950,,,,,802,242,213,347,1818465,3037
600150,中国船舶,铁路、船舶、航空航天和其它运输设备制造业,C37,2015-03,16/01/2015,-0.002195,13962,35588,,,,,654,205,208,241,997467,2767
600150,中国船舶,铁路、船舶、航空航天和其它运输设备制造业,C37,2015-04,23/01/2015,0.027495,14890,38444,,,,,731,231,184,316,1020945,2110
600150,中国船舶,铁路、船舶、航空航天和其它运输设备制造业,C37,2015-05,30/01/2015,-0.033717,15479,38593,,,,,611,189,161,261,973093,1816
600150,中国船舶,铁路、船舶、航空航天和其它运输设备制造业,C37,2015-06,06/02/2015,-0.06231,14509,36175,,,,,860,238,263,359,1266960,2506
600150,中国船舶,铁路、船舶、航空航天和其它运输设备制造业,C37,2015-07,13/02/2015,0.041937,11831,30005,,,,,374,129,91,154,627949,1102
600150,中国船舶,铁路、船舶、航空航天和其它运输设备制造业,C37,2015-08,17/02/2015,0.003685,,,,,,,,,,,,
600150,中国船舶,铁路、船舶、航空航天和其它运输设备制造业,C37,2015-09,27/02/2015,0.03643,8051,21049,,,,,140,52,28,60,353705,622
600150,中国船舶,铁路、船舶、航空航天和其它运输设备制造业,C37,2015-10,06/03/2015,-0.029155,13172,33328,,,,,387,125,96,166,767376,1838
600150,中国船舶,铁路、船舶、航空航天和其它运输设备制造业,C37,2015-11,13/03/2015,0.036767,14563,38432,,,,,616,192,160,264,1342620,2368
600150,中国船舶,铁路、船舶、航空航天和其它运输设备制造业,C37,2015-12,20/03/2015,0.050081,16910,44132,35,74,13,165,533,165,161,207,1140554,1817
600150,中国船舶,铁路、船舶、航空航天和其它运输设备制造业,C37,2015-13,27/03/2015,0.149265,24237,79147,,,,,1318,452,305,561,3092736,3532
600150,中国船舶,铁路、船舶、航空航天和其它运输设备制造业,C37,2015-14,03/04/2015,0.056303,23327,73181,,,,,1012,310,305,397,2034466,2486
600150,中国船舶,铁路、船舶、航空航天和其它运输设备制造业,C37,2015-15,10/04/2015,-0.028881,18722,57314,,,,,735,210,201,324,1825717,2942
600150,中国船舶,铁路、船舶、航空航天和其它运输设备制造业,C37,2015-16,17/04/2015,0.185655,23816,85961,,,,,863,287,213,363,2214487,2289
600150,中国船舶,铁路、船舶、航空航天和其它运输设备制造业,C37,2015-17,24/04/2015,0.007562,28275,115096,,,,,922,325,201,396,2421499,2715
600150,中国船舶,铁路、船舶、航空航天和其它运输设备制造业,C37,2015-18,30/04/2015,0.043932,,,,,,,,,,,,
600150,中国船舶,铁路、船舶、航空航天和其它运输设备制造业,C37,2015-19,08/05/2015,-0.100824,22505,79780,,,,,1131,370,274,487,1731350,2389
600150,中国船舶,铁路、船舶、航空航天和其它运输设备制造业,C37,2015-20,15/05/2015,0.020866,19811,71102,,,,,544,151,142,251,907717,1122
600150,中国船舶,铁路、船舶、航空航天和其它运输设备制造业,C37,2015-21,22/05/2015,0.134288,22022,82180,,,,,833,257,179,397,1722965,1884
600150,中国船舶,铁路、船舶、航空航天和其它运输设备制造业,C37,2015-22,29/05/2015,0.003873,27253,120973,,,,,940,298,229,413,2087640,2013
600150,中国船舶,铁路、船舶、航空航天和其它运输设备制造业,C37,2015-23,05/06/2015,0.064765,20961,82901,,,,,666,195,195,276,1287513,1707
600150,中国船舶,铁路、船舶、航空航天和其它运输设备制造业,C37,2015-24,12/06/2015,0.080996,23472,101365,,,,,936,232,225,479,3173018,2423
600150,中国船舶,铁路、船舶、航空航天和其它运输设备制造业,C37,2015-25,19/06/2015,-0.179883,24046,107221,,,,,792,227,216,349,1840348,1462
600150,中国船舶,铁路、船舶、航空航天和其它运输设备制造业,C37,2015-26,26/06/2015,-0.036971,17778,70631,,,,,401,136,86,179,1434572,1004
600150,中国船舶,铁路、船舶、航空航天和其它运输设备制造业,C37,2015-27,03/07/2015,-0.30694,19979,82815,,,,,533,110,176,247,796785,924
600150,中国船舶,铁路、船舶、航空航天和其它运输设备制造业,C37,2015-28,10/07/2015,-0.009055,19500,81022,,,,,545,126,130,289,925299,1446
600150,中国船舶,铁路、船舶、航空航天和其它运输设备制造业,C37,2015-29,17/07/2015,0.13921,16904,69852,,,,,262,78,58,126,576901,784
600150,中国船舶,铁路、船舶、航空航天和其它运输设备制造业,C37,2015-30,24/07/2015,0.048125,16913,67460,,,,,257,85,55,117,611048,451
600150,中国船舶,铁路、船舶、航空航天和其它运输设备制造业,C37,2015-31,31/07/2015,-0.114337,14791,61140,,,,,280,75,87,118,573184,374
600150,中国船舶,铁路、船舶、航空航天和其它运输设备制造业,C37,2015-32,07/08/2015,0.033291,13464,53129,,,,,230,81,48,101,635909,476
600150,中国船舶,铁路、船舶、航空航天和其它运输设备制造业,C37,2015-33,14/08/2015,0.352189,23246,108614,,,,,695,215,159,321,2820793,1772
600150,中国船舶,铁路、船舶、航空航天和其它运输设备制造业,C37,2015-34,21/08/2015,-0.188068,19114,78938,,,,,449,123,132,194,1069649,751
600150,中国船舶,铁路、船舶、航空航天和其它运输设备制造业,C37,2015-35,28/08/2015,-0.118056,15446,61829,,,,,387,107,110,170,741302,589
600150,中国船舶,铁路、船舶、航空航天和其它运输设备制造业,C37,2015-36,02/09/2015,-0.100584,,,,,,,,,,,,
600150,中国船舶,铁路、船舶、航空航天和其它运输设备制造业,C37,2015-37,11/09/2015,0.027111,11677,42179,,,,,268,66,64,138,476458,346
600150,中国船舶,铁路、船舶、航空航天和其它运输设备制造业,C37,2015-38,18/09/2015,-0.062414,11127,37630,,,,,250,72,69,109,502534,370
600150,中国船舶,铁路、船舶、航空航天和其它运输设备制造业,C37,2015-39,25/09/2015,0.065982,10169,32222,,,,,227,78,55,94,442316,323
600150,中国船舶,铁路、船舶、航空航天和其它运输设备制造业,C37,2015-40,30/09/2015,-0.027235,,,,,,,,,,,,
600150,中国船舶,铁路、船舶、航空航天和其它运输设备制造业,C37,2015-41,09/10/2015,0.05345,5234,16189,,,,,70,15,13,42,134459,58
600150,中国船舶,铁路、船舶、航空航天和其它运输设备制造业,C37,2015-42,16/10/2015,0.091812,10809,34354,,,,,524,141,139,244,980001,778
600150,中国船舶,铁路、船舶、航空航天和其它运输设备制造业,C37,2015-43,23/10/2015,-0.049422,10645,32690,,,,,522,154,106,262,624439,1048
600150,中国船舶,铁路、船舶、航空航天和其它运输设备制造业,C37,2015-44,30/10/2015,-0.003104,10629,34591,,,,,549,136,173,240,607731,786
600150,中国船舶,铁路、船舶、航空航天和其它运输设备制造业,C37,2015-45,06/11/2015,0.0589,10201,31275,,,,,478,135,120,223,541085,872
600150,中国船舶,铁路、船舶、航空航天和其它运输设备制造业,C37,2015-46,13/11/2015,-0.042392,10628,31149,,,,,492,123,117,252,625811,617
600150,中国船舶,铁路、船舶、航空航天和其它运输设备制造业,C37,2015-47,20/11/2015,0.004094,9168,26716,,,,,300,84,71,145,521794,560
600150,中国船舶,铁路、船舶、航空航天和其它运输设备制造业,C37,2015-48,27/11/2015,-0.056575,8915,26792,,,,,388,101,103,184,467658,452
600150,中国船舶,铁路、船舶、航空航天和其它运输设备制造业,C37,2015-49,04/12/2015,-0.024581,8730,27859,,,,,351,76,112,163,441478,557
600150,中国船舶,铁路、船舶、航空航天和其它运输设备制造业,C37,2015-50,11/12/2015,-0.042647,8222,26027,,,,,418,101,127,190,784882,656
600150,中国船舶,铁路、船舶、航空航天和其它运输设备制造业,C37,2015-51,18/12/2015,0.028638,8006,24507,,,,,299,93,89,117,824073,579
600150,中国船舶,铁路、船舶、航空航天和其它运输设备制造业,C37,2015-52,25/12/2015,0.014342,8510,24780,,,,,354,109,98,147,670268,350
600150,中国船舶,铁路、船舶、航空航天和其它运输设备制造业,C37,2015-53,31/12/2015,-0.034378,,,,,,,,,,,,
600150,中国船舶,铁路、船舶、航空航天和其它运输设备制造业,C37,2016-02,08/01/2016,-0.092736,9408,30574,,,,,300,68,71,161,935342,927
600150,中国船舶,铁路、船舶、航空航天和其它运输设备制造业,C37,2016-03,15/01/2016,-0.137025,8193,26711,,,,,259,59,80,120,707750,329
600150,中国船舶,铁路、船舶、航空航天和其它运输设备制造业,C37,2016-04,22/01/2016,0.000733,7545,23238,,,,,303,81,69,153,808297,338
600150,中国船舶,铁路、船舶、航空航天和其它运输设备制造业,C37,2016-05,29/01/2016,-0.177354,7490,22867,,,,,353,72,106,175,745830,429
600150,中国船舶,铁路、船舶、航空航天和其它运输设备制造业,C37,2016-06,05/02/2016,0.020045,7011,20931,,,,,201,52,54,95,908866,253
600150,中国船舶,铁路、船舶、航空航天和其它运输设备制造业,C37,2016-08,19/02/2016,0.056769,7414,21859,,,,,224,58,60,106,517472,185
600150,中国船舶,铁路、船舶、航空航天和其它运输设备制造业,C37,2016-09,26/02/2016,-0.07314,7454,22080,,,,,200,57,53,90,537238,234
600150,中国船舶,铁路、船舶、航空航天和其它运输设备制造业,C37,2016-10,04/03/2016,0.065983,7609,23053,,,,,263,88,51,124,759894,511
600150,中国船舶,铁路、船舶、航空航天和其它运输设备制造业,C37,2016-11,11/03/2016,-0.055625,7112,21501,,,,,225,72,51,102,635352,258
600150,中国船舶,铁路、船舶、航空航天和其它运输设备制造业,C37,2016-12,18/03/2016,0.102303,7102,20161,,,,,183,54,44,85,670216,316
600150,中国船舶,铁路、船舶、航空航天和其它运输设备制造业,C37,2016-13,25/03/2016,0.004419,7840,23409,,,,,250,68,59,123,821341,477
600150,中国船舶,铁路、船舶、航空航天和其它运输设备制造业,C37,2016-14,01/04/2016,-0.0028,7230,20065,,,,,142,48,19,75,712838,291
600150,中国船舶,铁路、船舶、航空航天和其它运输设备制造业,C37,2016-15,08/04/2016,-0.017649,6396,18821,,,,,139,36,34,69,534860,242
600150,中国船舶,铁路、船舶、航空航天和其它运输设备制造业,C37,2016-16,15/04/2016,0.044508,6623,19648,,,,,217,70,39,108,860880,288
600150,中国船舶,铁路、船舶、航空航天和其它运输设备制造业,C37,2016-17,22/04/2016,-0.085614,6063,17576,,,,,299,74,51,174,644209,225
600150,中国船舶,铁路、船舶、航空航天和其它运输设备制造业,C37,2016-18,29/04/2016,-0.029072,5699,15991,,,,,1766,802,28,936,603660,348
600150,中国船舶,铁路、船舶、航空航天和其它运输设备制造业,C37,2016-19,06/05/2016,-0.007926,4910,13875,,,,,1256,481,29,746,290134,236
600150,中国船舶,铁路、船舶、航空航天和其它运输设备制造业,C37,2016-20,13/05/2016,-0.02885,5481,15837,,,,,878,178,46,654,491515,432
600150,中国船舶,铁路、船舶、航空航天和其它运输设备制造业,C37,2016-21,20/05/2016,0.001828,5419,15394,,,,,874,134,85,655,683484,513
600150,中国船舶,铁路、船舶、航空航天和其它运输设备制造业,C37,2016-22,27/05/2016,-0.000912,5130,14971,,,,,658,113,132,413,511031,300
600150,中国船舶,铁路、船舶、航空航天和其它运输设备制造业,C37,2016-23,03/06/2016,0.035616,5637,15275,,,,,853,126,48,679,863583,233
600150,中国船舶,铁路、船舶、航空航天和其它运输设备制造业,C37,2016-24,08/06/2016,0.001323,,,,,,,,,,,,
600150,中国船舶,铁路、船舶、航空航天和其它运输设备制造业,C37,2016-25,17/06/2016,-0.042309,5989,15304,,,,,263,68,66,129,525960,518
600150,中国船舶,铁路、船舶、航空航天和其它运输设备制造业,C37,2016-26,24/06/2016,-0.02301,5573,14841,,,,,422,121,84,217,609981,508
600150,中国船舶,铁路、船舶、航空航天和其它运输设备制造业,C37,2016-27,01/07/2016,0.063589,6512,17309,,,,,260,78,52,130,317250,316
600150,中国船舶,铁路、船舶、航空航天和其它运输设备制造业,C37,2016-28,08/07/2016,0.085031,8679,24618,,,,,360,102,83,175,357087,432
600150,中国船舶,铁路、船舶、航空航天和其它运输设备制造业,C37,2016-29,15/07/2016,0.007755,9168,25698,,,,,330,99,88,143,340616,481
600150,中国船舶,铁路、船舶、航空航天和其它运输设备制造业,C37,2016-30,22/07/2016,-0.015391,7349,19658,,,,,324,94,89,141,395970,449
600150,中国船舶,铁路、船舶、航空航天和其它运输设备制造业,C37,2016-31,29/07/2016,-0.039079,7151,18289,,,,,398,116,106,176,389604,348
600150,中国船舶,铁路、船舶、航空航天和其它运输设备制造业,C37,2016-32,05/08/2016,-0.010702,6086,15678,,,,,183,56,39,88,202778,233
600150,中国船舶,铁路、船舶、航空航天和其它运输设备制造业,C37,2016-33,12/08/2016,0.023799,6823,16896,,,,,214,68,50,96,229454,355
600150,中国船舶,铁路、船舶、航空航天和其它运输设备制造业,C37,2016-34,19/08/2016,0.026627,6868,17425,,,,,299,84,62,153,233530,580
600150,中国船舶,铁路、船舶、航空航天和其它运输设备制造业,C37,2016-35,26/08/2016,-0.030054,6329,15688,,,,,266,74,69,123,192357,364
600150,中国船舶,铁路、船舶、航空航天和其它运输设备制造业,C37,2016-36,02/09/2016,-0.043294,6741,17067,,,,,447,103,136,208,360510,671
600150,中国船舶,铁路、船舶、航空航天和其它运输设备制造业,C37,2016-37,09/09/2016,0.005768,5808,15424,,,,,294,65,68,161,205679,556
600150,中国船舶,铁路、船舶、航空航天和其它运输设备制造业,C37,2016-38,14/09/2016,-0.02779,,,,,,,,,,,,
600150,中国船舶,铁路、船舶、航空航天和其它运输设备制造业,C37,2016-39,23/09/2016,-0.009528,5079,14178,,,,,336,97,103,136,206392,490
600150,中国船舶,铁路、船舶、航空航天和其它运输设备制造业,C37,2016-40,30/09/2016,-0.01191,4926,13437,,,,,313,93,73,147,212349,611
600150,中国船舶,铁路、船舶、航空航天和其它运输设备制造业,C37,2016-42,14/10/2016,0.088085,7118,19450,,,,,197,60,40,97,212684,286
600150,中国船舶,铁路、船舶、航空航天和其它运输设备制造业,C37,2016-43,21/10/2016,0.017043,7310,20211,,,,,222,70,48,104,269976,423
600150,中国船舶,铁路、船舶、航空航天和其它运输设备制造业,C37,2016-44,28/10/2016,-0.026393,6700,18069,,,,,223,75,47,101,247983,847
600150,中国船舶,铁路、船舶、航空航天和其它运输设备制造业,C37,2016-45,04/11/2016,-0.036575,6018,15809,,,,,304,78,82,144,234049,474
600150,中国船舶,铁路、船舶、航空航天和其它运输设备制造业,C37,2016-46,11/11/2016,0.033497,5985,15587,,,,,227,80,64,83,190946,399
600150,中国船舶,铁路、船舶、航空航天和其它运输设备制造业,C37,2016-47,18/11/2016,0.009507,6497,17186,,,,,224,77,39,108,194685,377
600150,中国船舶,铁路、船舶、航空航天和其它运输设备制造业,C37,2016-48,25/11/2016,0.013699,6572,17251,,,,,233,72,45,116,239383,269
600150,中国船舶,铁路、船舶、航空航天和其它运输设备制造业,C37,2016-49,02/12/2016,0.071791,7794,22423,,,,,472,154,95,223,507627,710
600150,中国船舶,铁路、船舶、航空航天和其它运输设备制造业,C37,2016-50,09/12/2016,0.100867,10987,36906,,,,,926,295,158,473,1125634,1570
600150,中国船舶,铁路、船舶、航空航天和其它运输设备制造业,C37,2016-51,16/12/2016,-0.040086,11256,35123,,,,,844,231,215,398,887860,1331
600150,中国船舶,铁路、船舶、航空航天和其它运输设备制造业,C37,2016-52,23/12/2016,0.110365,10917,34736,,,,,758,234,137,387,1074265,1577
600150,中国船舶,铁路、船舶、航空航天和其它运输设备制造业,C37,2016-53,30/12/2016,-0.072868,9786,29881,,,,,622,170,156,296,678429,927
600256,广汇能源,石油和天然气开采业,B07,2014-01,03/01/2014,0.012586,4008,8603,,,,,283,106,67,110,644647,1325
600256,广汇能源,石油和天然气开采业,B07,2014-02,10/01/2014,-0.075706,9812,20844,,,,,700,192,260,248,1221581,2254
600256,广汇能源,石油和天然气开采业,B07,2014-03,17/01/2014,-0.143032,13545,34180,,,,,2041,640,584,817,3289739,5372
600256,广汇能源,石油和天然气开采业,B07,2014-04,24/01/2014,0.001427,10470,23336,,,,,750,247,227,276,1336735,2387
600256,广汇能源,石油和天然气开采业,B07,2014-05,30/01/2014,-0.019943,,,,,,,,,,,,
600256,广汇能源,石油和天然气开采业,B07,2014-06,07/02/2014,0.005814,4455,10840,,,,,130,48,29,53,357358,606
600256,广汇能源,石油和天然气开采业,B07,2014-07,14/02/2014,0.186416,14902,35408,24,87,15,184,661,235,145,281,1631137,2295
600256,广汇能源,石油和天然气开采业,B07,2014-08,21/02/2014,-0.01827,14729,35513,12,40,1,67,749,255,218,276,1515432,1861
600256,广汇能源,石油和天然气开采业,B07,2014-09,28/02/2014,-0.033499,11967,28996,,,,,715,233,229,253,1340733,2092
600256,广汇能源,石油和天然气开采业,B07,2014-10,07/03/2014,0.05905,12500,29036,,,,,665,223,158,284,1183488,1748
600256,广汇能源,石油和天然气开采业,B07,2014-11,14/03/2014,-0.118788,12190,27263,90,239,21,370,557,151,183,223,953553,1475
600256,广汇能源,石油和天然气开采业,B07,2014-12,21/03/2014,-0.005502,11339,25988,,,,,678,204,189,285,1007290,1604
600256,广汇能源,石油和天然气开采业,B07,2014-13,28/03/2014,-0.015214,10749,24329,,,,,437,130,128,179,830075,1166
600256,广汇能源,石油和天然气开采业,B07,2014-14,04/04/2014,0.019663,12017,26785,7,21,4,59,519,174,121,224,1051062,1808
600256,广汇能源,石油和天然气开采业,B07,2014-15,11/04/2014,-0.001377,10051,22762,,,,,399,136,120,143,885401,1519
600256,广汇能源,石油和天然气开采业,B07,2014-16,18/04/2014,0.06069,12652,28532,,,,,488,157,139,192,945257,2260
600256,广汇能源,石油和天然气开采业,B07,2014-17,25/04/2014,0.039012,17616,45877,98,30,31,202,1230,431,279,520,3279451,4698
600256,广汇能源,石油和天然气开采业,B07,2014-18,30/04/2014,-0.145181,,,,,,,,,,,,
600256,广汇能源,石油和天然气开采业,B07,2014-19,09/05/2014,0.001464,14292,30796,,,,,660,216,163,281,1060025,2103
600256,广汇能源,石油和天然气开采业,B07,2014-20,16/05/2014,0.002924,13548,29168,,,,,608,188,159,261,1101144,2020
600256,广汇能源,石油和天然气开采业,B07,2014-21,23/05/2014,0.016035,11722,25768,,,,,450,157,123,170,1031777,1717
600256,广汇能源,石油和天然气开采业,B07,2014-22,30/05/2014,0.028694,12381,27081,,,,,535,169,155,211,1028539,1723
600256,广汇能源,石油和天然气开采业,B07,2014-23,06/06/2014,0.011158,12307,27719,,,,,627,202,173,252,1799958,1603
600256,广汇能源,石油和天然气开采业,B07,2014-24,13/06/2014,-0.016552,12623,28674,,,,,936,250,309,377,1672491,2892
600256,广汇能源,石油和天然气开采业,B07,2014-25,20/06/2014,-0.050491,11644,25686,,,,,702,162,236,304,1173257,2336
600256,广汇能源,石油和天然气开采业,B07,2014-26,27/06/2014,0.036928,11270,25253,17,46,4,87,518,167,121,230,925637,1646
600256,广汇能源,石油和天然气开采业,B07,2014-27,04/07/2014,0.041311,13073,29747,13,19,0,46,745,289,178,278,1289481,2260
600256,广汇能源,石油和天然气开采业,B07,2014-28,11/07/2014,-0.050616,11773,25680,,,,,609,164,192,253,1033012,2009
600256,广汇能源,石油和天然气开采业,B07,2014-29,18/07/2014,0.01585,11648,25588,,,,,339,112,101,126,802238,1192
600256,广汇能源,石油和天然气开采业,B07,2014-30,25/07/2014,0.024113,11531,25223,,,,,501,143,151,207,1090200,1599
600256,广汇能源,石油和天然气开采业,B07,2014-31,01/08/2014,0.060942,16837,39741,,,,,760,251,183,326,1774792,3025
600256,广汇能源,石油和天然气开采业,B07,2014-32,08/08/2014,0.028721,14410,32654,,,,,612,180,179,253,1235968,1840
600256,广汇能源,石油和天然气开采业,B07,2014-33,15/08/2014,0.016497,16169,38620,39,48,10,132,1064,328,268,468,1901549,3747
600256,广汇能源,石油和天然气开采业,B07,2014-34,22/08/2014,0.033708,14944,35706,,,,,784,242,222,320,1649602,2775
600256,广汇能源,石油和天然气开采业,B07,2014-35,29/08/2014,0.070048,22012,58063,42,97,6,189,2240,666,575,999,4539028,7521
600256,广汇能源,石油和天然气开采业,B07,2014-36,05/09/2014,0.012415,25427,63774,,,,,2452,730,676,1046,4225110,5796
600256,广汇能源,石油和天然气开采业,B07,2014-37,12/09/2014,-0.018952,15947,37534,,,,,1325,388,377,560,2756299,5241
600256,广汇能源,石油和天然气开采业,B07,2014-38,19/09/2014,-0.027273,17446,40046,,,,,1397,377,427,593,2377898,4211
600256,广汇能源,石油和天然气开采业,B07,2014-39,26/09/2014,0.015187,15803,35724,10,22,0,46,1006,308,270,428,2188777,2112
600256,广汇能源,石油和天然气开采业,B07,2014-40,30/09/2014,0.013809,,,,,,,,,,,,
600256,广汇能源,石油和天然气开采业,B07,2014-41,10/10/2014,-0.00227,10176,23550,,,,,413,127,95,191,748184,1127
600256,广汇能源,石油和天然气开采业,B07,2014-42,17/10/2014,-0.077361,13184,30241,,,,,915,182,353,380,2205937,2131
600256,广汇能源,石油和天然气开采业,B07,2014-43,24/10/2014,-0.036991,13085,29839,57,88,12,207,963,264,264,435,3630111,3584
600256,广汇能源,石油和天然气开采业,B07,2014-44,31/10/2014,0.042254,12383,29439,,,,,698,184,233,281,1552347,2015
600256,广汇能源,石油和天然气开采业,B07,2014-45,07/11/2014,-0.020885,12594,29367,,,,,770,190,254,326,1469518,2241
600256,广汇能源,石油和天然气开采业,B07,2014-46,14/11/2014,-0.030113,12613,29184,,,,,758,209,213,336,1098370,1878
600256,广汇能源,石油和天然气开采业,B07,2014-47,21/11/2014,0.016818,11972,27258,,,,,771,218,206,347,1290892,2115
600256,广汇能源,石油和天然气开采业,B07,2014-48,28/11/2014,0.008906,15013,33536,,,,,1167,284,355,528,1580438,2945
600256,广汇能源,石油和天然气开采业,B07,2014-49,05/12/2014,0.035309,17773,40743,,,,,1297,330,363,604,1982277,3222
600256,广汇能源,石油和天然气开采业,B07,2014-50,12/12/2014,0.057247,20482,47595,,,,,1191,389,294,508,2489106,3093
600256,广汇能源,石油和天然气开采业,B07,2014-51,19/12/2014,-0.034562,18678,42978,,,,,1300,358,368,574,3321675,3252
600256,广汇能源,石油和天然气开采业,B07,2014-52,26/12/2014,-0.001193,17466,38672,,,,,1388,380,385,623,3605320,3786
600256,广汇能源,石油和天然气开采业,B07,2014-53,31/12/2014,-0.001195,,,,,,,,,,,,
600256,广汇能源,石油和天然气开采业,B07,2015-02,09/01/2015,0.020335,20504,45351,,,,,1364,496,315,553,2302961,2932
600256,广汇能源,石油和天然气开采业,B07,2015-03,16/01/2015,0.026964,17740,37439,,,,,1266,420,344,502,2630613,4684
600256,广汇能源,石油和天然气开采业,B07,2015-04,23/01/2015,-0.018265,17884,38072,,,,,1194,328,357,509,1715727,2585
600256,广汇能源,石油和天然气开采业,B07,2015-05,30/01/2015,-0.019767,17093,36471,,,,,989,315,260,414,2004035,2583
600256,广汇能源,石油和天然气开采业,B07,2015-06,06/02/2015,-0.032028,16310,34823,,,,,993,295,300,398,1565481,2249
600256,广汇能源,石油和天然气开采业,B07,2015-07,13/02/2015,0.011029,13560,29535,,,,,929,258,283,388,1527323,2344
600256,广汇能源,石油和天然气开采业,B07,2015-08,17/02/2015,0.015758,,,,,,,,,,,,
600256,广汇能源,石油和天然气开采业,B07,2015-09,27/02/2015,0.020286,10326,22809,,,,,406,124,100,182,1100184,1360
600256,广汇能源,石油和天然气开采业,B07,2015-10,06/03/2015,0.02807,20185,45615,,,,,952,329,221,402,2018406,3304
600256,广汇能源,石油和天然气开采业,B07,2015-11,13/03/2015,0.015927,17318,40344,,,,,809,272,202,335,1377405,2410
600256,广汇能源,石油和天然气开采业,B07,2015-12,20/03/2015,0.047032,20074,48739,,,,,1289,381,357,551,2104879,2711
600256,广汇能源,石油和天然气开采业,B07,2015-13,27/03/2015,0.035294,20374,50179,,,,,998,322,234,442,2165196,3131
600256,广汇能源,石油和天然气开采业,B07,2015-14,03/04/2015,0.032025,26316,69557,,,,,1366,391,333,642,2716037,3786
600256,广汇能源,石油和天然气开采业,B07,2015-15,10/04/2015,-0.011011,20225,54413,,,,,1132,313,310,509,3037757,4940
600256,广汇能源,石油和天然气开采业,B07,2015-16,17/04/2015,0.092105,28449,80722,63,54,14,193,1404,439,318,647,3683344,5341
600256,广汇能源,石油和天然气开采业,B07,2015-17,24/04/2015,0.018536,32839,99624,13,0,6,34,1522,425,412,685,3805930,5327
600256,广汇能源,石油和天然气开采业,B07,2015-18,30/04/2015,-0.037307,,,,,,,,,,,,
600256,广汇能源,石油和天然气开采业,B07,2015-19,08/05/2015,-0.034972,24371,74714,,,,,1542,399,353,790,2357828,4801
600256,广汇能源,石油和天然气开采业,B07,2015-20,15/05/2015,-0.020568,23774,72219,,,,,1964,527,526,911,2591309,5354
600256,广汇能源,石油和天然气开采业,B07,2015-21,22/05/2015,0.087,25946,75418,,,,,1450,376,351,723,2997860,4639
600256,广汇能源,石油和天然气开采业,B07,2015-22,25/05/2015,0.039558,,,,,,,,,,,,
600256,广汇能源,石油和天然气开采业,B07,2015-24,12/06/2015,0.102655,39807,150150,16,103,6,174,1956,535,503,918,5502940,7427
600256,广汇能源,石油和天然气开采业,B07,2015-25,19/06/2015,-0.101926,38625,137957,,,,,1791,513,481,797,3670148,6141
600256,广汇能源,石油和天然气开采业,B07,2015-26,26/06/2015,-0.096515,25840,89007,,,,,990,244,265,481,1739127,2723
600256,广汇能源,石油和天然气开采业,B07,2015-27,03/07/2015,-0.16815,28709,97287,,,,,1011,264,252,495,1751420,3291
600256,广汇能源,石油和天然气开采业,B07,2015-28,07/07/2015,-0.096314,,,,,,,,,,,,
600256,广汇能源,石油和天然气开采业,B07,2015-29,17/07/2015,0.186842,26079,88493,8,58,3,118,1076,234,307,535,2018894,3238
600256,广汇能源,石油和天然气开采业,B07,2015-30,24/07/2015,0.015608,25031,78455,,,,,1590,363,480,747,2484038,3627
600256,广汇能源,石油和天然气开采业,B07,2015-31,31/07/2015,-0.102086,22433,71106,,,,,810,190,244,376,1278735,1488
600256,广汇能源,石油和天然气开采业,B07,2015-32,07/08/2015,0.042787,18151,51273,,,,,687,194,170,323,1454162,1939
600256,广汇能源,石油和天然气开采业,B07,2015-33,14/08/2015,0.071512,20956,60854,,,,,1086,260,291,535,1919257,2171
600256,广汇能源,石油和天然气开采业,B07,2015-34,21/08/2015,-0.088621,23388,68986,13,0,4,32,1041,299,251,491,2275148,3372
600256,广汇能源,石油和天然气开采业,B07,2015-35,28/08/2015,-0.164466,19199,57234,,,,,1060,206,366,488,1710519,2122
600256,广汇能源,石油和天然气开采业,B07,2015-36,02/09/2015,-0.001437,,,,,,,,,,,,
600256,广汇能源,石油和天然气开采业,B07,2015-37,11/09/2015,-0.001439,13137,35857,,,,,396,96,121,179,704129,612
600256,广汇能源,石油和天然气开采业,B07,2015-38,18/09/2015,-0.023055,12255,32469,,,,,523,115,162,246,759491,704
600256,广汇能源,石油和天然气开采业,B07,2015-39,25/09/2015,-0.0059,10531,28646,,,,,403,104,112,187,717112,745
600256,广汇能源,石油和天然气开采业,B07,2015-40,30/09/2015,-0.050445,,,,,,,,,,,,
600256,广汇能源,石油和天然气开采业,B07,2015-41,09/10/2015,0.045313,5731,15826,,,,,126,39,35,52,364746,282
600256,广汇能源,石油和天然气开采业,B07,2015-42,16/10/2015,0.059791,10719,28985,,,,,396,80,117,199,659584,758
600256,广汇能源,石油和天然气开采业,B07,2015-43,23/10/2015,0.004231,11915,31661,11,4,14,44,647,149,178,320,969874,1279
600256,广汇能源,石油和天然气开采业,B07,2015-44,30/10/2015,-0.039326,11250,28732,,,,,518,113,176,229,557070,818
600256,广汇能源,石油和天然气开采业,B07,2015-45,06/11/2015,0.039474,10732,28174,,,,,577,130,163,284,675269,1092
600256,广汇能源,石油和天然气开采业,B07,2015-46,13/11/2015,-0.016878,11473,30688,,,,,911,205,222,484,1080603,2163
600256,广汇能源,石油和天然气开采业,B07,2015-47,20/11/2015,0.031474,11043,29329,,,,,676,149,188,339,828552,1529
600256,广汇能源,石油和天然气开采业,B07,2015-48,27/11/2015,-0.042996,12465,32825,,,,,722,208,165,349,925848,1763
600256,广汇能源,石油和天然气开采业,B07,2015-49,04/12/2015,-0.010145,10623,27930,,,,,613,137,163,313,746908,1563
600256,广汇能源,石油和天然气开采业,B07,2015-50,11/12/2015,-0.046852,10258,25873,,,,,635,130,201,304,1386651,1455
600256,广汇能源,石油和天然气开采业,B07,2015-51,18/12/2015,0.016897,10571,28686,,,,,641,136,189,316,1696788,1959
600256,广汇能源,石油和天然气开采业,B07,2015-52,25/12/2015,0.003021,10477,27819,,,,,518,139,139,240,1346576,1136
600256,广汇能源,石油和天然气开采业,B07,2015-53,31/12/2015,0.004518,,,,,,,,,,,,
600256,广汇能源,石油和天然气开采业,B07,2016-02,08/01/2016,-0.124438,10843,28109,,,,,446,77,133,236,1158378,991
600256,广汇能源,石油和天然气开采业,B07,2016-03,15/01/2016,-0.138699,10050,26276,,,,,457,93,141,223,1308482,1158
600256,广汇能源,石油和天然气开采业,B07,2016-04,22/01/2016,-0.017893,9335,24229,,,,,451,103,142,206,1074472,1114
600256,广汇能源,石油和天然气开采业,B07,2016-05,29/01/2016,-0.137652,9137,23848,,,,,523,96,144,283,1635855,1503
600256,广汇能源,石油和天然气开采业,B07,2016-06,05/02/2016,0.025822,7786,19421,,,,,388,79,113,196,1592629,1080
600256,广汇能源,石油和天然气开采业,B07,2016-08,19/02/2016,0.036613,8063,20416,,,,,346,109,69,168,1262427,1142
600256,广汇能源,石油和天然气开采业,B07,2016-09,26/02/2016,-0.057395,8007,21159,,,,,375,90,100,185,1075042,1157
600256,广汇能源,石油和天然气开采业,B07,2016-10,04/03/2016,0.037471,8236,21229,,,,,286,84,53,149,1166586,1896
600256,广汇能源,石油和天然气开采业,B07,2016-11,11/03/2016,-0.029345,8134,20859,,,,,344,87,88,169,884859,945
600256,广汇能源,石油和天然气开采业,B07,2016-12,18/03/2016,0.062791,7542,18199,,,,,314,78,76,160,782816,868
600256,广汇能源,石油和天然气开采业,B07,2016-13,25/03/2016,-0.015317,7516,18773,,,,,309,50,106,153,688690,911
600256,广汇能源,石油和天然气开采业,B07,2016-14,01/04/2016,0,7216,17648,,,,,301,62,85,154,1029460,1038
600256,广汇能源,石油和天然气开采业,B07,2016-15,08/04/2016,-0.006667,6347,15991,,,,,254,55,70,129,876240,1172
600256,广汇能源,石油和天然气开采业,B07,2016-16,15/04/2016,0.089485,8359,23250,,,,,523,116,132,275,1126634,3126
600256,广汇能源,石油和天然气开采业,B07,2016-17,22/04/2016,-0.075975,7786,20751,,,,,371,91,79,201,1227882,1318
600256,广汇能源,石油和天然气开采业,B07,2016-18,29/04/2016,0.031111,7690,18848,,,,,1968,965,92,911,966152,1137
600256,广汇能源,石油和天然气开采业,B07,2016-19,06/05/2016,-0.030172,6331,15926,,,,,1477,530,201,746,614504,1438
600256,广汇能源,石油和天然气开采业,B07,2016-20,13/05/2016,-0.057778,6154,15761,,,,,908,173,87,648,466292,521
600256,广汇能源,石油和天然气开采业,B07,2016-21,20/05/2016,-0.009434,6122,15102,,,,,1046,155,159,732,848041,581
600256,广汇能源,石油和天然气开采业,B07,2016-22,27/05/2016,-0.007143,6036,15128,,,,,921,124,246,551,815033,566
600256,广汇能源,石油和天然气开采业,B07,2016-23,03/06/2016,0.023981,6531,15945,,,,,1507,213,271,1023,1467207,1673
600256,广汇能源,石油和天然气开采业,B07,2016-24,08/06/2016,-0.01171,,,,,,,,,,,,
600256,广汇能源,石油和天然气开采业,B07,2016-25,17/06/2016,-0.028436,5879,14647,,,,,385,88,122,175,641898,1015
600256,广汇能源,石油和天然气开采业,B07,2016-26,24/06/2016,-0.019512,5779,14160,,,,,283,65,72,146,464375,506
600256,广汇能源,石油和天然气开采业,B07,2016-27,01/07/2016,0.012438,5889,14688,,,,,270,62,74,134,411977,517
600256,广汇能源,石油和天然气开采业,B07,2016-28,08/07/2016,0.022113,6244,15282,,,,,317,73,80,164,278319,860
600256,广汇能源,石油和天然气开采业,B07,2016-29,15/07/2016,0.115385,7639,20765,,,,,410,112,87,211,359298,651
600256,广汇能源,石油和天然气开采业,B07,2016-30,22/07/2016,-0.047414,6654,17465,,,,,243,70,56,117,249870,293
600256,广汇能源,石油和天然气开采业,B07,2016-31,29/07/2016,0.033937,6334,17003,,,,,193,59,35,99,229763,388
600256,广汇能源,石油和天然气开采业,B07,2016-32,05/08/2016,-0.035011,5769,14399,,,,,200,47,45,108,190744,256
600256,广汇能源,石油和天然气开采业,B07,2016-33,12/08/2016,0.00907,5724,14083,,,,,174,53,39,82,190915,265
600256,广汇能源,石油和天然气开采业,B07,2016-34,19/08/2016,0.026966,6521,15824,,,,,250,63,62,125,269645,399
600256,广汇能源,石油和天然气开采业,B07,2016-35,26/08/2016,-0.035011,5612,14145,,,,,266,32,110,124,193799,292
600256,广汇能源,石油和天然气开采业,B07,2016-36,02/09/2016,-0.011338,5061,13119,,,,,261,66,64,131,214111,319
600256,广汇能源,石油和天然气开采业,B07,2016-37,09/09/2016,0.009174,5070,12992,,,,,346,115,53,178,218577,288
600256,广汇能源,石油和天然气开采业,B07,2016-38,14/09/2016,-0.05,,,,,,,,,,,,
600256,广汇能源,石油和天然气开采业,B07,2016-39,23/09/2016,-0.011962,5986,15240,,,,,465,112,137,216,400519,505
600256,广汇能源,石油和天然气开采业,B07,2016-40,30/09/2016,-0.009685,5582,13913,,,,,291,52,62,177,207773,215
600256,广汇能源,石油和天然气开采业,B07,2016-42,14/10/2016,0.01956,5888,14573,,,,,186,46,38,102,231089,235
600256,广汇能源,石油和天然气开采业,B07,2016-43,21/10/2016,0.009592,6238,15261,,,,,202,63,37,102,325585,372
600256,广汇能源,石油和天然气开采业,B07,2016-44,28/10/2016,0.011876,6124,15720,,,,,178,43,49,86,211480,171
600256,广汇能源,石油和天然气开采业,B07,2016-45,04/11/2016,-0.007042,5382,13557,,,,,206,57,45,104,160224,218
600256,广汇能源,石油和天然气开采业,B07,2016-46,11/11/2016,0.033097,6149,14970,,,,,245,56,58,131,240320,227
600256,广汇能源,石油和天然气开采业,B07,2016-47,18/11/2016,0.025172,6806,16574,,,,,189,56,23,110,218991,268
600256,广汇能源,石油和天然气开采业,B07,2016-48,25/11/2016,0.004464,6569,15925,,,,,210,73,42,95,226125,312
600256,广汇能源,石油和天然气开采业,B07,2016-49,02/12/2016,-0.002222,6278,15436,,,,,303,68,82,153,310615,393
600256,广汇能源,石油和天然气开采业,B07,2016-50,09/12/2016,0.006682,6354,15721,,,,,270,79,60,131,303352,404
600256,广汇能源,石油和天然气开采业,B07,2016-51,16/12/2016,0.077434,7902,22152,,,,,449,145,80,224,550343,821
600256,广汇能源,石油和天然气开采业,B07,2016-52,23/12/2016,0.002053,7505,20513,,,,,420,135,85,200,442714,629
600256,广汇能源,石油和天然气开采业,B07,2016-53,30/12/2016,-0.043033,6181,15938,,,,,288,83,67,138,249971,401
600406,国电南瑞,软件和信息技术服务业,I65,2014-01,03/01/2014,-0.009415,2593,7114,9,13,1,44,61,22,7,32,104956,108
600406,国电南瑞,软件和信息技术服务业,I65,2014-02,10/01/2014,0.010862,7233,18171,,,,,138,44,37,57,303599,286
600406,国电南瑞,软件和信息技术服务业,I65,2014-03,17/01/2014,-0.037609,6351,16108,,,,,87,23,28,36,148920,124
600406,国电南瑞,软件和信息技术服务业,I65,2014-04,24/01/2014,0.018144,5533,14679,,,,,67,28,19,20,133341,119
600406,国电南瑞,软件和信息技术服务业,I65,2014-05,30/01/2014,-0.033585,,,,,,,,,,,,
600406,国电南瑞,软件和信息技术服务业,I65,2014-06,07/02/2014,0.010638,2510,7400,,,,,26,14,5,7,68618,64
600406,国电南瑞,软件和信息技术服务业,I65,2014-07,14/02/2014,0.057544,7786,19754,,,,,119,53,28,38,247580,299
600406,国电南瑞,软件和信息技术服务业,I65,2014-08,21/02/2014,0.073656,8677,21145,,,,,153,65,29,59,377633,576
600406,国电南瑞,软件和信息技术服务业,I65,2014-09,28/02/2014,0.15822,9503,24561,26,64,3,139,348,147,80,121,667881,1023
600406,国电南瑞,软件和信息技术服务业,I65,2014-10,07/03/2014,-0.032017,10113,26276,,,,,360,145,88,127,677343,948
600406,国电南瑞,软件和信息技术服务业,I65,2014-11,14/03/2014,-0.119625,8926,22087,,,,,243,63,88,92,410559,500
600406,国电南瑞,软件和信息技术服务业,I65,2014-12,21/03/2014,-0.036318,8795,21585,,,,,320,94,100,126,552703,688
600406,国电南瑞,软件和信息技术服务业,I65,2014-13,28/03/2014,-0.050682,8654,21147,128,91,35,450,278,100,64,114,565835,689
600406,国电南瑞,软件和信息技术服务业,I65,2014-14,04/04/2014,-0.017112,8471,20762,92,81,22,208,279,88,84,107,468518,572
600406,国电南瑞,软件和信息技术服务业,I65,2014-15,11/04/2014,0.029248,7332,17980,,,,,111,40,37,34,193513,209
600406,国电南瑞,软件和信息技术服务业,I65,2014-16,18/04/2014,0.02977,8915,21260,10,6,2,47,140,58,32,50,280079,322
600406,国电南瑞,软件和信息技术服务业,I65,2014-17,25/04/2014,-0.082786,8899,21673,18,28,3,99,198,55,68,75,376500,452
600406,国电南瑞,软件和信息技术服务业,I65,2014-18,30/04/2014,0.004298,,,,,,,,,,,,
600406,国电南瑞,软件和信息技术服务业,I65,2014-19,09/05/2014,-0.075606,8477,21577,,,,,209,59,81,69,438399,673
600406,国电南瑞,软件和信息技术服务业,I65,2014-20,16/05/2014,0.02392,7980,20093,,,,,90,28,20,42,210158,266
600406,国电南瑞,软件和信息技术服务业,I65,2014-21,23/05/2014,-0.020347,7131,18871,,,,,120,33,38,49,453895,1118
600406,国电南瑞,软件和信息技术服务业,I65,2014-22,30/05/2014,0.012308,7947,19869,13,18,2,36,95,35,28,32,248635,301
600406,国电南瑞,软件和信息技术服务业,I65,2014-23,06/06/2014,-0.015198,5523,15360,,,,,57,15,17,25,193202,156
600406,国电南瑞,软件和信息技术服务业,I65,2014-24,13/06/2014,0.035494,6871,18464,11,25,2,66,72,27,22,23,305055,523
600406,国电南瑞,软件和信息技术服务业,I65,2014-25,20/06/2014,-0.029061,7780,20272,5,13,1,47,121,29,40,52,403566,594
600406,国电南瑞,软件和信息技术服务业,I65,2014-26,27/06/2014,0.023975,6384,17933,14,23,2,95,69,27,14,28,216363,287
600406,国电南瑞,软件和信息技术服务业,I65,2014-27,04/07/2014,0.072508,8117,20489,,,,,121,51,19,51,254278,391
600406,国电南瑞,软件和信息技术服务业,I65,2014-28,11/07/2014,0.029577,9187,21870,,,,,132,51,26,55,299162,288
600406,国电南瑞,软件和信息技术服务业,I65,2014-29,18/07/2014,-0.024624,8711,21388,,,,,104,33,29,42,299906,468
600406,国电南瑞,软件和信息技术服务业,I65,2014-30,25/07/2014,0.024544,8453,20448,,,,,124,42,40,42,348350,450
600406,国电南瑞,软件和信息技术服务业,I65,2014-31,01/08/2014,0.027379,8660,20552,45,100,8,263,89,37,11,41,239076,288
600406,国电南瑞,软件和信息技术服务业,I65,2014-32,08/08/2014,-0.035976,8398,20344,,,,,158,45,55,58,292685,306
600406,国电南瑞,软件和信息技术服务业,I65,2014-33,15/08/2014,-0.011748,7571,18906,,,,,301,86,98,117,530561,946
600406,国电南瑞,软件和信息技术服务业,I65,2014-34,22/08/2014,0.048951,8219,20509,,,,,304,101,81,122,548018,1076
600406,国电南瑞,软件和信息技术服务业,I65,2014-35,29/08/2014,-0.037333,8054,20456,128,115,46,590,344,76,109,159,623570,1355
600406,国电南瑞,软件和信息技术服务业,I65,2014-36,05/09/2014,0.155125,9230,22848,13,6,2,78,387,122,103,162,755725,1250
600406,国电南瑞,软件和信息技术服务业,I65,2014-37,12/09/2014,-0.003597,9270,24520,,,,,326,93,81,152,563953,766
600406,国电南瑞,软件和信息技术服务业,I65,2014-38,19/09/2014,-0.031889,8891,22358,,,,,231,69,57,105,545870,825
600406,国电南瑞,软件和信息技术服务业,I65,2014-39,26/09/2014,0.047234,8530,21192,,,,,227,61,61,105,498245,874
600406,国电南瑞,软件和信息技术服务业,I65,2014-40,30/09/2014,0.016617,,,,,,,,,,,,
600406,国电南瑞,软件和信息技术服务业,I65,2014-41,10/10/2014,0.001751,5942,15622,,,,,132,41,38,53,458107,543
600406,国电南瑞,软件和信息技术服务业,I65,2014-42,17/10/2014,-0.008741,8477,22563,,,,,143,56,44,43,267805,343
600406,国电南瑞,软件和信息技术服务业,I65,2014-43,24/10/2014,-0.074074,6705,19014,,,,,144,35,68,41,371666,572
600406,国电南瑞,软件和信息技术服务业,I65,2014-44,31/10/2014,0.047619,7372,20535,93,121,65,586,163,49,54,60,474027,383
600406,国电南瑞,软件和信息技术服务业,I65,2014-45,07/11/2014,-0.038788,6624,18874,,,,,131,36,43,52,343965,416
600406,国电南瑞,软件和信息技术服务业,I65,2014-46,14/11/2014,-0.018285,6421,18131,,,,,138,47,35,56,349582,309
600406,国电南瑞,软件和信息技术服务业,I65,2014-47,21/11/2014,0.003854,6539,18192,,,,,151,40,40,71,374382,550
600406,国电南瑞,软件和信息技术服务业,I65,2014-48,28/11/2014,0.010237,7967,20291,,,,,201,56,70,75,508173,477
600406,国电南瑞,软件和信息技术服务业,I65,2014-49,05/12/2014,0.023433,8473,21630,,,,,157,49,41,67,342488,466
600406,国电南瑞,软件和信息技术服务业,I65,2014-50,12/12/2014,0.054455,9326,24736,,,,,232,73,55,104,432925,464
600406,国电南瑞,软件和信息技术服务业,I65,2014-51,19/12/2014,-0.044601,7947,21683,,,,,570,133,153,284,712894,639
600406,国电南瑞,软件和信息技术服务业,I65,2014-52,26/12/2014,-0.036241,8785,23348,,,,,620,145,173,302,882858,1116
600406,国电南瑞,软件和信息技术服务业,I65,2014-53,31/12/2014,-0.072658,,,,,,,,,,,,
600406,国电南瑞,软件和信息技术服务业,I65,2015-02,09/01/2015,0.043986,9702,27823,,,,,396,125,120,151,780863,925
600406,国电南瑞,软件和信息技术服务业,I65,2015-03,16/01/2015,0.049375,9244,24869,,,,,286,89,61,136,612119,565
600406,国电南瑞,软件和信息技术服务业,I65,2015-04,23/01/2015,0.030113,9411,25406,7,19,2,53,313,68,83,162,577995,545
600406,国电南瑞,软件和信息技术服务业,I65,2015-05,30/01/2015,-0.023752,8948,23956,,,,,374,107,91,176,541097,470
600406,国电南瑞,软件和信息技术服务业,I65,2015-06,06/02/2015,-0.066126,8162,20509,,,,,520,124,117,279,565793,433
600406,国电南瑞,软件和信息技术服务业,I65,2015-07,13/02/2015,0.032732,7498,18421,,,,,241,74,36,131,412905,554
600406,国电南瑞,软件和信息技术服务业,I65,2015-08,17/02/2015,0.016171,,,,,,,,,,,,
600406,国电南瑞,软件和信息技术服务业,I65,2015-09,27/02/2015,0.038192,5732,15143,,,,,139,57,29,53,341507,700
600406,国电南瑞,软件和信息技术服务业,I65,2015-10,06/03/2015,0.00981,9490,25108,,,,,228,76,52,100,465990,805
600406,国电南瑞,软件和信息技术服务业,I65,2015-11,13/03/2015,0.001821,9381,24892,,,,,285,89,80,116,457927,605
600406,国电南瑞,软件和信息技术服务业,I65,2015-12,20/03/2015,0.10303,11335,30120,,,,,459,171,90,198,870884,1373
600406,国电南瑞,软件和信息技术服务业,I65,2015-13,27/03/2015,0.086264,13122,37598,,,,,720,248,134,338,1646839,2685
600406,国电南瑞,软件和信息技术服务业,I65,2015-14,03/04/2015,0.211937,17352,59851,55,111,29,430,378,150,81,147,988894,834
600406,国电南瑞,软件和信息技术服务业,I65,2015-15,10/04/2015,-0.035476,13604,46195,31,4,9,62,475,140,166,169,1405777,1536
600406,国电南瑞,软件和信息技术服务业,I65,2015-16,17/04/2015,-0.042839,15176,52583,,,,,587,146,153,288,1457604,1565
600406,国电南瑞,软件和信息技术服务业,I65,2015-17,24/04/2015,0.076854,16214,58999,,,,,574,147,158,269,1752776,1943
600406,国电南瑞,软件和信息技术服务业,I65,2015-18,30/04/2015,-0.016793,,,,,,,,,,,,
600406,国电南瑞,软件和信息技术服务业,I65,2015-19,08/05/2015,-0.082835,11587,41194,,,,,460,93,154,213,1010882,1581
600406,国电南瑞,软件和信息技术服务业,I65,2015-20,15/05/2015,0.009311,11010,39052,,,,,442,114,123,205,808457,1005
600406,国电南瑞,软件和信息技术服务业,I65,2015-21,22/05/2015,0.120849,11908,41774,,,,,356,92,107,157,975984,815
600406,国电南瑞,软件和信息技术服务业,I65,2015-22,29/05/2015,0.111523,14604,58680,,,,,334,112,86,136,1187441,1019
600406,国电南瑞,软件和信息技术服务业,I65,2015-23,05/06/2015,0.077749,16495,65385,,,,,392,117,113,162,1288620,1136
600406,国电南瑞,软件和信息技术服务业,I65,2015-24,12/06/2015,-0.007945,14180,56006,,,,,333,105,98,130,1109085,756
600406,国电南瑞,软件和信息技术服务业,I65,2015-25,19/06/2015,-0.185237,12713,48980,,,,,345,76,112,157,1012698,785
600406,国电南瑞,软件和信息技术服务业,I65,2015-26,26/06/2015,-0.086752,9375,36420,,,,,152,42,44,66,533390,337
600406,国电南瑞,软件和信息技术服务业,I65,2015-27,03/07/2015,-0.285915,11570,46108,,,,,247,68,67,112,570505,637
600406,国电南瑞,软件和信息技术服务业,I65,2015-28,10/07/2015,0.02228,12436,52646,,,,,306,86,76,144,762288,713
600406,国电南瑞,软件和信息技术服务业,I65,2015-29,17/07/2015,0.114744,11413,45576,,,,,86,25,19,42,317925,128
600406,国电南瑞,软件和信息技术服务业,I65,2015-30,24/07/2015,0.058654,10446,43178,,,,,183,53,35,95,515113,306
600406,国电南瑞,软件和信息技术服务业,I65,2015-31,31/07/2015,-0.090712,9859,35827,,,,,97,37,23,37,424855,171
600406,国电南瑞,软件和信息技术服务业,I65,2015-32,07/08/2015,0.203704,9428,32580,,,,,142,52,23,67,519413,422
600406,国电南瑞,软件和信息技术服务业,I65,2015-33,14/08/2015,0.020844,9842,36961,21,149,8,198,142,43,24,75,575389,162
600406,国电南瑞,软件和信息技术服务业,I65,2015-34,21/08/2015,-0.221682,8386,28442,,,,,144,34,39,71,433098,166
600406,国电南瑞,软件和信息技术服务业,I65,2015-35,28/08/2015,-0.09619,8497,30773,44,56,18,158,119,44,25,50,471407,225
600406,国电南瑞,软件和信息技术服务业,I65,2015-36,02/09/2015,0.015895,,,,,,,,,,,,
600406,国电南瑞,软件和信息技术服务业,I65,2015-37,11/09/2015,0.019728,7344,26327,,,,,121,30,32,59,388894,175
600406,国电南瑞,软件和信息技术服务业,I65,2015-38,18/09/2015,-0.034023,6762,23013,,,,,112,32,34,46,443383,236
600406,国电南瑞,软件和信息技术服务业,I65,2015-39,25/09/2015,-0.013122,6400,22240,,,,,155,38,49,68,450132,109
600406,国电南瑞,软件和信息技术服务业,I65,2015-40,30/09/2015,-0.006998,,,,,,,,,,,,
600406,国电南瑞,软件和信息技术服务业,I65,2015-41,09/10/2015,0.12544,4282,14866,,,,,94,36,27,31,338658,327
600406,国电南瑞,软件和信息技术服务业,I65,2015-42,16/10/2015,0.058234,8732,32027,,,,,444,81,166,197,657726,350
600406,国电南瑞,软件和信息技术服务业,I65,2015-43,23/10/2015,-0.001775,7579,25696,28,36,6,93,305,73,85,147,539175,401
600406,国电南瑞,软件和信息技术服务业,I65,2015-44,30/10/2015,0.007113,7890,25152,,,,,228,74,55,99,468950,271
600406,国电南瑞,软件和信息技术服务业,I65,2015-45,06/11/2015,0.041201,6791,23044,,,,,297,74,100,123,474423,346
600406,国电南瑞,软件和信息技术服务业,I65,2015-46,13/11/2015,-0.008479,7514,25826,,,,,383,122,100,161,596795,529
600406,国电南瑞,软件和信息技术服务业,I65,2015-47,20/11/2015,-0.015964,7483,25190,,,,,536,116,167,253,738340,657
600406,国电南瑞,软件和信息技术服务业,I65,2015-48,27/11/2015,-0.106025,7125,22935,,,,,446,98,181,167,641597,503
600406,国电南瑞,软件和信息技术服务业,I65,2015-49,04/12/2015,-0.002592,5991,20198,,,,,300,59,123,118,463838,481
600406,国电南瑞,软件和信息技术服务业,I65,2015-50,11/12/2015,-0.059129,5976,19763,,,,,305,69,95,141,848647,495
600406,国电南瑞,软件和信息技术服务业,I65,2015-51,18/12/2015,0.046271,6751,21912,,,,,232,65,66,101,991426,431
600406,国电南瑞,软件和信息技术服务业,I65,2015-52,25/12/2015,0.029703,6129,21131,15,16,6,87,186,60,42,84,663467,318
600406,国电南瑞,软件和信息技术服务业,I65,2015-53,31/12/2015,0.069231,,,,,,,,,,,,
600406,国电南瑞,软件和信息技术服务业,I65,2016-02,08/01/2016,0.043765,9562,34136,,,,,457,109,128,220,1706012,1294
600406,国电南瑞,软件和信息技术服务业,I65,2016-03,15/01/2016,-0.202757,8594,28155,,,,,378,92,135,151,1107806,508
600406,国电南瑞,软件和信息技术服务业,I65,2016-04,22/01/2016,0.003602,6324,21665,,,,,132,44,35,53,786339,244
600406,国电南瑞,软件和信息技术服务业,I65,2016-05,29/01/2016,-0.068198,5452,19199,,,,,123,40,25,58,621173,139
600406,国电南瑞,软件和信息技术服务业,I65,2016-06,05/02/2016,0.012327,4369,15372,,,,,88,23,23,42,877169,174
600406,国电南瑞,软件和信息技术服务业,I65,2016-08,19/02/2016,0.031202,4251,16192,,,,,66,24,19,23,444934,89
600406,国电南瑞,软件和信息技术服务业,I65,2016-09,26/02/2016,-0.022878,4601,17871,,,,,43,16,5,22,586218,100
600406,国电南瑞,软件和信息技术服务业,I65,2016-10,04/03/2016,0.013595,4783,17411,,,,,68,18,11,39,597933,131
600406,国电南瑞,软件和信息技术服务业,I65,2016-11,11/03/2016,-0.051416,4161,15891,,,,,79,19,28,32,402606,160
600406,国电南瑞,软件和信息技术服务业,I65,2016-12,18/03/2016,0.065986,4250,15859,,,,,124,29,46,49,564049,140
600406,国电南瑞,软件和信息技术服务业,I65,2016-13,25/03/2016,0.061901,5808,19667,,,,,118,31,34,53,699911,320
600406,国电南瑞,软件和信息技术服务业,I65,2016-14,01/04/2016,0.025677,5073,17954,,,,,112,31,31,50,603993,208
600406,国电南瑞,软件和信息技术服务业,I65,2016-15,08/04/2016,-0.00406,5623,19626,,,,,192,63,33,96,1495353,358
600406,国电南瑞,软件和信息技术服务业,I65,2016-16,15/04/2016,0.015625,5212,18488,,,,,148,46,43,59,685505,319
600406,国电南瑞,软件和信息技术服务业,I65,2016-17,22/04/2016,-0.073579,4179,15772,,,,,182,50,58,74,852475,373
600406,国电南瑞,软件和信息技术服务业,I65,2016-18,29/04/2016,0.008664,4589,16193,,,,,1595,827,36,732,915844,261
600406,国电南瑞,软件和信息技术服务业,I65,2016-19,06/05/2016,-0.025054,3996,14395,,,,,1135,473,35,627,598512,222
600406,国电南瑞,软件和信息技术服务业,I65,2016-20,13/05/2016,-0.024229,3873,14525,,,,,673,130,23,520,373568,226
600406,国电南瑞,软件和信息技术服务业,I65,2016-21,20/05/2016,-0.00301,3661,13903,,,,,744,90,60,594,390026,129
600406,国电南瑞,软件和信息技术服务业,I65,2016-22,27/05/2016,-0.006792,3553,13940,,,,,540,78,85,377,562876,247
600406,国电南瑞,软件和信息技术服务业,I65,2016-23,03/06/2016,0.059271,4380,15415,,,,,579,38,27,514,449143,282
600406,国电南瑞,软件和信息技术服务业,I65,2016-24,08/06/2016,-0.023409,,,,,,,,,,,,
600406,国电南瑞,软件和信息技术服务业,I65,2016-25,17/06/2016,-0.012734,3631,14353,,,,,140,33,47,60,328854,325
600406,国电南瑞,软件和信息技术服务业,I65,2016-26,24/06/2016,-0.020486,3619,13588,,,,,162,38,47,77,314176,121
600406,国电南瑞,软件和信息技术服务业,I65,2016-27,01/07/2016,0.023238,3556,14036,,,,,154,31,41,82,156168,113
600406,国电南瑞,软件和信息技术服务业,I65,2016-28,08/07/2016,0.018168,4201,14474,,,,,196,75,58,63,163425,125
600406,国电南瑞,软件和信息技术服务业,I65,2016-29,15/07/2016,0.056506,6068,18406,,,,,213,72,47,94,265618,142
600406,国电南瑞,软件和信息技术服务业,I65,2016-30,22/07/2016,-0.004926,4921,16092,,,,,136,43,34,59,246410,144
600406,国电南瑞,软件和信息技术服务业,I65,2016-31,29/07/2016,0.05587,4927,15871,,,,,153,51,33,69,207002,189
600406,国电南瑞,软件和信息技术服务业,I65,2016-32,05/08/2016,-0.022773,5050,15461,,,,,209,66,45,98,221307,402
600406,国电南瑞,软件和信息技术服务业,I65,2016-33,12/08/2016,0.003427,3985,14067,,,,,159,45,45,69,107847,89
600406,国电南瑞,软件和信息技术服务业,I65,2016-34,19/08/2016,0.039617,4606,14767,,,,,115,40,21,54,106364,136
600406,国电南瑞,软件和信息技术服务业,I65,2016-35,26/08/2016,0.000657,5097,15595,,,,,135,45,31,59,260633,157
600406,国电南瑞,软件和信息技术服务业,I65,2016-36,02/09/2016,0.045962,4741,16815,,,,,166,51,37,78,154736,145
600406,国电南瑞,软件和信息技术服务业,I65,2016-37,09/09/2016,-0.015694,5195,17176,,,,,158,42,47,69,155351,113
600406,国电南瑞,软件和信息技术服务业,I65,2016-38,14/09/2016,-0.004464,,,,,,,,,,,,
600406,国电南瑞,软件和信息技术服务业,I65,2016-39,23/09/2016,0.043562,4385,14931,,,,,69,19,13,37,76241,83
600406,国电南瑞,软件和信息技术服务业,I65,2016-40,30/09/2016,0.001842,3730,13307,,,,,60,24,17,19,69330,42
600406,国电南瑞,软件和信息技术服务业,I65,2016-42,14/10/2016,0.020221,4187,15233,,,,,52,21,7,24,76548,48
600406,国电南瑞,软件和信息技术服务业,I65,2016-43,21/10/2016,-0.015015,4082,14022,,,,,77,19,25,33,92195,86
600406,国电南瑞,软件和信息技术服务业,I65,2016-44,28/10/2016,0.004878,4352,14770,,,,,104,40,30,34,194517,70
600406,国电南瑞,软件和信息技术服务业,I65,2016-45,04/11/2016,-0.083131,5768,18523,,,,,277,48,91,138,444841,314
600406,国电南瑞,软件和信息技术服务业,I65,2016-46,11/11/2016,0.01456,4065,14238,,,,,113,28,41,44,119264,93
600406,国电南瑞,软件和信息技术服务业,I65,2016-47,18/11/2016,0.054795,5077,16071,,,,,135,42,32,61,208231,227
600406,国电南瑞,软件和信息技术服务业,I65,2016-48,25/11/2016,-0.048237,4897,16139,,,,,248,40,56,152,280575,228
600406,国电南瑞,软件和信息技术服务业,I65,2016-49,02/12/2016,0.013645,4427,14865,,,,,115,28,30,57,171768,149
600406,国电南瑞,软件和信息技术服务业,I65,2016-50,09/12/2016,0.014103,4776,15151,,,,,103,30,29,44,142166,156
600406,国电南瑞,软件和信息技术服务业,I65,2016-51,16/12/2016,0.028445,5762,18156,,,,,200,59,44,97,348624,317
600406,国电南瑞,软件和信息技术服务业,I65,2016-52,23/12/2016,0.035648,5967,18761,,,,,259,54,78,127,373961,412
600406,国电南瑞,软件和信息技术服务业,I65,2016-53,28/12/2016,-0.013056,,,,,,,,,,,,
600485,信威集团,计算机、通信和其他电子设备制造业,C39,2014-03,17/01/2014,-0.066797,8076,8517,3,18,2,30,572,168,164,240,969875,1277
600485,信威集团,计算机、通信和其他电子设备制造业,C39,2014-04,24/01/2014,0.124869,6174,6604,,,,,160,55,43,62,318245,330
600485,信威集团,计算机、通信和其他电子设备制造业,C39,2014-05,30/01/2014,-0.014399,,,,,,,,,,,,
600485,信威集团,计算机、通信和其他电子设备制造业,C39,2014-06,07/02/2014,-0.028746,2342,2702,,,,,42,8,13,21,96113,93
600485,信威集团,计算机、通信和其他电子设备制造业,C39,2014-07,14/02/2014,0.051917,5885,6464,,,,,157,40,62,55,338013,429
600485,信威集团,计算机、通信和其他电子设备制造业,C39,2014-08,21/02/2014,0.092251,5687,6184,,,,,190,61,45,84,329685,866
600485,信威集团,计算机、通信和其他电子设备制造业,C39,2014-09,28/02/2014,-0.163851,6791,7269,,,,,346,87,103,156,609766,541
600485,信威集团,计算机、通信和其他电子设备制造业,C39,2014-10,07/03/2014,0.022727,4864,5649,,,,,114,17,51,46,157174,113
600485,信威集团,计算机、通信和其他电子设备制造业,C39,2014-11,14/03/2014,-0.10716,5738,6103,,,,,244,65,82,97,506453,498
600485,信威集团,计算机、通信和其他电子设备制造业,C39,2014-12,21/03/2014,0.011062,5924,6602,14,28,5,67,127,32,35,60,242613,209
600485,信威集团,计算机、通信和其他电子设备制造业,C39,2014-13,28/03/2014,-0.060175,3915,4470,,,,,91,22,26,43,160117,142
600485,信威集团,计算机、通信和其他电子设备制造业,C39,2014-14,04/04/2014,0.050058,3747,4567,,,,,60,16,15,29,133005,114
600485,信威集团,计算机、通信和其他电子设备制造业,C39,2014-15,11/04/2014,0.024945,3108,3548,,,,,72,17,21,34,141502,126
600485,信威集团,计算机、通信和其他电子设备制造业,C39,2014-16,18/04/2014,-0.003245,3645,4406,,,,,35,14,7,14,83289,59
600485,信威集团,计算机、通信和其他电子设备制造业,C39,2014-17,25/04/2014,-0.104178,3308,3921,,,,,45,13,16,16,120354,135
600485,信威集团,计算机、通信和其他电子设备制造业,C39,2014-18,30/04/2014,-0.036342,,,,,,,,,,,,
600485,信威集团,计算机、通信和其他电子设备制造业,C39,2014-19,09/05/2014,0.028284,3269,5142,,,,,35,11,8,16,128286,132
600485,信威集团,计算机、通信和其他电子设备制造业,C39,2014-20,16/05/2014,-0.001222,3489,4502,,,,,28,14,7,7,100744,44
600485,信威集团,计算机、通信和其他电子设备制造业,C39,2014-21,23/05/2014,0.025704,2965,3732,,,,,13,4,5,4,85362,52
600485,信威集团,计算机、通信和其他电子设备制造业,C39,2014-22,30/05/2014,0.00179,2858,3546,,,,,18,6,3,9,50268,42
600485,信威集团,计算机、通信和其他电子设备制造业,C39,2014-23,06/06/2014,0.045265,2681,3539,,,,,41,15,11,15,122262,84
600485,信威集团,计算机、通信和其他电子设备制造业,C39,2014-24,13/06/2014,0.031909,3180,3790,,,,,30,10,7,13,124635,50
600485,信威集团,计算机、通信和其他电子设备制造业,C39,2014-25,20/06/2014,-0.011596,3396,4235,,,,,35,11,5,19,333083,649
600485,信威集团,计算机、通信和其他电子设备制造业,C39,2014-26,24/06/2014,0.017318,,,,,,,,,,,,
600485,信威集团,计算机、通信和其他电子设备制造业,C39,2014-27,04/07/2014,0.150467,5649,6324,6,14,2,32,144,45,42,57,423061,697
600485,信威集团,计算机、通信和其他电子设备制造业,C39,2014-28,11/07/2014,0.087828,6746,7733,,,,,189,66,55,68,412174,696
600485,信威集团,计算机、通信和其他电子设备制造业,C39,2014-29,18/07/2014,0.049583,6060,6930,1,63,1,91,147,64,29,54,367342,811
600485,信威集团,计算机、通信和其他电子设备制造业,C39,2014-30,25/07/2014,0.042642,5303,6103,,,,,132,45,27,60,392582,694
600485,信威集团,计算机、通信和其他电子设备制造业,C39,2014-31,01/08/2014,-0.060144,5189,5677,,,,,195,76,46,73,411542,645
600485,信威集团,计算机、通信和其他电子设备制造业,C39,2014-32,08/08/2014,0.03157,3973,4654,,,,,64,22,12,30,170523,278
600485,信威集团,计算机、通信和其他电子设备制造业,C39,2014-33,15/08/2014,0.160463,5130,5884,,,,,96,36,15,45,257023,507
600485,信威集团,计算机、通信和其他电子设备制造业,C39,2014-34,22/08/2014,-0.002495,4791,5485,29,228,7,302,99,31,27,41,241134,499
600485,信威集团,计算机、通信和其他电子设备制造业,C39,2014-35,29/08/2014,0.038228,3956,4621,7,13,2,31,70,33,9,28,206941,502
600485,信威集团,计算机、通信和其他电子设备制造业,C39,2014-36,05/09/2014,0.128699,5149,5852,10,25,4,95,103,42,14,47,299996,484
600485,信威集团,计算机、通信和其他电子设备制造业,C39,2014-37,12/09/2014,0.060976,4272,5073,,,,,76,27,14,35,246234,386
600485,信威集团,计算机、通信和其他电子设备制造业,C39,2014-38,19/09/2014,0.176724,7113,10105,4,65,2,98,137,59,30,48,321626,533
600485,信威集团,计算机、通信和其他电子设备制造业,C39,2014-39,26/09/2014,0.114774,8736,11376,4,93,3,153,212,90,40,82,504362,856
600485,信威集团,计算机、通信和其他电子设备制造业,C39,2014-40,30/09/2014,-0.094633,,,,,,,,,,,,
600485,信威集团,计算机、通信和其他电子设备制造业,C39,2014-41,10/10/2014,-0.063876,4951,8827,10,87,6,131,94,19,28,47,244544,451
600485,信威集团,计算机、通信和其他电子设备制造业,C39,2014-42,17/10/2014,-0.073662,6136,11070,,,,,82,36,20,26,202580,325
600485,信威集团,计算机、通信和其他电子设备制造业,C39,2014-43,24/10/2014,0.074777,5169,9426,,,,,61,15,14,32,195713,195
600485,信威集团,计算机、通信和其他电子设备制造业,C39,2014-44,31/10/2014,-0.055036,5733,12581,,,,,153,53,37,63,383143,361
600485,信威集团,计算机、通信和其他电子设备制造业,C39,2014-45,07/11/2014,0.15,7306,14714,20,56,7,159,152,60,19,73,421791,512
600485,信威集团,计算机、通信和其他电子设备制造业,C39,2014-46,14/11/2014,-0.034161,5776,10802,4,13,2,47,73,24,17,32,275739,282
600485,信威集团,计算机、通信和其他电子设备制造业,C39,2014-47,21/11/2014,-0.027208,4971,9485,,,,,89,25,24,40,234043,362
600485,信威集团,计算机、通信和其他电子设备制造业,C39,2014-48,28/11/2014,0.019324,4835,9606,,,,,103,31,29,43,214023,273
600485,信威集团,计算机、通信和其他电子设备制造业,C39,2014-49,05/12/2014,0.020454,6721,13764,,,,,184,38,57,89,405354,429
600485,信威集团,计算机、通信和其他电子设备制造业,C39,2014-50,12/12/2014,0.097287,6838,13852,16,117,9,254,97,30,22,45,285684,422
600485,信威集团,计算机、通信和其他电子设备制造业,C39,2014-51,19/12/2014,0.155714,5363,11547,,,,,76,19,21,36,197012,361
600485,信威集团,计算机、通信和其他电子设备制造业,C39,2014-52,26/12/2014,-0.074788,5294,18662,,,,,87,26,24,37,220105,392
600485,信威集团,计算机、通信和其他电子设备制造业,C39,2014-53,31/12/2014,-0.096875,,,,,,,,,,,,
600485,信威集团,计算机、通信和其他电子设备制造业,C39,2015-02,09/01/2015,-0.101499,5096,13131,,,,,155,46,57,52,299282,334
600485,信威集团,计算机、通信和其他电子设备制造业,C39,2015-03,16/01/2015,0.051605,4085,9386,,,,,49,18,14,17,98916,129
600485,信威集团,计算机、通信和其他电子设备制造业,C39,2015-04,23/01/2015,0.025391,3604,8615,,,,,209,89,48,72,230474,326
600485,信威集团,计算机、通信和其他电子设备制造业,C39,2015-05,30/01/2015,-0.014762,4680,11227,9,11,2,50,177,58,45,74,326444,360
600485,信威集团,计算机、通信和其他电子设备制造业,C39,2015-06,06/02/2015,-0.065249,4007,9201,,,,,262,60,90,112,470352,411
600485,信威集团,计算机、通信和其他电子设备制造业,C39,2015-07,13/02/2015,0.097208,3829,9025,,,,,212,44,64,104,426632,603
600485,信威集团,计算机、通信和其他电子设备制造业,C39,2015-08,17/02/2015,0.034637,,,,,,,,,,,,
600485,信威集团,计算机、通信和其他电子设备制造业,C39,2015-09,27/02/2015,-0.051013,2924,6704,,,,,88,20,18,50,122662,169
600485,信威集团,计算机、通信和其他电子设备制造业,C39,2015-10,06/03/2015,-0.055436,4339,9875,,,,,103,26,23,54,158743,233
600485,信威集团,计算机、通信和其他电子设备制造业,C39,2015-11,13/03/2015,0.062246,4122,10304,,,,,221,79,41,101,262783,710
600485,信威集团,计算机、通信和其他电子设备制造业,C39,2015-12,20/03/2015,0.022483,4834,11184,,,,,281,76,71,134,429605,603
600485,信威集团,计算机、通信和其他电子设备制造业,C39,2015-13,27/03/2015,0.095439,5520,12994,,,,,220,71,35,114,402971,552
600485,信威集团,计算机、通信和其他电子设备制造业,C39,2015-14,03/04/2015,0.008755,5430,12790,,,,,266,70,44,152,469843,485
600485,信威集团,计算机、通信和其他电子设备制造业,C39,2015-15,10/04/2015,-0.058002,4805,11532,,,,,304,93,66,145,467893,742
600485,信威集团,计算机、通信和其他电子设备制造业,C39,2015-16,17/04/2015,-0.032135,5732,13729,,,,,390,111,101,178,546148,731
600485,信威集团,计算机、通信和其他电子设备制造业,C39,2015-17,24/04/2015,0.056884,6571,14948,,,,,333,113,66,154,570710,803
600485,信威集团,计算机、通信和其他电子设备制造业,C39,2015-18,30/04/2015,-0.047452,,,,,,,,,,,,
600485,信威集团,计算机、通信和其他电子设备制造业,C39,2015-19,08/05/2015,0.05881,6139,14447,,,,,236,78,58,100,528682,521
600485,信威集团,计算机、通信和其他电子设备制造业,C39,2015-20,15/05/2015,0.067741,8974,20274,,,,,405,123,110,172,914565,1059
600485,信威集团,计算机、通信和其他电子设备制造业,C39,2015-21,22/05/2015,0.133211,7730,17800,,,,,216,57,46,113,475030,472
600485,信威集团,计算机、通信和其他电子设备制造业,C39,2015-22,29/05/2015,0.051665,8064,19355,,,,,323,96,96,131,770375,835
600485,信威集团,计算机、通信和其他电子设备制造业,C39,2015-23,05/06/2015,0.051352,8193,20694,,,,,222,67,60,95,497651,581
600485,信威集团,计算机、通信和其他电子设备制造业,C39,2015-24,12/06/2015,0.017258,7720,18474,,,,,274,73,74,127,496739,655
600485,信威集团,计算机、通信和其他电子设备制造业,C39,2015-25,19/06/2015,-0.114757,8401,20034,,,,,261,82,64,115,455594,412
600485,信威集团,计算机、通信和其他电子设备制造业,C39,2015-26,26/06/2015,-0.180076,6006,14103,,,,,190,52,60,78,540388,658
600485,信威集团,计算机、通信和其他电子设备制造业,C39,2015-27,03/07/2015,-0.277619,7888,17974,,,,,244,39,107,98,731422,531
600485,信威集团,计算机、通信和其他电子设备制造业,C39,2015-28,08/07/2015,-0.035409,,,,,,,,,,,,
600485,信威集团,计算机、通信和其他电子设备制造业,C39,2015-29,17/07/2015,0.21,6950,17117,,,,,96,16,30,50,401784,293
600485,信威集团,计算机、通信和其他电子设备制造业,C39,2015-30,24/07/2015,0.069317,6981,16354,,,,,146,32,39,75,345989,251
600485,信威集团,计算机、通信和其他电子设备制造业,C39,2015-31,31/07/2015,-0.068249,5700,13823,,,,,121,36,31,54,332688,306
600485,信威集团,计算机、通信和其他电子设备制造业,C39,2015-32,07/08/2015,0.029404,4910,12196,,,,,96,34,20,42,422647,187
600485,信威集团,计算机、通信和其他电子设备制造业,C39,2015-33,14/08/2015,-0.006121,4218,11247,,,,,60,12,18,30,268088,126
600485,信威集团,计算机、通信和其他电子设备制造业,C39,2015-34,21/08/2015,-0.163202,4368,10854,,,,,60,12,24,24,287632,78
600485,信威集团,计算机、通信和其他电子设备制造业,C39,2015-35,28/08/2015,0.084943,6333,15297,,,,,149,31,42,76,504664,461
600485,信威集团,计算机、通信和其他电子设备制造业,C39,2015-36,02/09/2015,0.004805,,,,,,,,,,,,
600485,信威集团,计算机、通信和其他电子设备制造业,C39,2015-37,11/09/2015,-0.25879,6533,16298,,,,,426,83,125,218,1285871,1951
600485,信威集团,计算机、通信和其他电子设备制造业,C39,2015-38,18/09/2015,-0.349905,14636,42370,,,,,1861,397,619,845,3450113,4737
600485,信威集团,计算机、通信和其他电子设备制造业,C39,2015-39,25/09/2015,0.019264,13003,34974,,,,,1064,284,303,477,1671619,2688
600485,信威集团,计算机、通信和其他电子设备制造业,C39,2015-40,30/09/2015,0.058419,,,,,,,,,,,,
600485,信威集团,计算机、通信和其他电子设备制造业,C39,2015-41,09/10/2015,0.071429,7491,22569,,,,,335,86,74,175,908109,984
600485,信威集团,计算机、通信和其他电子设备制造业,C39,2015-42,16/10/2015,0.157576,10811,27887,,,,,676,181,151,344,953161,1500
600485,信威集团,计算机、通信和其他电子设备制造业,C39,2015-43,23/10/2015,0.045812,10105,27032,,,,,697,153,185,359,1035084,1744
600485,信威集团,计算机、通信和其他电子设备制造业,C39,2015-44,30/10/2015,-0.068836,10530,27301,,,,,815,169,211,435,1301094,2430
600485,信威集团,计算机、通信和其他电子设备制造业,C39,2015-46,13/11/2015,0.144713,9911,30311,,,,,1011,261,177,573,1876063,4124
600485,信威集团,计算机、通信和其他电子设备制造业,C39,2015-47,20/11/2015,0.064188,14302,42960,,,,,1533,412,317,804,1689688,4021
600485,信威集团,计算机、通信和其他电子设备制造业,C39,2015-48,27/11/2015,-0.083487,11820,34661,,,,,1241,286,312,643,1185887,2612
600485,信威集团,计算机、通信和其他电子设备制造业,C39,2015-49,04/12/2015,-0.029695,10778,30341,,,,,1024,226,311,487,1004983,1858
600485,信威集团,计算机、通信和其他电子设备制造业,C39,2015-50,11/12/2015,0.06038,11351,30446,,,,,969,208,244,517,2084418,2369
600485,信威集团,计算机、通信和其他电子设备制造业,C39,2015-51,18/12/2015,0.093214,13085,37403,7,31,2,71,1002,273,239,490,2621509,2660
600485,信威集团,计算机、通信和其他电子设备制造业,C39,2015-52,25/12/2015,-0.046022,11104,29316,,,,,730,171,189,370,1685630,1340
600485,信威集团,计算机、通信和其他电子设备制造业,C39,2015-53,31/12/2015,0.000374,,,,,,,,,,,,
600485,信威集团,计算机、通信和其他电子设备制造业,C39,2016-02,08/01/2016,0.035514,10957,30347,,,,,823,198,216,409,2881811,3208
600485,信威集团,计算机、通信和其他电子设备制造业,C39,2016-03,15/01/2016,-0.228159,11833,31821,,,,,954,204,246,504,2788637,2686
600485,信威集团,计算机、通信和其他电子设备制造业,C39,2016-04,22/01/2016,0.014967,9551,23066,,,,,423,101,110,212,1463998,1284
600485,信威集团,计算机、通信和其他电子设备制造业,C39,2016-05,29/01/2016,-0.156221,8777,20519,,,,,389,96,109,184,1242895,1122
600485,信威集团,计算机、通信和其他电子设备制造业,C39,2016-21,20/05/2016,-0.067176,8614,24949,,,,,1612,284,287,1041,2871671,2311
600485,信威集团,计算机、通信和其他电子设备制造业,C39,2016-22,27/05/2016,-0.026932,10024,25994,,,,,1628,272,407,949,2385337,2148
600485,信威集团,计算机、通信和其他电子设备制造业,C39,2016-23,03/06/2016,0.076414,9915,25041,,,,,1258,221,192,845,2278421,1618
600485,信威集团,计算机、通信和其他电子设备制造业,C39,2016-24,08/06/2016,0.029625,,,,,,,,,,,,
600485,信威集团,计算机、通信和其他电子设备制造业,C39,2016-25,17/06/2016,-0.02063,9034,23548,,,,,797,171,220,406,1819027,1286
600485,信威集团,计算机、通信和其他电子设备制造业,C39,2016-26,24/06/2016,-0.065965,8691,22056,,,,,922,149,276,497,1332730,925
600485,信威集团,计算机、通信和其他电子设备制造业,C39,2016-27,01/07/2016,0.065875,8766,21838,,,,,724,172,167,385,927133,945
600485,信威集团,计算机、通信和其他电子设备制造业,C39,2016-28,08/07/2016,0.003341,9502,22973,,,,,882,197,198,487,964233,988
600485,信威集团,计算机、通信和其他电子设备制造业,C39,2016-29,15/07/2016,0.048135,9815,24756,,,,,977,243,223,511,1111153,1459
600485,信威集团,计算机、通信和其他电子设备制造业,C39,2016-30,22/07/2016,-0.006886,9431,24032,,,,,952,227,235,490,1268540,1613
600485,信威集团,计算机、通信和其他电子设备制造业,C39,2016-31,29/07/2016,-0.098667,9562,23603,,,,,828,166,225,437,920687,1284
600485,信威集团,计算机、通信和其他电子设备制造业,C39,2016-32,05/08/2016,-0.008284,8348,20247,,,,,589,118,153,318,656175,952
600485,信威集团,计算机、通信和其他电子设备制造业,C39,2016-33,12/08/2016,0.00537,8122,19426,,,,,687,115,203,369,699463,923
600485,信威集团,计算机、通信和其他电子设备制造业,C39,2016-34,19/08/2016,0.036202,8198,20097,,,,,599,119,166,314,689072,622
600485,信威集团,计算机、通信和其他电子设备制造业,C39,2016-35,26/08/2016,0.076174,9510,26290,,,,,1227,290,278,659,1607919,2145
600485,信威集团,计算机、通信和其他电子设备制造业,C39,2016-36,01/09/2016,-0.040979,,,,,,,,,,,,
600485,信威集团,计算机、通信和其他电子设备制造业,C39,2016-37,09/09/2016,0.022198,11376,32792,,,,,782,178,171,433,1219003,1323
600485,信威集团,计算机、通信和其他电子设备制造业,C39,2016-38,14/09/2016,-0.040717,,,,,,,,,,,,
600485,信威集团,计算机、通信和其他电子设备制造业,C39,2016-39,23/09/2016,-0.010753,8655,21821,,,,,554,105,142,307,836964,745
600485,信威集团,计算机、通信和其他电子设备制造业,C39,2016-40,30/09/2016,-0.019451,8104,19776,,,,,531,103,156,272,605661,849
600485,信威集团,计算机、通信和其他电子设备制造业,C39,2016-42,14/10/2016,0.019837,7950,20084,,,,,420,68,126,226,537663,491
600485,信威集团,计算机、通信和其他电子设备制造业,C39,2016-43,21/10/2016,0.022883,8599,21720,,,,,686,144,181,361,810541,1765
600485,信威集团,计算机、通信和其他电子设备制造业,C39,2016-44,28/10/2016,0.018456,9261,24035,,,,,679,147,182,350,1131672,1737
600485,信威集团,计算机、通信和其他电子设备制造业,C39,2016-45,04/11/2016,-0.054915,10061,24780,,,,,1159,204,342,613,1153227,1603
600485,信威集团,计算机、通信和其他电子设备制造业,C39,2016-46,11/11/2016,0.009878,8956,21465,,,,,799,150,212,437,927747,959
600485,信威集团,计算机、通信和其他电子设备制造业,C39,2016-47,18/11/2016,-0.002301,9519,24136,,,,,965,186,243,536,1341945,1459
600485,信威集团,计算机、通信和其他电子设备制造业,C39,2016-48,25/11/2016,0.010381,10108,25361,,,,,1323,277,354,692,1367893,1803
600485,信威集团,计算机、通信和其他电子设备制造业,C39,2016-49,02/12/2016,-0.021689,10051,25701,,,,,1478,331,356,791,2224573,2531
600485,信威集团,计算机、通信和其他电子设备制造业,C39,2016-50,09/12/2016,-0.014586,9557,23944,,,,,1311,246,373,692,1109527,1682
600485,信威集团,计算机、通信和其他电子设备制造业,C39,2016-51,16/12/2016,-0.039076,8615,21813,,,,,927,201,241,485,795504,970
600485,信威集团,计算机、通信和其他电子设备制造业,C39,2016-52,23/12/2016,-0.100431,13091,55277,,,,,4417,740,1287,2390,7297303,11318
600518,康美药业,医药制造业,C27,2014-01,03/01/2014,0.015,2747,8229,14,24,1,50,57,21,8,28,123457,152
600518,康美药业,医药制造业,C27,2014-02,10/01/2014,-0.106185,7263,20968,,,,,295,52,111,132,525578,782
600518,康美药业,医药制造业,C27,2014-03,17/01/2014,0.026944,7582,21401,,,,,217,52,73,92,358431,467
600518,康美药业,医药制造业,C27,2014-04,24/01/2014,0.005963,6300,19796,,,,,103,23,31,49,213159,274
600518,康美药业,医药制造业,C27,2014-05,30/01/2014,0.018376,,,,,,,,,,,,
600518,康美药业,医药制造业,C27,2014-06,07/02/2014,-0.005239,3176,13341,8,19,0,69,55,11,16,28,131652,131
600518,康美药业,医药制造业,C27,2014-07,14/02/2014,0.125805,9739,29815,56,117,3,283,260,80,59,121,489345,426
600518,康美药业,医药制造业,C27,2014-08,21/02/2014,-0.017152,9006,26512,12,29,0,83,138,31,45,62,305045,224
600518,康美药业,医药制造业,C27,2014-09,28/02/2014,-0.100476,8338,24332,,,,,176,33,69,74,388692,376
600518,康美药业,医药制造业,C27,2014-10,07/03/2014,-0.028219,8395,24354,,,,,217,42,84,91,309785,367
600518,康美药业,医药制造业,C27,2014-11,14/03/2014,0.011494,9031,25069,,,,,211,53,68,90,338485,334
600518,康美药业,医药制造业,C27,2014-12,21/03/2014,-0.001794,8438,24003,,,,,206,36,79,91,403161,557
600518,康美药业,医药制造业,C27,2014-13,28/03/2014,-0.031156,8397,24773,84,76,11,332,282,56,113,113,577317,697
600518,康美药业,医药制造业,C27,2014-14,04/04/2014,0.005566,7919,23413,,,,,180,41,60,79,334699,373
600518,康美药业,医药制造业,C27,2014-15,11/04/2014,0.043665,7847,24653,,,,,184,65,47,72,386471,399
600518,康美药业,医药制造业,C27,2014-16,18/04/2014,-0.043017,8982,26873,,,,,349,75,152,122,585108,719
600518,康美药业,医药制造业,C27,2014-17,25/04/2014,-0.063424,8831,26152,,,,,218,40,92,86,409411,651
600518,康美药业,医药制造业,C27,2014-18,30/04/2014,0.023011,,,,,,,,,,,,
600518,康美药业,医药制造业,C27,2014-19,09/05/2014,0.033419,9193,27691,,,,,123,29,30,64,261550,523
600518,康美药业,医药制造业,C27,2014-20,16/05/2014,-0.027985,8864,26680,,,,,330,111,60,159,719259,1921
600518,康美药业,医药制造业,C27,2014-21,23/05/2014,-0.013436,8535,26271,41,55,7,178,428,153,105,170,707926,2006
600518,康美药业,医药制造业,C27,2014-22,30/05/2014,-0.009079,7472,23959,,,,,198,56,56,86,322040,655
600518,康美药业,医药制造业,C27,2014-23,06/06/2014,-0.001309,6069,20878,20,40,4,93,176,65,34,77,259820,314
600518,康美药业,医药制造业,C27,2014-24,13/06/2014,-0.000655,7477,23993,,,,,133,33,51,49,205250,245
600518,康美药业,医药制造业,C27,2014-25,20/06/2014,-0.041311,7052,23446,,,,,237,48,83,106,402302,641
600518,康美药业,医药制造业,C27,2014-26,27/06/2014,0.015732,7039,23501,,,,,116,39,32,45,308141,442
600518,康美药业,医药制造业,C27,2014-27,04/07/2014,-0.005387,8028,24864,,,,,401,109,108,184,598459,1126
600518,康美药业,医药制造业,C27,2014-28,11/07/2014,-0.038592,8501,26292,,,,,556,104,237,215,925783,1448
600518,康美药业,医药制造业,C27,2014-29,18/07/2014,-0.014789,9405,29308,,,,,663,126,218,319,884854,1783
600518,康美药业,医药制造业,C27,2014-30,25/07/2014,0.047177,10033,29733,,,,,306,96,76,134,488381,772
600518,康美药业,医药制造业,C27,2014-31,01/08/2014,0.029882,10030,31724,,,,,236,54,65,117,473022,814
600518,康美药业,医药制造业,C27,2014-32,08/08/2014,-0.012146,9711,30161,,,,,471,100,147,224,677085,1154
600518,康美药业,医药制造业,C27,2014-33,15/08/2014,0.037568,10174,30989,,,,,250,70,71,109,385563,637
600518,康美药业,医药制造业,C27,2014-34,22/08/2014,-0.021725,9597,29637,,,,,373,72,114,187,747446,1435
600518,康美药业,医药制造业,C27,2014-35,29/08/2014,-0.01817,9661,29771,54,23,3,141,558,108,198,252,1845994,3873
600518,康美药业,医药制造业,C27,2014-36,05/09/2014,0.033585,10115,29450,18,20,2,57,460,122,138,200,770338,1041
600518,康美药业,医药制造业,C27,2014-37,12/09/2014,0.001989,9456,28611,,,,,514,154,139,221,1325309,2287
600518,康美药业,医药制造业,C27,2014-38,19/09/2014,0.016545,11900,33766,,,,,551,120,160,271,1507048,1736
600518,康美药业,医药制造业,C27,2014-39,26/09/2014,0.037109,12288,33387,,,,,433,103,107,223,762769,904
600518,康美药业,医药制造业,C27,2014-40,30/09/2014,0.00565,,,,,,,,,,,,
600518,康美药业,医药制造业,C27,2014-41,10/10/2014,-0.001873,7192,23971,60,411,10,490,217,51,68,98,456607,488
600518,康美药业,医药制造业,C27,2014-42,17/10/2014,0.01626,11424,32033,,,,,310,67,95,148,637174,878
600518,康美药业,医药制造业,C27,2014-43,24/10/2014,-0.040615,9658,27768,15,18,2,51,242,45,83,114,544806,587
600518,康美药业,医药制造业,C27,2014-44,31/10/2014,0.023733,8297,26512,15,3,2,35,376,89,124,163,725751,794
600518,康美药业,医药制造业,C27,2014-45,07/11/2014,-0.028195,7588,24297,,,,,319,74,106,139,509223,633
600518,康美药业,医药制造业,C27,2014-46,14/11/2014,-0.016119,8097,25744,,,,,415,88,127,200,693417,892
600518,康美药业,医药制造业,C27,2014-47,21/11/2014,0.009174,8937,26157,,,,,324,71,119,134,612395,837
600518,康美药业,医药制造业,C27,2014-48,28/11/2014,0.012987,10377,29210,,,,,649,137,227,285,1062888,1287
600518,康美药业,医药制造业,C27,2014-49,05/12/2014,0.044231,13628,36603,,,,,636,155,170,311,1330380,1702
600518,康美药业,医药制造业,C27,2014-50,12/12/2014,0.054635,14093,39579,,,,,485,118,146,221,907156,1151
600518,康美药业,医药制造业,C27,2014-51,19/12/2014,-0.04482,12603,34965,,,,,701,154,223,324,1138897,1626
600518,康美药业,医药制造业,C27,2014-52,26/12/2014,0.009141,12122,32216,27,49,6,97,553,117,159,277,1081444,1776
600518,康美药业,医药制造业,C27,2014-53,31/12/2014,-0.050725,,,,,,,,,,,,
600518,康美药业,医药制造业,C27,2015-02,09/01/2015,0.044529,14335,40918,,,,,455,111,109,235,1342020,1217
600518,康美药业,医药制造业,C27,2015-03,16/01/2015,0.045067,14778,41739,7,49,2,60,647,146,169,332,1382797,2188
600518,康美药业,医药制造业,C27,2015-04,23/01/2015,-0.002914,15257,41314,,,,,698,162,168,368,1679688,2092
600518,康美药业,医药制造业,C27,2015-05,30/01/2015,-0.028054,12555,35249,,,,,661,151,179,331,1197997,2327
600518,康美药业,医药制造业,C27,2015-06,06/02/2015,-0.021046,11210,30997,,,,,685,139,203,343,1312089,2402
600518,康美药业,医药制造业,C27,2015-07,13/02/2015,0.245086,16353,45856,2,73,2,79,1174,343,267,564,3135156,4224
600518,康美药业,医药制造业,C27,2015-08,17/02/2015,0.094228,,,,,,,,,,,,
600518,康美药业,医药制造业,C27,2015-09,27/02/2015,0.020289,14055,40787,,,,,1180,325,299,556,2310143,3765
600518,康美药业,医药制造业,C27,2015-10,06/03/2015,0.146708,25307,78489,23,166,4,212,1958,532,437,989,5946098,12267
600518,康美药业,医药制造业,C27,2015-11,13/03/2015,0.09711,23929,75722,,,,,2336,663,547,1126,5388820,12141
600518,康美药业,医药制造业,C27,2015-12,20/03/2015,0.021777,24235,79643,25,151,3,262,1772,514,444,814,4843153,12001
600518,康美药业,医药制造业,C27,2015-13,27/03/2015,0.03472,21539,67451,25,166,4,278,1718,494,426,798,3476705,6777
600518,康美药业,医药制造业,C27,2015-14,03/04/2015,0.087043,19411,62955,,,,,1417,396,357,664,2874991,4888
600518,康美药业,医药制造业,C27,2015-15,10/04/2015,0.200795,22498,77951,,,,,1562,512,306,744,4154821,7568
600518,康美药业,医药制造业,C27,2015-16,17/04/2015,-0.109443,25411,91888,35,28,4,110,1981,479,523,979,4446597,8370
600518,康美药业,医药制造业,C27,2015-17,24/04/2015,0.031723,23434,81663,19,134,3,201,1596,377,415,804,3375601,6640
600518,康美药业,医药制造业,C27,2015-18,30/04/2015,0.063435,,,,,,,,,,,,
600518,康美药业,医药制造业,C27,2015-19,08/05/2015,-0.073717,25706,101529,27,158,6,275,2818,600,770,1448,9353984,19464
600518,康美药业,医药制造业,C27,2015-20,15/05/2015,-0.006749,21393,81586,,,,,2085,521,546,1018,3836361,8011
600518,康美药业,医药制造业,C27,2015-21,22/05/2015,0.1812,25126,96383,10,25,0,50,2076,566,458,1052,3844697,7648
600518,康美药业,医药制造业,C27,2015-22,29/05/2015,-0.030441,28935,111208,17,148,4,188,1600,440,344,816,4298870,7499
600518,康美药业,医药制造业,C27,2015-23,05/06/2015,0.120148,31920,127219,18,120,4,191,1919,527,427,965,4676230,7465
600518,康美药业,医药制造业,C27,2015-24,12/06/2015,0.103068,30747,120259,2,61,2,67,1619,410,383,826,4722599,8264
600518,康美药业,医药制造业,C27,2015-25,19/06/2015,-0.215686,34175,135528,10,60,1,132,2553,547,801,1205,4970035,10855
600518,康美药业,医药制造业,C27,2015-26,26/06/2015,-0.097222,25228,98479,,,,,1602,325,491,786,3029222,6711
600518,康美药业,医药制造业,C27,2015-27,03/07/2015,0.009117,40955,179995,,,,,1733,498,401,834,3725226,7025
600518,康美药业,医药制造业,C27,2015-28,10/07/2015,-0.054771,36552,158629,,,,,1955,410,559,986,4471937,7922
600518,康美药业,医药制造业,C27,2015-29,17/07/2015,0.182796,33392,144242,,,,,879,206,219,454,2529480,4097
600518,康美药业,医药制造业,C27,2015-30,24/07/2015,0.00101,30881,125458,,,,,1263,285,291,687,3055838,4256
600518,康美药业,医药制造业,C27,2015-31,31/07/2015,-0.105449,24061,98379,,,,,807,166,226,415,1771176,2258
600518,康美药业,医药制造业,C27,2015-32,07/08/2015,0.027637,20256,77380,,,,,696,138,191,367,1467509,1865
600518,康美药业,医药制造业,C27,2015-33,14/08/2015,-0.002195,20075,76972,,,,,941,152,303,486,1969129,2145
600518,康美药业,医药制造业,C27,2015-34,21/08/2015,-0.007151,24328,92184,,,,,932,222,234,476,2459230,3009
600518,康美药业,医药制造业,C27,2015-35,28/08/2015,-0.195568,23698,93310,32,17,4,111,1408,244,472,692,3674714,4016
600518,康美药业,医药制造业,C27,2015-36,02/09/2015,-0.014463,,,,,,,,,,,,
600518,康美药业,医药制造业,C27,2015-37,11/09/2015,-0.004193,15087,54516,,,,,542,86,177,279,1236576,1955
600518,康美药业,医药制造业,C27,2015-38,18/09/2015,-0.008421,14907,53301,15,65,6,144,578,117,166,295,1495404,1414
600518,康美药业,医药制造业,C27,2015-39,25/09/2015,-0.012031,12687,43380,,,,,472,106,136,230,825232,987
600518,康美药业,医药制造业,C27,2015-40,30/09/2015,-0.031519,,,,,,,,,,,,
600518,康美药业,医药制造业,C27,2015-41,09/10/2015,0.044379,7169,27172,,,,,134,19,46,69,488072,406
600518,康美药业,医药制造业,C27,2015-42,16/10/2015,0.177054,15325,54372,,,,,645,165,133,347,1281146,1463
600518,康美药业,医药制造业,C27,2015-43,23/10/2015,0.045126,17254,62256,14,42,0,114,694,171,192,331,1425232,1847
600518,康美药业,医药制造业,C27,2015-44,30/10/2015,-0.041451,15353,54680,43,25,6,149,596,118,201,277,1278421,2706
600518,康美药业,医药制造业,C27,2015-45,06/11/2015,0.01982,13670,49371,,,,,629,113,230,286,1373166,2996
600518,康美药业,医药制造业,C27,2015-46,13/11/2015,-0.020024,15945,57564,13,31,0,102,611,108,184,319,1363624,2280
600518,康美药业,医药制造业,C27,2015-47,20/11/2015,0.015024,14263,49629,,,,,559,105,156,298,940642,1622
600518,康美药业,医药制造业,C27,2015-48,26/11/2015,0.101835,,,,,,,,,,,,
600518,康美药业,医药制造业,C27,2015-50,11/12/2015,-0.058571,14654,52602,19,81,1,158,639,134,152,353,3467370,2384
600518,康美药业,医药制造业,C27,2015-51,18/12/2015,-0.033676,15822,57568,,,,,963,176,322,465,2165764,2045
600518,康美药业,医药制造业,C27,2015-52,25/12/2015,0.023627,15346,54901,,,,,974,191,262,521,2237569,3515
600518,康美药业,医药制造业,C27,2015-53,31/12/2015,-0.021927,,,,,,,,,,,,
600518,康美药业,医药制造业,C27,2016-02,08/01/2016,-0.136283,13759,49304,,,,,354,68,100,186,1274290,859
600518,康美药业,医药制造业,C27,2016-03,15/01/2016,-0.098361,12260,43982,,,,,318,52,96,170,1116980,551
600518,康美药业,医药制造业,C27,2016-04,22/01/2016,0.02197,11321,39484,,,,,335,70,74,191,1298884,702
600518,康美药业,医药制造业,C27,2016-05,29/01/2016,-0.031134,10410,36836,,,,,318,72,95,151,963034,446
600518,康美药业,医药制造业,C27,2016-06,05/02/2016,0.03443,8640,29821,,,,,215,40,64,111,1297939,395
600518,康美药业,医药制造业,C27,2016-08,19/02/2016,0.034024,10295,35920,,,,,277,52,90,135,1098830,446
600518,康美药业,医药制造业,C27,2016-09,26/02/2016,-0.062947,10080,35118,,,,,214,47,56,111,971262,270
600518,康美药业,医药制造业,C27,2016-10,04/03/2016,0.189313,10901,39672,,,,,366,113,64,189,1570277,919
600518,康美药业,医药制造业,C27,2016-11,11/03/2016,0.019255,13281,44868,,,,,359,95,72,192,1705311,985
600518,康美药业,医药制造业,C27,2016-12,18/03/2016,-0.002519,14646,50836,,,,,975,177,325,473,2400193,2563
600518,康美药业,医药制造业,C27,2016-13,25/03/2016,-0.02399,12018,41622,,,,,483,95,165,223,1700495,749
600518,康美药业,医药制造业,C27,2016-14,01/04/2016,0.007762,9856,35038,,,,,252,43,81,128,1087455,426
600518,康美药业,医药制造业,C27,2016-15,08/04/2016,-0.025674,8174,30523,,,,,204,52,57,95,1027083,591
600518,康美药业,医药制造业,C27,2016-16,15/04/2016,0.013175,8740,32632,,,,,299,58,89,152,995512,3311
600518,康美药业,医药制造业,C27,2016-17,22/04/2016,-0.038362,8108,27901,,,,,325,68,84,173,1405329,628
600518,康美药业,医药制造业,C27,2016-18,29/04/2016,0.002028,8540,32354,,,,,1676,730,71,875,1170595,449
600518,康美药业,医药制造业,C27,2016-19,06/05/2016,0.005398,6797,26910,,,,,1141,433,27,681,409871,159
600518,康美药业,医药制造业,C27,2016-20,13/05/2016,-0.020134,7312,28578,,,,,786,146,44,596,617836,335
600518,康美药业,医药制造业,C27,2016-21,20/05/2016,-0.021918,7190,28067,,,,,857,118,106,633,854421,706
600518,康美药业,医药制造业,C27,2016-22,27/05/2016,0.021709,6859,28499,,,,,612,83,109,420,858078,269
600518,康美药业,医药制造业,C27,2016-23,03/06/2016,0.057574,7848,30175,,,,,668,68,38,562,828639,381
600518,康美药业,医药制造业,C27,2016-24,08/06/2016,-0.016404,,,,,,,,,,,,
600518,康美药业,医药制造业,C27,2016-25,17/06/2016,0.021348,7783,29018,,,,,293,69,66,158,742923,329
600518,康美药业,医药制造业,C27,2016-26,24/06/2016,-0.032658,7053,26797,,,,,285,67,86,132,501377,252
600518,康美药业,医药制造业,C27,2016-27,01/07/2016,0.025658,6864,26307,,,,,237,73,43,121,427739,206
600518,康美药业,医药制造业,C27,2016-28,08/07/2016,0.05135,8581,31214,,,,,316,63,95,158,401275,565
600518,康美药业,医药制造业,C27,2016-29,15/07/2016,0.056356,9870,35834,,,,,316,69,68,179,414355,678
600518,康美药业,医药制造业,C27,2016-30,22/07/2016,-0.039123,7645,29164,,,,,252,54,85,113,307842,214
600518,康美药业,医药制造业,C27,2016-31,28/07/2016,0.026527,,,,,,,,,,,,
600518,康美药业,医药制造业,C27,2016-32,05/08/2016,-0.037861,8028,30262,,,,,265,27,72,166,398763,460
600518,康美药业,医药制造业,C27,2016-33,12/08/2016,0.001874,7203,25749,,,,,256,59,71,126,242633,256
600518,康美药业,医药制造业,C27,2016-34,19/08/2016,-0.011222,7761,28070,,,,,360,72,120,168,332559,404
600518,康美药业,医药制造业,C27,2016-35,26/08/2016,0.019546,7753,27859,,,,,241,58,61,122,365000,278
600518,康美药业,医药制造业,C27,2016-36,02/09/2016,0.003092,8000,29610,,,,,217,54,53,110,289827,303
600518,康美药业,医药制造业,C27,2016-37,09/09/2016,-0.016646,6957,26455,,,,,252,46,75,131,236319,223
600518,康美药业,医药制造业,C27,2016-38,14/09/2016,0.011912,,,,,,,,,,,,
600518,康美药业,医药制造业,C27,2016-39,23/09/2016,0.007435,6859,26108,,,,,194,51,47,96,289793,206
600518,康美药业,医药制造业,C27,2016-40,30/09/2016,-0.00246,6304,24629,,,,,116,25,31,60,192747,93
600518,康美药业,医药制造业,C27,2016-42,14/10/2016,0.057337,8256,30109,,,,,189,39,47,103,416626,543
600518,康美药业,医药制造业,C27,2016-43,21/10/2016,-0.009913,7719,28922,,,,,195,53,47,95,312705,299
600518,康美药业,医药制造业,C27,2016-44,28/10/2016,0.001767,6918,26762,,,,,171,33,44,94,242909,191
600518,康美药业,医药制造业,C27,2016-45,04/11/2016,0.021164,6677,25932,,,,,148,35,34,79,218124,259
600518,康美药业,医药制造业,C27,2016-46,11/11/2016,0.036845,7190,28150,,,,,239,60,44,135,307844,464
600518,康美药业,医药制造业,C27,2016-47,18/11/2016,-0.019989,7929,30575,,,,,349,75,95,179,512395,496
600518,康美药业,医药制造业,C27,2016-48,25/11/2016,-0.004533,6670,25811,,,,,250,34,99,117,241582,407
600518,康美药业,医药制造业,C27,2016-49,02/12/2016,-0.00683,6385,24863,,,,,182,34,66,82,234366,191
600518,康美药业,医药制造业,C27,2016-50,09/12/2016,0.017765,6864,27504,,,,,200,46,38,116,207635,213
600518,康美药业,医药制造业,C27,2016-51,16/12/2016,-0.021959,6423,25464,,,,,114,19,34,61,101564,127
600518,康美药业,医药制造业,C27,2016-52,23/12/2016,-0.006908,5865,23246,,,,,119,25,30,64,100381,82
600518,康美药业,医药制造业,C27,2016-53,30/12/2016,0.034783,5543,21475,,,,,86,17,21,48,129457,136
600519,贵州茅台,酒、饮料和精制茶制造业,C15,2014-01,03/01/2014,-0.034273,3529,10926,,,,,299,87,69,143,470050,1233
600519,贵州茅台,酒、饮料和精制茶制造业,C15,2014-02,10/01/2014,-0.03799,9006,27467,,,,,863,263,235,365,1171448,3134
600519,贵州茅台,酒、饮料和精制茶制造业,C15,2014-03,17/01/2014,0.008636,8728,28226,,,,,684,222,180,282,1160421,3246
600519,贵州茅台,酒、饮料和精制茶制造业,C15,2014-04,24/01/2014,0.126351,9323,34651,52,185,19,431,647,239,134,274,1101501,3053
600519,贵州茅台,酒、饮料和精制茶制造业,C15,2014-05,30/01/2014,-0.024354,,,,,,,,,,,,
600519,贵州茅台,酒、饮料和精制茶制造业,C15,2014-06,07/02/2014,0.012784,3845,25551,,,,,306,91,103,112,518710,1313
600519,贵州茅台,酒、饮料和精制茶制造业,C15,2014-07,14/02/2014,0.067294,9440,29892,,,,,441,167,103,171,695717,1651
600519,贵州茅台,酒、饮料和精制茶制造业,C15,2014-08,21/02/2014,0.043247,9911,30361,65,84,5,140,477,201,88,188,1090012,2845
600519,贵州茅台,酒、饮料和精制茶制造业,C15,2014-09,28/02/2014,0.006305,8964,25599,,,,,585,230,129,226,1047299,2588
600519,贵州茅台,酒、饮料和精制茶制造业,C15,2014-10,07/03/2014,0.10312,9892,27622,133,279,29,378,476,220,97,159,983185,2256
600519,贵州茅台,酒、饮料和精制茶制造业,C15,2014-11,14/03/2014,-0.009789,10073,28673,19,43,2,145,483,170,109,204,787264,1575
600519,贵州茅台,酒、饮料和精制茶制造业,C15,2014-12,21/03/2014,0.045951,9791,28357,106,401,23,733,468,192,86,190,827938,1344
600519,贵州茅台,酒、饮料和精制茶制造业,C15,2014-13,28/03/2014,-0.109452,9945,29297,276,329,92,1105,687,268,141,278,1325820,1931
600519,贵州茅台,酒、饮料和精制茶制造业,C15,2014-14,04/04/2014,0.074817,8714,24593,33,51,3,134,338,135,75,128,649035,1038
600519,贵州茅台,酒、饮料和精制茶制造业,C15,2014-15,11/04/2014,0.073266,7617,22493,124,278,30,467,268,122,45,101,572514,1366
600519,贵州茅台,酒、饮料和精制茶制造业,C15,2014-16,18/04/2014,-0.004373,8866,24499,,,,,234,101,55,78,563668,1476
600519,贵州茅台,酒、饮料和精制茶制造业,C15,2014-17,25/04/2014,-0.060578,8842,26027,185,265,49,1041,382,141,82,159,1031856,3114
600519,贵州茅台,酒、饮料和精制茶制造业,C15,2014-18,30/04/2014,-0.004918,,,,,,,,,,,,
600519,贵州茅台,酒、饮料和精制茶制造业,C15,2014-19,09/05/2014,-0.019893,8131,22680,,,,,253,78,81,94,779088,3289
600519,贵州茅台,酒、饮料和精制茶制造业,C15,2014-20,16/05/2014,-0.033993,8062,22397,11,34,7,159,338,100,85,153,1472615,5591
600519,贵州茅台,酒、饮料和精制茶制造业,C15,2014-21,23/05/2014,-0.018433,8861,24472,57,261,23,677,435,158,96,181,2626965,10591
600519,贵州茅台,酒、饮料和精制茶制造业,C15,2014-22,30/05/2014,0.006041,7202,21750,,,,,161,58,40,63,1508051,5434
600519,贵州茅台,酒、饮料和精制茶制造业,C15,2014-23,06/06/2014,0.002415,5411,18939,,,,,126,56,25,45,1355067,4500
600519,贵州茅台,酒、饮料和精制茶制造业,C15,2014-24,13/06/2014,-0.005078,6249,20806,,,,,140,65,26,49,552560,865
600519,贵州茅台,酒、饮料和精制茶制造业,C15,2014-25,20/06/2014,0.002421,6352,20134,5,22,0,30,132,60,25,47,505674,610
600519,贵州茅台,酒、饮料和精制茶制造业,C15,2014-26,27/06/2014,0.036637,8335,22373,18,68,6,152,372,153,63,156,799444,1709
600519,贵州茅台,酒、饮料和精制茶制造业,C15,2014-27,04/07/2014,0.020943,7575,20992,,,,,224,88,45,91,330943,900
600519,贵州茅台,酒、饮料和精制茶制造业,C15,2014-28,11/07/2014,-0.010117,7380,20876,,,,,209,87,47,75,357591,872
600519,贵州茅台,酒、饮料和精制茶制造业,C15,2014-29,18/07/2014,0.134701,9283,23620,,,,,448,137,94,217,627752,1474
600519,贵州茅台,酒、饮料和精制茶制造业,C15,2014-30,25/07/2014,0.018015,8867,23308,,,,,477,172,120,185,561159,1169
600519,贵州茅台,酒、饮料和精制茶制造业,C15,2014-31,01/08/2014,-0.005492,8750,23141,2,3,1,32,305,109,69,127,495950,1096
600519,贵州茅台,酒、饮料和精制茶制造业,C15,2014-32,08/08/2014,-0.005154,8143,21840,,,,,333,127,79,127,457382,1028
600519,贵州茅台,酒、饮料和精制茶制造业,C15,2014-33,15/08/2014,-0.003701,7956,21821,,,,,254,79,59,116,413795,758
600519,贵州茅台,酒、饮料和精制茶制造业,C15,2014-34,22/08/2014,-0.014052,7866,22040,,,,,397,163,89,145,468148,769
600519,贵州茅台,酒、饮料和精制茶制造业,C15,2014-35,29/08/2014,-0.00653,7829,22929,266,288,77,1098,317,126,53,138,557716,633
600519,贵州茅台,酒、饮料和精制茶制造业,C15,2014-36,05/09/2014,0.058649,8141,24185,,,,,203,62,35,106,327788,474
600519,贵州茅台,酒、饮料和精制茶制造业,C15,2014-37,12/09/2014,-0.030207,6828,22086,13,13,2,55,271,90,53,128,373208,545
600519,贵州茅台,酒、饮料和精制茶制造业,C15,2014-38,19/09/2014,-0.009849,7696,21749,,,,,217,78,44,95,325706,534
600519,贵州茅台,酒、饮料和精制茶制造业,C15,2014-39,26/09/2014,0.009077,7461,21352,78,164,8,165,200,89,35,76,333355,601
600519,贵州茅台,酒、饮料和精制茶制造业,C15,2014-40,30/09/2014,-0.001109,,,,,,,,,,,,
600519,贵州茅台,酒、饮料和精制茶制造业,C15,2014-41,10/10/2014,-0.019182,5176,18193,,,,,190,56,47,87,295125,478
600519,贵州茅台,酒、饮料和精制茶制造业,C15,2014-42,17/10/2014,-0.004025,7185,20907,11,53,4,142,203,60,51,92,384487,838
600519,贵州茅台,酒、饮料和精制茶制造业,C15,2014-43,24/10/2014,0.003157,6341,19883,,,,,188,69,33,86,399840,808
600519,贵州茅台,酒、饮料和精制茶制造业,C15,2014-44,31/10/2014,-0.013847,6910,21003,182,185,83,938,261,98,52,111,748888,873
600519,贵州茅台,酒、饮料和精制茶制造业,C15,2014-45,07/11/2014,-0.055144,7793,23583,20,36,12,93,463,139,125,199,1645368,5194
600519,贵州茅台,酒、饮料和精制茶制造业,C15,2014-46,14/11/2014,0.062483,7719,24467,,,,,311,143,42,126,911698,1886
600519,贵州茅台,酒、饮料和精制茶制造业,C15,2014-47,21/11/2014,-0.026448,8737,27335,18,59,7,190,441,152,95,194,811578,936
600519,贵州茅台,酒、饮料和精制茶制造业,C15,2014-48,28/11/2014,0.017697,8137,26962,,,,,290,106,72,112,1578978,570
600519,贵州茅台,酒、饮料和精制茶制造业,C15,2014-49,05/12/2014,0.096766,9652,30643,47,102,14,282,267,112,34,121,416726,486
600519,贵州茅台,酒、饮料和精制茶制造业,C15,2014-50,12/12/2014,0.033173,9614,33287,2,26,2,83,197,87,36,74,379251,486
600519,贵州茅台,酒、饮料和精制茶制造业,C15,2014-51,19/12/2014,0.023954,7765,27588,,,,,181,80,33,68,1215575,547
600519,贵州茅台,酒、饮料和精制茶制造业,C15,2014-52,26/12/2014,0.03733,7721,28268,10,11,1,49,243,82,42,119,427033,1068
600519,贵州茅台,酒、饮料和精制茶制造业,C15,2014-53,31/12/2014,0.010929,,,,,,,,,,,,
600519,贵州茅台,酒、饮料和精制茶制造业,C15,2015-02,09/01/2015,0.003639,8501,33065,,,,,195,72,22,101,343201,647
600519,贵州茅台,酒、饮料和精制茶制造业,C15,2015-03,16/01/2015,-0.022069,7312,27277,30,52,14,136,150,58,23,69,222761,338
600519,贵州茅台,酒、饮料和精制茶制造业,C15,2015-04,23/01/2015,-0.027349,7463,27436,,,,,140,62,24,54,317057,255
600519,贵州茅台,酒、饮料和精制茶制造业,C15,2015-05,30/01/2015,-0.021213,6836,25744,,,,,115,58,14,43,202213,238
600519,贵州茅台,酒、饮料和精制茶制造业,C15,2015-06,06/02/2015,-0.014561,6671,26497,,,,,133,61,12,60,195306,260
600519,贵州茅台,酒、饮料和精制茶制造业,C15,2015-07,13/02/2015,0.045189,6652,29901,,,,,140,72,23,45,287235,300
600519,贵州茅台,酒、饮料和精制茶制造业,C15,2015-08,17/02/2015,-0.00148,,,,,,,,,,,,
600519,贵州茅台,酒、饮料和精制茶制造业,C15,2015-09,27/02/2015,0.048458,5040,25713,8,10,2,88,114,42,25,47,238746,391
600519,贵州茅台,酒、饮料和精制茶制造业,C15,2015-10,06/03/2015,-0.03889,6813,23968,,,,,150,51,31,68,266591,606
600519,贵州茅台,酒、饮料和精制茶制造业,C15,2015-11,13/03/2015,0.034256,6492,21477,24,26,4,122,169,73,25,71,283032,430
600519,贵州茅台,酒、饮料和精制茶制造业,C15,2015-12,20/03/2015,0.017061,7285,24714,,,,,222,79,42,101,512785,1146
600519,贵州茅台,酒、饮料和精制茶制造业,C15,2015-13,27/03/2015,0.007248,7476,24190,7,17,0,58,236,94,33,109,479865,940
600519,贵州茅台,酒、饮料和精制茶制造业,C15,2015-14,03/04/2015,0.011617,7421,24118,6,15,0,89,325,118,83,124,706054,1067
600519,贵州茅台,酒、饮料和精制茶制造业,C15,2015-15,10/04/2015,0.017326,7360,23903,24,101,0,143,483,156,125,202,787922,1611
600519,贵州茅台,酒、饮料和精制茶制造业,C15,2015-16,17/04/2015,0.161522,10994,37960,25,166,1,251,558,210,84,264,954261,1445
600519,贵州茅台,酒、饮料和精制茶制造业,C15,2015-17,24/04/2015,0.111498,15479,58592,231,314,63,1094,802,300,140,362,1926342,1988
600519,贵州茅台,酒、饮料和精制茶制造业,C15,2015-18,30/04/2015,-0.024218,,,,,,,,,,,,
600519,贵州茅台,酒、饮料和精制茶制造业,C15,2015-19,08/05/2015,0.007691,8218,33698,,,,,329,124,52,153,532617,591
600519,贵州茅台,酒、饮料和精制茶制造业,C15,2015-20,15/05/2015,-0.035409,9109,32978,,,,,355,136,59,160,533078,739
600519,贵州茅台,酒、饮料和精制茶制造业,C15,2015-21,22/05/2015,0.125178,8938,31034,5,10,0,83,391,129,68,194,690804,818
600519,贵州茅台,酒、饮料和精制茶制造业,C15,2015-22,29/05/2015,-0.043609,11669,43531,28,14,3,73,343,136,57,150,688651,627
600519,贵州茅台,酒、饮料和精制茶制造业,C15,2015-23,05/06/2015,-0.037865,9548,34519,,,,,347,111,76,160,752028,760
600519,贵州茅台,酒、饮料和精制茶制造业,C15,2015-24,12/06/2015,0.047904,10083,34395,,,,,331,122,60,149,655376,621
600519,贵州茅台,酒、饮料和精制茶制造业,C15,2015-25,19/06/2015,-0.115376,9555,34647,,,,,423,119,103,201,793189,922
600519,贵州茅台,酒、饮料和精制茶制造业,C15,2015-26,26/06/2015,0.030343,9192,34508,,,,,305,101,58,146,577158,770
600519,贵州茅台,酒、饮料和精制茶制造业,C15,2015-27,03/07/2015,0.030357,13388,49917,,,,,406,145,53,208,736905,796
600519,贵州茅台,酒、饮料和精制茶制造业,C15,2015-28,10/07/2015,0.063168,15533,65524,,,,,618,176,150,292,1143310,1742
600519,贵州茅台,酒、饮料和精制茶制造业,C15,2015-29,17/07/2015,-0.038017,14045,53811,43,132,2,191,498,140,122,236,1157268,2231
600519,贵州茅台,酒、饮料和精制茶制造业,C15,2015-30,24/07/2015,-0.039774,11149,40698,,,,,426,129,83,214,714629,673
600519,贵州茅台,酒、饮料和精制茶制造业,C15,2015-31,31/07/2015,-0.056476,10107,36228,4,15,2,89,284,90,60,134,547996,495
600519,贵州茅台,酒、饮料和精制茶制造业,C15,2015-32,07/08/2015,0.000483,9463,31674,,,,,251,81,62,108,487700,459
600519,贵州茅台,酒、饮料和精制茶制造业,C15,2015-33,14/08/2015,0.014739,8311,27178,,,,,186,71,38,77,526468,211
600519,贵州茅台,酒、饮料和精制茶制造业,C15,2015-34,21/08/2015,-0.11263,8955,28640,6,10,1,82,297,87,86,124,585815,572
600519,贵州茅台,酒、饮料和精制茶制造业,C15,2015-35,28/08/2015,0.033918,12104,45100,158,112,33,572,389,151,67,171,867872,936
600519,贵州茅台,酒、饮料和精制茶制造业,C15,2015-36,02/09/2015,0.010174,,,,,,,,,,,,
600519,贵州茅台,酒、饮料和精制茶制造业,C15,2015-37,11/09/2015,-0.008735,7783,28403,,,,,169,58,25,86,285077,201
600519,贵州茅台,酒、饮料和精制茶制造业,C15,2015-38,18/09/2015,0.033798,8312,29682,,,,,253,89,40,124,612867,775
600519,贵州茅台,酒、饮料和精制茶制造业,C15,2015-39,25/09/2015,-0.029935,6808,26479,,,,,185,49,34,102,294483,274
600519,贵州茅台,酒、饮料和精制茶制造业,C15,2015-40,30/09/2015,-0.016282,,,,,,,,,,,,
600519,贵州茅台,酒、饮料和精制茶制造业,C15,2015-41,09/10/2015,0.03489,4026,16323,12,21,1,48,66,24,13,29,211551,307
600519,贵州茅台,酒、饮料和精制茶制造业,C15,2015-42,16/10/2015,0.019243,6569,21123,,,,,144,51,19,74,218641,213
600519,贵州茅台,酒、饮料和精制茶制造业,C15,2015-43,23/10/2015,0.051011,7048,22703,177,118,38,685,231,90,30,111,416488,745
600519,贵州茅台,酒、饮料和精制茶制造业,C15,2015-44,30/10/2015,0.013651,7120,22758,65,45,9,199,189,71,39,79,512212,1019
600519,贵州茅台,酒、饮料和精制茶制造业,C15,2015-45,06/11/2015,0.021322,6424,22359,,,,,205,56,32,117,376952,1145
600519,贵州茅台,酒、饮料和精制茶制造业,C15,2015-46,13/11/2015,-0.015154,6281,21494,,,,,213,70,35,108,1329231,1792
600519,贵州茅台,酒、饮料和精制茶制造业,C15,2015-47,20/11/2015,-0.006462,5849,20568,,,,,300,52,34,214,421623,1165
600519,贵州茅台,酒、饮料和精制茶制造业,C15,2015-48,27/11/2015,-0.027981,5387,19612,,,,,229,77,33,119,419211,1453
600519,贵州茅台,酒、饮料和精制茶制造业,C15,2015-49,04/12/2015,0.03644,6076,20817,,,,,139,68,10,61,307550,722
600519,贵州茅台,酒、饮料和精制茶制造业,C15,2015-50,11/12/2015,-0.018113,5251,19561,,,,,95,43,19,33,445051,646
600519,贵州茅台,酒、饮料和精制茶制造业,C15,2015-51,18/12/2015,0.025874,4928,19818,,,,,95,49,13,33,489088,441
600519,贵州茅台,酒、饮料和精制茶制造业,C15,2015-52,25/12/2015,0.035135,6238,23417,6,13,1,85,134,56,23,55,900297,724
600519,贵州茅台,酒、饮料和精制茶制造业,C15,2015-53,31/12/2015,-0.028107,,,,,,,,,,,,
600519,贵州茅台,酒、饮料和精制茶制造业,C15,2016-02,08/01/2016,-0.062148,7063,26855,,,,,124,46,21,57,426812,688
600519,贵州茅台,酒、饮料和精制茶制造业,C15,2016-03,15/01/2016,-0.027513,7318,28895,,,,,161,68,33,60,1206686,3387
600519,贵州茅台,酒、饮料和精制茶制造业,C15,2016-04,22/01/2016,0.018794,6496,28047,,,,,127,50,14,63,421015,481
600519,贵州茅台,酒、饮料和精制茶制造业,C15,2016-05,29/01/2016,-0.010309,6339,30339,,,,,140,54,26,60,517060,802
600519,贵州茅台,酒、饮料和精制茶制造业,C15,2016-06,05/02/2016,0.016048,4698,31225,,,,,81,35,13,33,770206,550
600519,贵州茅台,酒、饮料和精制茶制造业,C15,2016-08,19/02/2016,-0.003728,4882,24317,,,,,133,50,18,65,476537,828
600519,贵州茅台,酒、饮料和精制茶制造业,C15,2016-09,26/02/2016,0.067599,5793,23427,,,,,104,51,15,38,715130,742
600519,贵州茅台,酒、饮料和精制茶制造业,C15,2016-10,04/03/2016,0.101181,6556,23847,,,,,146,55,27,64,1066177,1698
600519,贵州茅台,酒、饮料和精制茶制造业,C15,2016-11,11/03/2016,-0.044937,6487,22819,,,,,102,43,10,49,669403,2932
600519,贵州茅台,酒、饮料和精制茶制造业,C15,2016-12,18/03/2016,-0.008989,6352,22537,,,,,154,43,22,89,932635,4682
600519,贵州茅台,酒、饮料和精制茶制造业,C15,2016-13,25/03/2016,0.083982,7514,28448,,,,,354,153,40,161,2519311,5550
600519,贵州茅台,酒、饮料和精制茶制造业,C15,2016-14,01/04/2016,0.000449,7038,25232,,,,,257,111,32,114,1700531,2349
600519,贵州茅台,酒、饮料和精制茶制造业,C15,2016-15,08/04/2016,0.019462,5758,22201,,,,,150,60,17,73,628712,691
600519,贵州茅台,酒、饮料和精制茶制造业,C15,2016-16,15/04/2016,-0.019851,6813,24145,,,,,210,72,39,99,637669,1021
600519,贵州茅台,酒、饮料和精制茶制造业,C15,2016-17,22/04/2016,0.010208,5464,20621,,,,,130,68,9,53,862230,830
600519,贵州茅台,酒、饮料和精制茶制造业,C15,2016-18,29/04/2016,0.01536,5636,22717,,,,,1548,781,13,754,956967,1126
600519,贵州茅台,酒、饮料和精制茶制造业,C15,2016-19,06/05/2016,0.004061,6377,26057,,,,,1221,516,10,695,640455,1528
600519,贵州茅台,酒、饮料和精制茶制造业,C15,2016-20,13/05/2016,-0.004996,6622,25038,,,,,780,176,16,588,554991,904
600519,贵州茅台,酒、饮料和精制茶制造业,C15,2016-21,20/05/2016,0.001195,6153,22880,,,,,779,146,51,582,661679,869
600519,贵州茅台,酒、饮料和精制茶制造业,C15,2016-22,27/05/2016,0.004696,5441,21867,,,,,536,96,73,367,388624,656
600519,贵州茅台,酒、饮料和精制茶制造业,C15,2016-23,03/06/2016,0.124584,6299,24613,,,,,704,108,26,570,1009231,1814
600519,贵州茅台,酒、饮料和精制茶制造业,C15,2016-24,08/06/2016,-0.033851,,,,,,,,,,,,
600519,贵州茅台,酒、饮料和精制茶制造业,C15,2016-25,17/06/2016,0.014511,6308,23609,,,,,202,84,22,96,325785,290
600519,贵州茅台,酒、饮料和精制茶制造业,C15,2016-26,24/06/2016,-0.016136,5432,21218,,,,,144,63,15,66,378737,959
600519,贵州茅台,酒、饮料和精制茶制造业,C15,2016-27,01/07/2016,0.067834,7336,24607,,,,,233,76,35,122,237692,300
600519,贵州茅台,酒、饮料和精制茶制造业,C15,2016-28,08/07/2016,0.082958,9711,34279,,,,,565,221,65,279,780618,1601
600519,贵州茅台,酒、饮料和精制茶制造业,C15,2016-29,15/07/2016,0.024556,8677,30362,,,,,277,96,45,136,267978,394
600519,贵州茅台,酒、饮料和精制茶制造业,C15,2016-30,22/07/2016,-0.030234,7647,26109,,,,,226,73,50,103,405396,364
600519,贵州茅台,酒、饮料和精制茶制造业,C15,2016-31,29/07/2016,0.016985,7802,25879,,,,,211,75,44,92,177982,188
600519,贵州茅台,酒、饮料和精制茶制造业,C15,2016-32,05/08/2016,-0.023056,7396,24220,,,,,223,86,34,103,237845,314
600519,贵州茅台,酒、饮料和精制茶制造业,C15,2016-33,12/08/2016,0.036087,7232,23325,,,,,210,79,38,93,157233,206
600519,贵州茅台,酒、饮料和精制茶制造业,C15,2016-34,19/08/2016,-0.033095,7571,24939,,,,,253,89,43,121,185329,199
600519,贵州茅台,酒、饮料和精制茶制造业,C15,2016-35,26/08/2016,-0.016412,7007,23266,,,,,240,97,31,112,253534,249
600519,贵州茅台,酒、饮料和精制茶制造业,C15,2016-36,02/09/2016,0.014364,7239,24309,,,,,188,82,12,94,236099,172
600519,贵州茅台,酒、饮料和精制茶制造业,C15,2016-37,09/09/2016,-0.003761,6433,23902,,,,,155,57,22,76,141372,70
600519,贵州茅台,酒、饮料和精制茶制造业,C15,2016-38,14/09/2016,-0.01661,,,,,,,,,,,,
600519,贵州茅台,酒、饮料和精制茶制造业,C15,2016-39,23/09/2016,-0.006309,6319,22636,,,,,200,77,30,93,163955,133
600519,贵州茅台,酒、饮料和精制茶制造业,C15,2016-40,30/09/2016,0.000773,6117,21751,,,,,366,253,52,61,206367,110
600519,贵州茅台,酒、饮料和精制茶制造业,C15,2016-42,14/10/2016,0.025813,5711,21295,,,,,282,175,50,57,153273,182
600519,贵州茅台,酒、饮料和精制茶制造业,C15,2016-43,21/10/2016,-0.004614,5548,20932,,,,,204,129,29,46,118392,148
600519,贵州茅台,酒、饮料和精制茶制造业,C15,2016-44,28/10/2016,0.042276,6524,22531,,,,,281,153,36,92,208000,256
600519,贵州茅台,酒、饮料和精制茶制造业,C15,2016-45,04/11/2016,-0.007034,6627,21840,,,,,132,59,13,60,270588,98
600519,贵州茅台,酒、饮料和精制茶制造业,C15,2016-46,11/11/2016,0.000826,6302,21370,,,,,143,77,12,54,143906,140
600519,贵州茅台,酒、饮料和精制茶制造业,C15,2016-47,18/11/2016,-0.016123,5679,21157,,,,,156,85,21,50,102480,75
600519,贵州茅台,酒、饮料和精制茶制造业,C15,2016-48,25/11/2016,0.022226,6028,20979,,,,,124,56,18,50,79068,69
600519,贵州茅台,酒、饮料和精制茶制造业,C15,2016-49,02/12/2016,0.0154,6511,22385,,,,,183,87,23,73,156477,124
600519,贵州茅台,酒、饮料和精制茶制造业,C15,2016-50,09/12/2016,0.049694,7285,25573,,,,,243,96,31,116,190407,292
600519,贵州茅台,酒、饮料和精制茶制造业,C15,2016-51,16/12/2016,-0.03014,7843,28902,,,,,205,71,39,95,238833,688
600519,贵州茅台,酒、饮料和精制茶制造业,C15,2016-52,23/12/2016,-0.023048,6708,27005,,,,,228,87,34,107,278301,363
600519,贵州茅台,酒、饮料和精制茶制造业,C15,2016-53,30/12/2016,0.044121,6409,27237,,,,,215,101,22,92,183130,168
600547,山东黄金,有色金属矿采选业,B09,2014-01,03/01/2014,0.046957,4495,12222,9,55,7,116,272,96,62,114,531391,958
600547,山东黄金,有色金属矿采选业,B09,2014-02,10/01/2014,-0.086932,9538,24077,,,,,526,182,153,191,703086,1302
600547,山东黄金,有色金属矿采选业,B09,2014-03,17/01/2014,-0.070346,9115,22495,,,,,653,181,216,256,805056,2023
600547,山东黄金,有色金属矿采选业,B09,2014-04,24/01/2014,0.063927,8584,21195,,,,,378,136,89,153,562537,1728
600547,山东黄金,有色金属矿采选业,B09,2014-05,30/01/2014,0.011036,,,,,,,,,,,,
600547,山东黄金,有色金属矿采选业,B09,2014-06,07/02/2014,-0.015767,3625,12207,,,,,110,45,24,41,179125,181
600547,山东黄金,有色金属矿采选业,B09,2014-07,14/02/2014,0.070856,10352,27405,,,,,408,162,73,173,555184,973
600547,山东黄金,有色金属矿采选业,B09,2014-08,21/02/2014,-0.028769,10090,26751,,,,,305,118,64,123,426550,728
600547,山东黄金,有色金属矿采选业,B09,2014-09,28/02/2014,0.116706,11364,30246,,,,,549,231,85,233,944304,1670
600547,山东黄金,有色金属矿采选业,B09,2014-10,07/03/2014,-0.017507,13766,35857,,,,,483,186,90,207,714990,1040
600547,山东黄金,有色金属矿采选业,B09,2014-11,14/03/2014,0.00324,12489,30797,,,,,457,188,114,155,678741,1312
600547,山东黄金,有色金属矿采选业,B09,2014-12,21/03/2014,-0.073197,11042,26859,,,,,364,110,96,158,579768,898
600547,山东黄金,有色金属矿采选业,B09,2014-13,28/03/2014,-0.038908,9583,21991,,,,,174,55,48,71,275249,451
600547,山东黄金,有色金属矿采选业,B09,2014-14,04/04/2014,0.01571,8308,20026,,,,,128,58,20,50,221382,283
600547,山东黄金,有色金属矿采选业,B09,2014-15,11/04/2014,0.030339,8008,18997,,,,,136,69,22,45,219169,277
600547,山东黄金,有色金属矿采选业,B09,2014-16,18/04/2014,-0.034642,8782,20189,,,,,157,58,40,59,254322,386
600547,山东黄金,有色金属矿采选业,B09,2014-17,25/04/2014,-0.014952,8419,19553,,,,,104,39,21,44,175922,221
600547,山东黄金,有色金属矿采选业,B09,2014-18,30/04/2014,-0.025501,,,,,,,,,,,,
600547,山东黄金,有色金属矿采选业,B09,2014-19,09/05/2014,-0.010592,8430,21222,7,10,2,22,142,51,43,48,194539,316
600547,山东黄金,有色金属矿采选业,B09,2014-20,16/05/2014,0.001259,8756,20532,,,,,101,42,23,36,153308,192
600547,山东黄金,有色金属矿采选业,B09,2014-21,23/05/2014,0.000629,8002,18569,2,12,1,18,100,43,24,33,232539,228
600547,山东黄金,有色金属矿采选业,B09,2014-22,30/05/2014,-0.028284,6991,19652,,,,,180,57,60,63,244864,259
600547,山东黄金,有色金属矿采选业,B09,2014-23,06/06/2014,-0.001294,6077,15342,,,,,65,28,13,24,128989,124
600547,山东黄金,有色金属矿采选业,B09,2014-24,13/06/2014,0.003238,7240,17328,,,,,69,36,15,18,124360,128
600547,山东黄金,有色金属矿采选业,B09,2014-25,20/06/2014,0.003873,7867,18377,,,,,165,48,44,73,298284,436
600547,山东黄金,有色金属矿采选业,B09,2014-26,27/06/2014,-0.005788,7778,18039,,,,,118,43,31,44,178380,264
600547,山东黄金,有色金属矿采选业,B09,2014-27,04/07/2014,0.020699,7961,18273,,,,,106,44,29,33,182342,230
600547,山东黄金,有色金属矿采选业,B09,2014-28,11/07/2014,0.006337,7807,17632,,,,,121,48,28,45,174540,245
600547,山东黄金,有色金属矿采选业,B09,2014-29,18/07/2014,0.002519,8242,19413,,,,,230,90,42,98,262063,279
600547,山东黄金,有色金属矿采选业,B09,2014-30,25/07/2014,0.035398,8681,20378,,,,,453,222,77,154,456678,328
600547,山东黄金,有色金属矿采选业,B09,2014-31,31/07/2014,0.010379,,,,,,,,,,,,
600547,山东黄金,有色金属矿采选业,B09,2014-48,28/11/2014,0.100302,11484,38252,26,146,4,314,832,336,122,374,3055363,3005
600547,山东黄金,有色金属矿采选业,B09,2014-49,05/12/2014,0.106535,23832,77760,,,,,1241,381,277,583,2228376,3420
600547,山东黄金,有色金属矿采选业,B09,2014-50,12/12/2014,0.014888,18580,61598,16,77,10,222,677,235,127,315,1036893,1913
600547,山东黄金,有色金属矿采选业,B09,2014-51,19/12/2014,-0.017115,14659,43133,,,,,719,214,190,315,1031622,2233
600547,山东黄金,有色金属矿采选业,B09,2014-52,26/12/2014,-0.010448,13600,39518,,,,,572,174,142,256,804184,1463
600547,山东黄金,有色金属矿采选业,B09,2014-53,31/12/2014,-0.002011,,,,,,,,,,,,
600547,山东黄金,有色金属矿采选业,B09,2015-02,09/01/2015,0.138539,19215,61698,,,,,883,328,184,371,1437166,2618
600547,山东黄金,有色金属矿采选业,B09,2015-03,16/01/2015,0.039823,16836,51855,,,,,935,329,169,437,1383906,3198
600547,山东黄金,有色金属矿采选业,B09,2015-04,23/01/2015,0.203404,24551,89536,,,,,1310,468,222,620,2122389,4319
600547,山东黄金,有色金属矿采选业,B09,2015-05,30/01/2015,-0.092999,19499,68575,7,11,2,48,688,222,142,324,1368629,2836
600547,山东黄金,有色金属矿采选业,B09,2015-06,06/02/2015,-0.047173,15794,53146,,,,,598,181,123,294,1008027,1745
600547,山东黄金,有色金属矿采选业,B09,2015-07,13/02/2015,0,13252,42816,7,14,2,51,331,107,78,146,643440,942
600547,山东黄金,有色金属矿采选业,B09,2015-08,17/02/2015,0.00491,,,,,,,,,,,,
600547,山东黄金,有色金属矿采选业,B09,2015-09,27/02/2015,0.04316,8996,27292,,,,,172,74,24,74,928698,1642
600547,山东黄金,有色金属矿采选业,B09,2015-10,06/03/2015,-0.034738,14143,42856,,,,,331,121,76,134,924519,2974
600547,山东黄金,有色金属矿采选业,B09,2015-11,13/03/2015,-0.014962,12700,37104,,,,,396,151,90,155,591623,1446
600547,山东黄金,有色金属矿采选业,B09,2015-12,20/03/2015,0.081281,16150,50546,,,,,457,172,74,211,1005398,1684
600547,山东黄金,有色金属矿采选业,B09,2015-13,27/03/2015,0.052392,18882,60566,38,144,22,246,580,234,101,245,1385123,2175
600547,山东黄金,有色金属矿采选业,B09,2015-14,03/04/2015,-0.018398,17115,52814,7,23,8,75,795,237,193,365,1311976,1834
600547,山东黄金,有色金属矿采选业,B09,2015-15,10/04/2015,-0.002573,16113,50962,19,41,4,80,694,186,143,365,1402925,2771
600547,山东黄金,有色金属矿采选业,B09,2015-16,17/04/2015,0.080324,19997,67487,,,,,1161,347,223,591,1980465,2445
600547,山东黄金,有色金属矿采选业,B09,2015-17,24/04/2015,0.023874,21593,79518,,,,,1188,360,276,552,2072379,2864
600547,山东黄金,有色金属矿采选业,B09,2015-18,30/04/2015,0.08028,,,,,,,,,,,,
600547,山东黄金,有色金属矿采选业,B09,2015-19,08/05/2015,-0.106691,20753,77551,5,11,2,46,1266,410,298,558,2101341,3777
600547,山东黄金,有色金属矿采选业,B09,2015-20,15/05/2015,0.023818,19397,72384,,,,,863,259,195,409,1167885,2360
600547,山东黄金,有色金属矿采选业,B09,2015-21,22/05/2015,0.058665,18299,66623,,,,,986,350,211,425,1335393,2515
600547,山东黄金,有色金属矿采选业,B09,2015-22,29/05/2015,-0.090764,22443,88109,,,,,1236,386,292,558,2110680,3280
600547,山东黄金,有色金属矿采选业,B09,2015-23,05/06/2015,0.07951,19629,72690,,,,,830,263,201,366,1330774,1999
600547,山东黄金,有色金属矿采选业,B09,2015-24,12/06/2015,-0.003245,19824,71184,,,,,763,265,189,309,1263096,2183
600547,山东黄金,有色金属矿采选业,B09,2015-25,19/06/2015,0.030372,23470,91550,,,,,865,305,178,382,1758960,2003
600547,山东黄金,有色金属矿采选业,B09,2015-26,26/06/2015,-0.18225,17019,66062,,,,,699,193,196,310,1136573,1795
600547,山东黄金,有色金属矿采选业,B09,2015-27,03/07/2015,-0.28062,19878,78688,,,,,782,166,241,375,1112922,1953
600547,山东黄金,有色金属矿采选业,B09,2015-28,10/07/2015,0.037177,20007,83864,,,,,521,143,136,242,1231263,1361
600547,山东黄金,有色金属矿采选业,B09,2015-29,17/07/2015,0.007273,17025,69916,,,,,289,61,81,147,695631,837
600547,山东黄金,有色金属矿采选业,B09,2015-30,24/07/2015,0.004126,16199,62837,,,,,434,127,105,202,952444,1408
600547,山东黄金,有色金属矿采选业,B09,2015-31,31/07/2015,-0.102209,14537,52764,,,,,339,114,80,145,702012,1887
600547,山东黄金,有色金属矿采选业,B09,2015-32,07/08/2015,0.054348,13281,45073,,,,,345,119,71,155,826187,894
600547,山东黄金,有色金属矿采选业,B09,2015-33,14/08/2015,0.23006,20090,87922,,,,,783,228,172,383,1783982,1678
600547,山东黄金,有色金属矿采选业,B09,2015-34,21/08/2015,-0.026026,16503,69154,,,,,620,232,123,265,1160871,1505
600547,山东黄金,有色金属矿采选业,B09,2015-35,28/08/2015,-0.15625,17197,83305,14,36,15,129,665,189,157,319,938481,1288
600547,山东黄金,有色金属矿采选业,B09,2015-36,02/09/2015,-0.085883,,,,,,,,,,,,
600547,山东黄金,有色金属矿采选业,B09,2015-37,11/09/2015,0.015854,10281,35298,,,,,346,124,63,159,488520,555
600547,山东黄金,有色金属矿采选业,B09,2015-38,18/09/2015,-0.031214,10361,36556,,,,,322,97,75,150,641538,639
600547,山东黄金,有色金属矿采选业,B09,2015-39,22/09/2015,0.033413,,,,,,,,,,,,
600547,山东黄金,有色金属矿采选业,B09,2015-41,09/10/2015,0.119515,7131,22268,,,,,376,116,71,189,628415,946
600547,山东黄金,有色金属矿采选业,B09,2015-42,16/10/2015,0.028881,12260,39794,7,16,6,44,663,169,172,322,849286,1388
600547,山东黄金,有色金属矿采选业,B09,2015-43,23/10/2015,-0.045113,9993,31370,,,,,439,128,105,206,562183,1396
600547,山东黄金,有色金属矿采选业,B09,2015-44,30/10/2015,-0.041995,9715,29677,,,,,421,143,95,183,651932,1575
600547,山东黄金,有色金属矿采选业,B09,2015-45,06/11/2015,0.062466,9206,28539,,,,,404,135,77,192,636449,1156
600547,山东黄金,有色金属矿采选业,B09,2015-46,13/11/2015,-0.001547,12225,47235,,,,,688,225,135,328,1074988,2105
600547,山东黄金,有色金属矿采选业,B09,2015-47,20/11/2015,0.017045,12343,40850,,,,,729,216,190,323,738797,1366
600547,山东黄金,有色金属矿采选业,B09,2015-48,27/11/2015,-0.036567,11651,38647,,,,,616,182,143,291,743090,1205
600547,山东黄金,有色金属矿采选业,B09,2015-49,04/12/2015,0.000527,10069,31175,,,,,469,156,106,207,521254,998
600547,山东黄金,有色金属矿采选业,B09,2015-50,11/12/2015,0.097471,12302,36800,,,,,506,184,92,230,1254181,1560
600547,山东黄金,有色金属矿采选业,B09,2015-51,18/12/2015,0.042247,13602,46482,,,,,686,193,140,353,1530913,1830
600547,山东黄金,有色金属矿采选业,B09,2015-52,25/12/2015,-0.019807,10545,33465,,,,,393,84,98,211,965448,1197
600547,山东黄金,有色金属矿采选业,B09,2015-53,31/12/2015,-0.013158,,,,,,,,,,,,
600547,山东黄金,有色金属矿采选业,B09,2016-02,08/01/2016,0.078571,11944,40563,,,,,472,147,95,230,1286893,1739
600547,山东黄金,有色金属矿采选业,B09,2016-03,15/01/2016,-0.211921,11843,41330,,,,,594,178,129,287,1588836,1851
600547,山东黄金,有色金属矿采选业,B09,2016-04,22/01/2016,0.029132,8598,30066,,,,,379,126,53,200,614327,633
600547,山东黄金,有色金属矿采选业,B09,2016-05,29/01/2016,-0.091453,8453,29453,,,,,340,103,59,178,1133984,1417
600547,山东黄金,有色金属矿采选业,B09,2016-06,05/02/2016,0.237867,8068,28627,,,,,383,136,67,180,2107601,4244
600547,山东黄金,有色金属矿采选业,B09,2016-08,19/02/2016,0.049855,13798,59069,,,,,886,266,145,475,3112898,2392
600547,山东黄金,有色金属矿采选业,B09,2016-09,26/02/2016,0.144306,13324,53460,,,,,1016,351,206,459,2690434,1977
600547,山东黄金,有色金属矿采选业,B09,2016-10,04/03/2016,0.119662,15983,69280,,,,,1194,471,186,537,3026453,2435
600547,山东黄金,有色金属矿采选业,B09,2016-11,11/03/2016,0.00072,15220,69067,,,,,943,352,146,445,2536119,2703
600547,山东黄金,有色金属矿采选业,B09,2016-12,18/03/2016,-0.019777,12337,54271,,,,,609,153,129,327,1567725,1827
600547,山东黄金,有色金属矿采选业,B09,2016-13,25/03/2016,-0.0719,10955,45847,,,,,627,176,131,320,1412445,1014
600547,山东黄金,有色金属矿采选业,B09,2016-14,01/04/2016,0.059289,9671,38063,,,,,428,162,69,197,1562047,901
600547,山东黄金,有色金属矿采选业,B09,2016-15,08/04/2016,0.114552,8877,33972,,,,,463,163,94,206,1999274,1362
600547,山东黄金,有色金属矿采选业,B09,2016-16,15/04/2016,-0.001674,12390,49608,,,,,580,202,89,289,1796978,1370
600547,山东黄金,有色金属矿采选业,B09,2016-17,22/04/2016,-0.013749,10022,39876,,,,,563,177,115,271,1484100,2466
600547,山东黄金,有色金属矿采选业,B09,2016-18,29/04/2016,0.036722,10500,40451,,,,,2060,935,95,1030,1542902,1053
600547,山东黄金,有色金属矿采选业,B09,2016-19,06/05/2016,0.033454,10976,41880,,,,,1528,576,83,869,1143991,1238
600547,山东黄金,有色金属矿采选业,B09,2016-20,13/05/2016,-0.000952,10282,39283,,,,,1018,257,82,679,923859,1282
600547,山东黄金,有色金属矿采选业,B09,2016-21,20/05/2016,-0.031131,10552,42437,,,,,1135,232,119,784,1276132,1047
600547,山东黄金,有色金属矿采选业,B09,2016-22,27/05/2016,-0.032787,8164,32889,,,,,733,132,140,461,844046,462
600547,山东黄金,有色金属矿采选业,B09,2016-23,03/06/2016,-0.005424,7812,30885,,,,,856,130,80,646,1101853,839
600547,山东黄金,有色金属矿采选业,B09,2016-24,08/06/2016,0.064417,,,,,,,,,,,,
600547,山东黄金,有色金属矿采选业,B09,2016-25,17/06/2016,0.191803,15837,65062,,,,,1079,396,186,497,2286825,1818
600547,山东黄金,有色金属矿采选业,B09,2016-26,24/06/2016,0.044989,13780,61383,,,,,1418,413,269,736,2320909,2491
600547,山东黄金,有色金属矿采选业,B09,2016-27,01/07/2016,0.052075,16770,73986,,,,,1440,472,226,742,1566663,2617
600547,山东黄金,有色金属矿采选业,B09,2016-28,08/07/2016,0.140162,18629,97342,,,,,1476,486,311,679,1255583,2332
600547,山东黄金,有色金属矿采选业,B09,2016-29,15/07/2016,0.012465,15677,88256,,,,,909,290,191,428,1046011,1501
600547,山东黄金,有色金属矿采选业,B09,2016-30,22/07/2016,-0.079601,12994,67607,,,,,790,198,208,384,811680,1181
600547,山东黄金,有色金属矿采选业,B09,2016-31,29/07/2016,0.056504,13916,73402,,,,,1042,407,138,497,1376255,2019
600547,山东黄金,有色金属矿采选业,B09,2016-32,05/08/2016,-0.000218,11407,60422,,,,,735,228,133,374,1021569,1702
600547,山东黄金,有色金属矿采选业,B09,2016-33,12/08/2016,-0.058079,12197,64942,,,,,1285,385,243,657,1119340,2167
600547,山东黄金,有色金属矿采选业,B09,2016-34,19/08/2016,-0.006027,9565,52501,,,,,706,177,151,378,617341,813
600547,山东黄金,有色金属矿采选业,B09,2016-35,26/08/2016,-0.017724,8166,42553,,,,,399,117,91,191,545436,1517
600547,山东黄金,有色金属矿采选业,B09,2016-36,02/09/2016,0.00736,8533,40181,,,,,437,138,82,217,595485,613
600547,山东黄金,有色金属矿采选业,B09,2016-37,09/09/2016,-0.014612,8102,38508,,,,,557,134,114,309,519834,670
600547,山东黄金,有色金属矿采选业,B09,2016-38,14/09/2016,-0.047596,,,,,,,,,,,,
600547,山东黄金,有色金属矿采选业,B09,2016-39,23/09/2016,0.00879,7968,36726,,,,,415,125,70,220,458922,776
600547,山东黄金,有色金属矿采选业,B09,2016-40,30/09/2016,-0.049291,7287,31536,,,,,392,84,90,218,325056,417
600547,山东黄金,有色金属矿采选业,B09,2016-42,14/10/2016,-0.024352,7689,34512,,,,,364,95,86,183,329445,518
600547,山东黄金,有色金属矿采选业,B09,2016-43,21/10/2016,0.035695,7684,35124,,,,,237,72,61,104,323594,314
600547,山东黄金,有色金属矿采选业,B09,2016-44,28/10/2016,0.025913,7441,33710,,,,,323,116,67,140,368241,491
600547,山东黄金,有色金属矿采选业,B09,2016-45,04/11/2016,0.076029,8947,48081,,,,,493,155,107,231,493245,602
600547,山东黄金,有色金属矿采选业,B09,2016-46,11/11/2016,-0.004225,10339,68770,,,,,914,246,156,512,1188611,1711
600547,山东黄金,有色金属矿采选业,B09,2016-47,18/11/2016,-0.076143,9341,52611,,,,,679,179,152,348,750578,924
600547,山东黄金,有色金属矿采选业,B09,2016-48,25/11/2016,-0.033937,8244,44201,,,,,682,168,125,389,654039,1007
600547,山东黄金,有色金属矿采选业,B09,2016-49,02/12/2016,0.025357,8322,43085,,,,,537,169,109,259,719145,633
600547,山东黄金,有色金属矿采选业,B09,2016-50,09/12/2016,-0.021381,8090,41801,,,,,507,134,96,277,586880,662
600547,山东黄金,有色金属矿采选业,B09,2016-51,16/12/2016,-0.040537,9139,50351,,,,,974,258,200,516,994180,1192
600547,山东黄金,有色金属矿采选业,B09,2016-52,23/12/2016,-0.028532,7909,37391,,,,,569,134,172,263,465733,564
600547,山东黄金,有色金属矿采选业,B09,2016-53,30/12/2016,0.031065,7727,34939,,,,,433,132,89,212,374799,444
600583,海油工程,开采辅助活动,B11,2014-01,03/01/2014,-0.042526,3216,7075,,,,,85,25,26,34,174202,322
600583,海油工程,开采辅助活动,B11,2014-02,10/01/2014,0.095559,9059,20102,79,146,26,468,408,161,98,149,1039799,1213
600583,海油工程,开采辅助活动,B11,2014-03,17/01/2014,0.001229,9845,22038,55,240,15,323,224,93,35,96,387535,366
600583,海油工程,开采辅助活动,B11,2014-04,24/01/2014,0.055215,8626,18902,47,44,21,199,132,55,30,47,228189,264
600583,海油工程,开采辅助活动,B11,2014-05,30/01/2014,-0.02093,,,,,,,,,,,,
600583,海油工程,开采辅助活动,B11,2014-06,07/02/2014,0.009501,3182,8120,,,,,41,25,6,10,74626,63
600583,海油工程,开采辅助活动,B11,2014-07,14/02/2014,0.021176,9509,21007,6,35,2,49,157,52,58,47,253449,320
600583,海油工程,开采辅助活动,B11,2014-08,21/02/2014,-0.035714,9927,21931,2,17,6,37,230,63,82,85,430245,575
600583,海油工程,开采辅助活动,B11,2014-09,28/02/2014,-0.062127,9279,20827,10,6,3,49,203,65,62,76,301960,333
600583,海油工程,开采辅助活动,B11,2014-10,07/03/2014,-0.005096,8593,19297,,,,,114,33,29,52,193097,259
600583,海油工程,开采辅助活动,B11,2014-11,14/03/2014,0.005122,8228,18208,,,,,103,39,26,38,188486,264
600583,海油工程,开采辅助活动,B11,2014-12,21/03/2014,-0.019108,8852,19782,167,203,61,821,214,85,45,84,435452,476
600583,海油工程,开采辅助活动,B11,2014-13,28/03/2014,-0.011688,8154,18199,,,,,84,32,17,35,160565,121
600583,海油工程,开采辅助活动,B11,2014-14,04/04/2014,0.019711,7207,16010,23,30,10,91,74,27,23,24,187165,153
600583,海油工程,开采辅助活动,B11,2014-15,11/04/2014,0.01933,6772,15181,,,,,49,26,14,9,106835,107
600583,海油工程,开采辅助活动,B11,2014-16,18/04/2014,-0.030341,7246,16058,28,77,8,220,81,21,16,44,174679,228
600583,海油工程,开采辅助活动,B11,2014-17,25/04/2014,-0.049544,7095,16209,,,,,137,49,40,48,269051,430
600583,海油工程,开采辅助活动,B11,2014-18,30/04/2014,-0.002743,,,,,,,,,,,,
600583,海油工程,开采辅助活动,B11,2014-19,09/05/2014,-0.002751,6806,15082,,,,,61,25,20,16,129890,172
600583,海油工程,开采辅助活动,B11,2014-20,16/05/2014,-0.016552,6665,15090,3,16,6,37,88,29,31,28,183920,365
600583,海油工程,开采辅助活动,B11,2014-21,23/05/2014,0.001403,5977,13411,,,,,79,26,19,34,120701,174
600583,海油工程,开采辅助活动,B11,2014-22,30/05/2014,0.026611,6818,15238,,,,,80,34,22,24,154824,303
600583,海油工程,开采辅助活动,B11,2014-23,06/06/2014,-0.038199,5619,12851,,,,,64,18,22,24,114039,151
600583,海油工程,开采辅助活动,B11,2014-24,13/06/2014,0.019858,6123,13549,,,,,50,23,15,12,117472,95
600583,海油工程,开采辅助活动,B11,2014-25,20/06/2014,0.022253,7455,16046,,,,,48,23,8,17,134252,195
600583,海油工程,开采辅助活动,B11,2014-26,27/06/2014,0.005517,6514,14601,,,,,32,12,5,15,73778,86
600583,海油工程,开采辅助活动,B11,2014-27,04/07/2014,0.026063,7602,16824,90,215,38,660,119,48,20,51,250179,229
600583,海油工程,开采辅助活动,B11,2014-28,11/07/2014,-0.01738,7112,16270,,,,,80,27,29,24,137075,147
600583,海油工程,开采辅助活动,B11,2014-29,18/07/2014,-0.012245,6957,15788,,,,,73,26,18,29,171960,194
600583,海油工程,开采辅助活动,B11,2014-30,25/07/2014,0.016529,6847,15248,,,,,74,24,17,33,165299,183
600583,海油工程,开采辅助活动,B11,2014-31,01/08/2014,0.01084,8153,18221,,,,,117,57,22,38,211922,373
600583,海油工程,开采辅助活动,B11,2014-32,08/08/2014,0.018767,7799,17575,,,,,83,32,21,30,210372,287
600583,海油工程,开采辅助活动,B11,2014-33,15/08/2014,-0.006579,7375,17332,,,,,107,27,38,42,210603,282
600583,海油工程,开采辅助活动,B11,2014-34,22/08/2014,0.003974,7535,16926,,,,,142,47,37,58,219742,280
600583,海油工程,开采辅助活动,B11,2014-35,29/08/2014,0.055409,9455,20992,,,,,337,147,64,126,771712,1176
600583,海油工程,开采辅助活动,B11,2014-36,05/09/2014,0.035,10923,24273,180,189,60,818,361,118,102,141,678063,969
600583,海油工程,开采辅助活动,B11,2014-37,12/09/2014,0.002415,8500,19891,,,,,186,60,46,80,522975,1106
600583,海油工程,开采辅助活动,B11,2014-38,19/09/2014,-0.006024,10942,26139,,,,,271,91,69,111,498947,1098
600583,海油工程,开采辅助活动,B11,2014-39,26/09/2014,-0.013333,8859,21853,9,38,7,173,347,105,111,131,487282,918
600583,海油工程,开采辅助活动,B11,2014-40,30/09/2014,0.001229,,,,,,,,,,,,
600583,海油工程,开采辅助活动,B11,2014-41,10/10/2014,0.013497,6117,14249,,,,,195,62,33,100,383047,841
600583,海油工程,开采辅助活动,B11,2014-42,17/10/2014,-0.044794,9491,21897,31,85,9,195,321,94,87,140,593987,1141
600583,海油工程,开采辅助活动,B11,2014-43,24/10/2014,-0.035488,8188,19278,,,,,327,97,112,118,587226,970
600583,海油工程,开采辅助活动,B11,2014-44,31/10/2014,0.04205,9143,20783,103,154,43,482,456,148,119,189,1524612,1449
600583,海油工程,开采辅助活动,B11,2014-45,07/11/2014,-0.01261,9598,22094,,,,,631,229,155,247,1032724,1683
600583,海油工程,开采辅助活动,B11,2014-46,14/11/2014,0.016603,9716,22209,,,,,729,245,140,344,990969,1677
600583,海油工程,开采辅助活动,B11,2014-47,21/11/2014,-0.012563,8759,20698,5,12,2,50,611,171,181,259,916724,1519
600583,海油工程,开采辅助活动,B11,2014-48,28/11/2014,0.012723,11493,25837,,,,,803,239,248,316,1563423,2282
600583,海油工程,开采辅助活动,B11,2014-49,05/12/2014,0.066583,16133,34913,,,,,692,227,173,292,1267075,1776
600583,海油工程,开采辅助活动,B11,2014-50,12/12/2014,0.047114,19639,43092,,,,,618,210,150,258,1253957,2002
600583,海油工程,开采辅助活动,B11,2014-51,19/12/2014,0.175478,20941,46380,21,18,9,48,1067,359,243,465,3156081,4584
600583,海油工程,开采辅助活动,B11,2014-52,26/12/2014,0.041148,27010,61327,,,,,1218,368,308,542,3045980,5256
600583,海油工程,开采辅助活动,B11,2014-53,31/12/2014,-0.032169,,,,,,,,,,,,
600583,海油工程,开采辅助活动,B11,2015-02,09/01/2015,-0.008547,21802,48842,19,68,15,227,1050,294,282,474,2482786,3579
600583,海油工程,开采辅助活动,B11,2015-03,16/01/2015,-0.014368,17091,38073,2,37,9,167,750,166,230,354,1693755,2762
600583,海油工程,开采辅助活动,B11,2015-04,23/01/2015,-0.056365,16692,37664,,,,,712,183,212,317,1458791,2486
600583,海油工程,开采辅助活动,B11,2015-05,30/01/2015,-0.020597,13791,30943,,,,,417,127,121,169,992888,1478
600583,海油工程,开采辅助活动,B11,2015-06,06/02/2015,-0.050473,13400,29882,,,,,514,134,142,238,1108558,1732
600583,海油工程,开采辅助活动,B11,2015-07,13/02/2015,0.035437,11740,27187,,,,,254,80,64,110,717439,1788
600583,海油工程,开采辅助活动,B11,2015-08,17/02/2015,0.011765,,,,,,,,,,,,
600583,海油工程,开采辅助活动,B11,2015-09,27/02/2015,0.024313,9252,20826,,,,,210,71,60,79,691421,920
600583,海油工程,开采辅助活动,B11,2015-10,06/03/2015,-0.0258,13137,30182,,,,,294,94,84,116,735611,1323
600583,海油工程,开采辅助活动,B11,2015-11,13/03/2015,0.049788,14607,32761,14,27,11,64,402,141,85,176,981587,1242
600583,海油工程,开采辅助活动,B11,2015-12,20/03/2015,0.047427,19143,43741,70,148,30,459,450,147,107,196,2295829,3962
600583,海油工程,开采辅助活动,B11,2015-13,27/03/2015,0.159923,24200,58776,,,,,903,294,193,416,2267808,3443
600583,海油工程,开采辅助活动,B11,2015-14,03/04/2015,0.046512,27795,73781,,,,,1038,303,313,422,1943684,3082
600583,海油工程,开采辅助活动,B11,2015-15,10/04/2015,0.02381,21777,56312,,,,,863,255,259,349,1915334,3166
600583,海油工程,开采辅助活动,B11,2015-16,17/04/2015,0.186047,28232,75466,,,,,1026,325,240,461,2590862,4461
600583,海油工程,开采辅助活动,B11,2015-17,24/04/2015,-0.029412,32985,95506,6,34,9,178,1298,399,351,548,3455701,4309
600583,海油工程,开采辅助活动,B11,2015-18,30/04/2015,-0.051178,,,,,,,,,,,,
600583,海油工程,开采辅助活动,B11,2015-19,08/05/2015,-0.061036,27281,84768,,,,,1248,328,314,606,2256837,3951
600583,海油工程,开采辅助活动,B11,2015-20,15/05/2015,-0.018141,21182,63255,,,,,916,185,308,423,1512184,2505
600583,海油工程,开采辅助活动,B11,2015-21,22/05/2015,0.111624,22810,65974,,,,,618,192,135,291,1520350,1984
600583,海油工程,开采辅助活动,B11,2015-22,29/05/2015,-0.084488,26656,79176,,,,,993,245,284,464,2009875,2401
600583,海油工程,开采辅助活动,B11,2015-23,05/06/2015,0.14826,24511,72353,,,,,728,208,178,342,1576192,1783
600583,海油工程,开采辅助活动,B11,2015-24,12/06/2015,0.071805,28609,80260,,,,,837,247,231,359,1690295,2010
600583,海油工程,开采辅助活动,B11,2015-25,19/06/2015,-0.105985,25677,70076,,,,,845,199,305,341,1344697,1907
600583,海油工程,开采辅助活动,B11,2015-26,26/06/2015,0.083682,29069,81749,,,,,1076,319,328,429,1768711,1881
600583,海油工程,开采辅助活动,B11,2015-27,03/07/2015,-0.137066,40244,131484,,,,,1496,409,420,667,2400914,3450
600583,海油工程,开采辅助活动,B11,2015-28,10/07/2015,-0.117823,28815,99875,,,,,1691,397,532,762,2959533,5714
600583,海油工程,开采辅助活动,B11,2015-29,17/07/2015,-0.005917,21457,68503,,,,,405,102,126,177,701795,642
600583,海油工程,开采辅助活动,B11,2015-30,24/07/2015,0.154762,19906,59405,,,,,563,185,146,232,1218506,1362
600583,海油工程,开采辅助活动,B11,2015-31,31/07/2015,-0.145066,17929,54931,,,,,495,122,170,203,895114,882
600583,海油工程,开采辅助活动,B11,2015-32,07/08/2015,0.030146,13958,40264,,,,,316,85,91,140,628472,430
600583,海油工程,开采辅助活动,B11,2015-33,14/08/2015,0.120401,16109,47825,,,,,323,94,83,146,1175256,807
600583,海油工程,开采辅助活动,B11,2015-34,21/08/2015,-0.177612,15002,42422,15,109,22,315,434,100,139,195,1057430,722
600583,海油工程,开采辅助活动,B11,2015-35,28/08/2015,-0.145191,12853,37217,18,39,9,115,337,73,114,150,844014,706
600583,海油工程,开采辅助活动,B11,2015-36,02/09/2015,0.011677,,,,,,,,,,,,
600583,海油工程,开采辅助活动,B11,2015-37,11/09/2015,0.016789,9129,25607,61,180,22,275,192,33,66,93,411509,269
600583,海油工程,开采辅助活动,B11,2015-38,18/09/2015,0.024768,9914,26758,,,,,276,72,79,125,495441,347
600583,海油工程,开采辅助活动,B11,2015-39,25/09/2015,-0.040282,8529,23171,,,,,208,49,68,91,322031,229
600583,海油工程,开采辅助活动,B11,2015-40,30/09/2015,-0.050367,,,,,,,,,,,,
600583,海油工程,开采辅助活动,B11,2015-41,09/10/2015,0.069613,4399,12020,,,,,53,17,15,21,339692,950
600583,海油工程,开采辅助活动,B11,2015-42,16/10/2015,0.066116,8568,22763,,,,,185,49,53,83,387089,238
600583,海油工程,开采辅助活动,B11,2015-43,23/10/2015,-0.007752,8499,22748,,,,,268,70,79,119,441797,494
600583,海油工程,开采辅助活动,B11,2015-44,30/10/2015,-0.030273,8809,22726,29,100,34,357,309,96,73,140,628472,863
600583,海油工程,开采辅助活动,B11,2015-45,06/11/2015,0.055388,8051,20817,,,,,185,50,62,73,454959,542
600583,海油工程,开采辅助活动,B11,2015-46,13/11/2015,-0.039122,7988,20651,,,,,181,44,51,86,384989,280
600583,海油工程,开采辅助活动,B11,2015-47,20/11/2015,0.003972,7424,18379,,,,,222,47,76,99,372077,321
600583,海油工程,开采辅助活动,B11,2015-48,27/11/2015,-0.086053,7435,18335,,,,,241,62,71,108,340903,268
600583,海油工程,开采辅助活动,B11,2015-49,04/12/2015,0.004329,7429,18642,5,13,4,34,200,58,55,87,332494,274
600583,海油工程,开采辅助活动,B11,2015-50,11/12/2015,-0.049569,7363,18573,,,,,364,98,116,150,808436,407
600583,海油工程,开采辅助活动,B11,2015-51,18/12/2015,0.038549,7905,19710,,,,,261,86,65,110,631954,338
600583,海油工程,开采辅助活动,B11,2015-52,25/12/2015,0.024017,8112,20175,,,,,279,100,59,120,568607,418
600583,海油工程,开采辅助活动,B11,2015-53,31/12/2015,-0.045842,,,,,,,,,,,,
600583,海油工程,开采辅助活动,B11,2016-02,08/01/2016,-0.089385,7404,18995,,,,,219,57,66,96,536855,315
600583,海油工程,开采辅助活动,B11,2016-03,15/01/2016,-0.13865,7267,17916,,,,,212,53,71,88,571565,293
600583,海油工程,开采辅助活动,B11,2016-04,22/01/2016,0,6823,17035,,,,,164,61,35,68,412342,181
600583,海油工程,开采辅助活动,B11,2016-05,29/01/2016,-0.116809,6622,16521,,,,,140,33,33,74,558549,537
600583,海油工程,开采辅助活动,B11,2016-06,05/02/2016,0.072581,5872,15202,,,,,213,60,51,102,953967,413
600583,海油工程,开采辅助活动,B11,2016-08,19/02/2016,0.042105,7208,18293,,,,,127,43,26,58,781794,4338
600583,海油工程,开采辅助活动,B11,2016-09,26/02/2016,-0.053391,7027,17411,,,,,82,32,15,35,395635,166
600583,海油工程,开采辅助活动,B11,2016-10,04/03/2016,0.106707,7123,17894,,,,,88,36,14,38,430223,163
600583,海油工程,开采辅助活动,B11,2016-11,11/03/2016,-0.046832,6657,17246,,,,,80,26,18,36,336364,122
600583,海油工程,开采辅助活动,B11,2016-12,18/03/2016,0.052023,6251,15951,,,,,132,34,30,68,1002233,534
600583,海油工程,开采辅助活动,B11,2016-13,25/03/2016,-0.012363,6397,16281,,,,,136,47,41,48,577647,343
600583,海油工程,开采辅助活动,B11,2016-14,01/04/2016,0.005563,5954,14752,,,,,130,52,42,36,612980,269
600583,海油工程,开采辅助活动,B11,2016-15,08/04/2016,-0.02213,5288,13156,,,,,93,25,22,46,446981,210
600583,海油工程,开采辅助活动,B11,2016-16,15/04/2016,0.055163,6138,15662,,,,,127,35,37,55,588900,183
600583,海油工程,开采辅助活动,B11,2016-17,22/04/2016,-0.044236,4813,13488,,,,,110,28,33,49,516336,387
600583,海油工程,开采辅助活动,B11,2016-18,29/04/2016,0.033661,6086,15493,,,,,1594,742,23,829,646418,251
600583,海油工程,开采辅助活动,B11,2016-19,06/05/2016,-0.029851,5157,12834,,,,,1202,460,39,703,368455,201
600583,海油工程,开采辅助活动,B11,2016-20,13/05/2016,-0.036364,5227,13403,,,,,687,161,20,506,267556,223
600583,海油工程,开采辅助活动,B11,2016-21,20/05/2016,0.008708,5278,13391,,,,,758,123,70,565,595806,184
600583,海油工程,开采辅助活动,B11,2016-22,27/05/2016,0,4782,12567,,,,,535,79,114,342,502798,165
600583,海油工程,开采辅助活动,B11,2016-23,03/06/2016,0.046043,5366,13304,,,,,544,44,19,481,475642,186
600583,海油工程,开采辅助活动,B11,2016-24,08/06/2016,0.004127,,,,,,,,,,,,
600583,海油工程,开采辅助活动,B11,2016-25,17/06/2016,-0.032624,4967,12296,,,,,93,28,21,44,297446,121
600583,海油工程,开采辅助活动,B11,2016-26,24/06/2016,-0.01173,4514,11331,,,,,117,34,25,58,239320,66
600583,海油工程,开采辅助活动,B11,2016-27,01/07/2016,0.017804,4392,11720,,,,,105,39,26,40,117068,55
600583,海油工程,开采辅助活动,B11,2016-28,08/07/2016,0.026239,5534,13680,,,,,117,31,33,53,109927,45
600583,海油工程,开采辅助活动,B11,2016-29,15/07/2016,0.068182,6473,15553,,,,,176,57,30,89,167986,134
600583,海油工程,开采辅助活动,B11,2016-30,22/07/2016,-0.038564,6235,14772,,,,,153,50,26,77,151163,77
600583,海油工程,开采辅助活动,B11,2016-31,29/07/2016,0.017981,5824,14049,,,,,86,21,18,47,98341,43
600583,海油工程,开采辅助活动,B11,2016-32,05/08/2016,-0.017663,5651,13609,,,,,86,33,13,40,122111,80
600583,海油工程,开采辅助活动,B11,2016-33,12/08/2016,0.035961,6280,14538,,,,,145,38,40,67,108410,101
600583,海油工程,开采辅助活动,B11,2016-34,19/08/2016,0.028037,6510,15272,,,,,97,43,13,41,88757,153
600583,海油工程,开采辅助活动,B11,2016-35,26/08/2016,-0.063636,6582,15236,,,,,322,67,103,152,340284,434
600583,海油工程,开采辅助活动,B11,2016-36,02/09/2016,-0.011096,5421,12874,,,,,121,39,32,50,82334,87
600583,海油工程,开采辅助活动,B11,2016-37,09/09/2016,0.002805,4964,11984,,,,,105,35,18,52,71638,64
600583,海油工程,开采辅助活动,B11,2016-38,14/09/2016,-0.029371,,,,,,,,,,,,
600583,海油工程,开采辅助活动,B11,2016-39,23/09/2016,-0.004323,4122,10696,,,,,69,16,22,31,72753,71
600583,海油工程,开采辅助活动,B11,2016-40,30/09/2016,-0.01013,4001,10560,,,,,70,22,9,39,61665,50
600583,海油工程,开采辅助活动,B11,2016-42,14/10/2016,0.032164,4684,12094,,,,,38,14,7,17,48159,24
600583,海油工程,开采辅助活动,B11,2016-43,21/10/2016,0.012748,4570,11660,,,,,61,17,16,28,57519,377
600583,海油工程,开采辅助活动,B11,2016-44,28/10/2016,0.008392,5343,12958,,,,,65,25,14,26,96551,33
600583,海油工程,开采辅助活动,B11,2016-45,04/11/2016,-0.018031,4074,10212,,,,,47,14,15,18,44245,31
600583,海油工程,开采辅助活动,B11,2016-46,11/11/2016,0.025424,4327,11093,,,,,47,18,12,17,42288,35
600583,海油工程,开采辅助活动,B11,2016-47,18/11/2016,0.001377,5211,13069,,,,,55,19,14,22,58680,52
600583,海油工程,开采辅助活动,B11,2016-48,25/11/2016,0.024759,5751,13746,,,,,80,28,18,34,69595,116
600583,海油工程,开采辅助活动,B11,2016-49,02/12/2016,0.018792,6424,14746,,,,,179,54,27,98,192263,192
600583,海油工程,开采辅助活动,B11,2016-50,09/12/2016,-0.027668,5999,13897,,,,,90,37,16,37,80438,112
600583,海油工程,开采辅助活动,B11,2016-51,16/12/2016,0.04607,7016,15343,,,,,110,46,16,48,112903,204
600583,海油工程,开采辅助活动,B11,2016-52,23/12/2016,0.002591,6705,15033,,,,,117,48,21,48,123349,115
600583,海油工程,开采辅助活动,B11,2016-53,30/12/2016,-0.046512,6001,13183,,,,,89,28,23,38,72059,108
600585,海螺水泥,非金属矿物制品业,C30,2014-01,03/01/2014,-0.072524,2890,7139,,,,,84,26,27,31,155419,211
600585,海螺水泥,非金属矿物制品业,C30,2014-02,10/01/2014,-0.032422,7361,17686,25,37,4,74,123,48,37,38,215702,290
600585,海螺水泥,非金属矿物制品业,C30,2014-03,17/01/2014,0.074901,7287,17509,70,64,11,277,144,61,33,50,268035,226
600585,海螺水泥,非金属矿物制品业,C30,2014-04,24/01/2014,0.013447,7187,17237,,,,,108,36,39,33,184924,225
600585,海螺水泥,非金属矿物制品业,C30,2014-05,30/01/2014,-0.042823,,,,,,,,,,,,
600585,海螺水泥,非金属矿物制品业,C30,2014-06,07/02/2014,0.044108,2753,7853,,,,,31,16,4,11,62847,68
600585,海螺水泥,非金属矿物制品业,C30,2014-07,14/02/2014,-0.005432,8347,19048,,,,,116,47,36,33,189501,201
600585,海螺水泥,非金属矿物制品业,C30,2014-08,21/02/2014,-0.04733,7890,19504,12,57,3,101,194,68,55,71,304922,385
600585,海螺水泥,非金属矿物制品业,C30,2014-09,28/02/2014,-0.040127,8361,19367,,,,,197,61,54,82,331689,550
600585,海螺水泥,非金属矿物制品业,C30,2014-10,07/03/2014,-0.013271,7682,18281,,,,,117,52,23,42,211195,333
600585,海螺水泥,非金属矿物制品业,C30,2014-11,14/03/2014,-0.031607,7968,18538,,,,,94,39,21,34,179865,209
600585,海螺水泥,非金属矿物制品业,C30,2014-12,21/03/2014,0.068056,8392,19273,,,,,103,50,21,32,428626,665
600585,海螺水泥,非金属矿物制品业,C30,2014-13,28/03/2014,0.075423,9095,21127,279,233,84,945,243,117,26,100,545499,599
600585,海螺水泥,非金属矿物制品业,C30,2014-14,04/04/2014,0.029021,8944,21078,28,2,8,43,185,88,34,63,362625,460
600585,海螺水泥,非金属矿物制品业,C30,2014-15,11/04/2014,0.083431,9071,26372,32,58,9,248,307,109,61,137,651376,963
600585,海螺水泥,非金属矿物制品业,C30,2014-16,18/04/2014,-0.052603,10756,27002,,,,,298,113,82,103,505790,1033
600585,海螺水泥,非金属矿物制品业,C30,2014-17,25/04/2014,-0.0498,9292,21697,165,149,44,723,235,84,68,83,414966,628
600585,海螺水泥,非金属矿物制品业,C30,2014-18,30/04/2014,0.024096,,,,,,,,,,,,
600585,海螺水泥,非金属矿物制品业,C30,2014-19,09/05/2014,-0.031765,7618,19095,7,113,4,141,82,25,26,31,141948,162
600585,海螺水泥,非金属矿物制品业,C30,2014-20,16/05/2014,0.005468,7168,18118,,,,,58,22,15,21,137972,164
600585,海螺水泥,非金属矿物制品业,C30,2014-21,23/05/2014,-0.012085,6001,16060,,,,,49,21,12,16,102554,92
600585,海螺水泥,非金属矿物制品业,C30,2014-22,30/05/2014,-0.002446,5785,15710,,,,,47,18,12,17,108621,88
600585,海螺水泥,非金属矿物制品业,C30,2014-23,06/06/2014,-0.002452,5012,13663,19,25,4,76,40,24,9,7,84944,63
600585,海螺水泥,非金属矿物制品业,C30,2014-24,13/06/2014,0.008605,5726,15341,,,,,71,30,22,19,215542,121
600585,海螺水泥,非金属矿物制品业,C30,2014-25,20/06/2014,-0.023766,6319,16228,,,,,59,26,19,14,201019,143
600585,海螺水泥,非金属矿物制品业,C30,2014-26,27/06/2014,-0.001276,5291,14365,,,,,58,21,17,20,104504,87
600585,海螺水泥,非金属矿物制品业,C30,2014-27,04/07/2014,0.053674,6686,16749,118,106,35,569,98,51,15,32,269898,270
600585,海螺水泥,非金属矿物制品业,C30,2014-28,11/07/2014,-0.001213,7024,17504,,,,,68,29,10,29,154619,174
600585,海螺水泥,非金属矿物制品业,C30,2014-29,18/07/2014,0.043716,7948,18902,,,,,51,23,10,18,133374,120
600585,海螺水泥,非金属矿物制品业,C30,2014-30,25/07/2014,0.050611,8680,19868,,,,,107,41,17,49,244370,278
600585,海螺水泥,非金属矿物制品业,C30,2014-31,01/08/2014,-0.021595,8926,20948,,,,,130,55,26,49,235921,263
600585,海螺水泥,非金属矿物制品业,C30,2014-32,08/08/2014,0.015846,8745,21063,,,,,120,37,34,49,307136,383
600585,海螺水泥,非金属矿物制品业,C30,2014-33,15/08/2014,0.006128,8165,19735,,,,,87,29,23,35,172874,149
600585,海螺水泥,非金属矿物制品业,C30,2014-34,22/08/2014,-0.026024,8020,19082,160,104,58,516,136,45,25,66,316520,240
600585,海螺水泥,非金属矿物制品业,C30,2014-35,29/08/2014,-0.018192,7315,18358,78,105,24,279,108,33,26,49,233891,236
600585,海螺水泥,非金属矿物制品业,C30,2014-36,05/09/2014,0.042849,8099,19463,,,,,203,98,35,70,364613,804
600585,海螺水泥,非金属矿物制品业,C30,2014-37,12/09/2014,-0.016657,7147,17929,,,,,229,97,44,88,575955,367
600585,海螺水泥,非金属矿物制品业,C30,2014-38,19/09/2014,-0.010728,8020,19310,9,60,4,127,195,63,48,84,305322,389
600585,海螺水泥,非金属矿物制品业,C30,2014-39,26/09/2014,-0.013128,7926,19495,,,,,142,41,55,46,284726,339
600585,海螺水泥,非金属矿物制品业,C30,2014-40,30/09/2014,-0.006362,,,,,,,,,,,,
600585,海螺水泥,非金属矿物制品业,C30,2014-41,10/10/2014,0.00291,6176,16593,,,,,122,46,21,55,348512,404
600585,海螺水泥,非金属矿物制品业,C30,2014-42,17/10/2014,-0.022055,9412,23282,,,,,311,108,68,135,642934,741
600585,海螺水泥,非金属矿物制品业,C30,2014-43,24/10/2014,-0.016617,9250,23567,146,99,55,618,374,123,89,162,1281995,951
600585,海螺水泥,非金属矿物制品业,C30,2014-44,31/10/2014,0.039831,8574,22452,,,,,278,97,66,115,443630,854
600585,海螺水泥,非金属矿物制品业,C30,2014-45,07/11/2014,-0.003482,8893,22659,,,,,459,121,121,217,857890,1534
600585,海螺水泥,非金属矿物制品业,C30,2014-46,14/11/2014,0.053582,10022,27707,,,,,513,169,121,223,1070942,1649
600585,海螺水泥,非金属矿物制品业,C30,2014-47,21/11/2014,-0.05141,11022,28437,,,,,699,158,233,308,1002043,1544
600585,海螺水泥,非金属矿物制品业,C30,2014-48,28/11/2014,0.060606,11078,27667,,,,,484,147,116,221,711121,1133
600585,海螺水泥,非金属矿物制品业,C30,2014-49,05/12/2014,0.042308,13764,35187,,,,,557,189,129,239,921930,1834
600585,海螺水泥,非金属矿物制品业,C30,2014-50,12/12/2014,0.060622,15651,41951,,,,,751,243,173,335,1202408,2437
600585,海螺水泥,非金属矿物制品业,C30,2014-51,17/12/2014,-0.018887,,,,,,,,,,,,
600585,海螺水泥,非金属矿物制品业,C30,2014-53,31/12/2014,0.118541,,,,,,,,,,,,
600585,海螺水泥,非金属矿物制品业,C30,2015-02,09/01/2015,0,19168,52608,6,50,12,199,825,290,162,373,1651721,2661
600585,海螺水泥,非金属矿物制品业,C30,2015-03,16/01/2015,-0.011775,15145,38496,,,,,878,261,257,360,1533999,2305
600585,海螺水泥,非金属矿物制品业,C30,2015-04,23/01/2015,-0.047663,14116,35776,,,,,750,188,212,350,1404075,2369
600585,海螺水泥,非金属矿物制品业,C30,2015-05,30/01/2015,-0.048123,12851,31376,,,,,779,190,231,358,1319961,2478
600585,海螺水泥,非金属矿物制品业,C30,2015-06,06/02/2015,-0.026289,12498,30459,,,,,531,181,130,220,1182595,2031
600585,海螺水泥,非金属矿物制品业,C30,2015-07,13/02/2015,0.038422,11721,28656,,,,,555,162,153,240,1089023,2074
600585,海螺水泥,非金属矿物制品业,C30,2015-08,17/02/2015,0.0135,,,,,,,,,,,,
600585,海螺水泥,非金属矿物制品业,C30,2015-09,27/02/2015,0.00296,8199,21474,,,,,304,102,56,146,849013,1551
600585,海螺水泥,非金属矿物制品业,C30,2015-10,06/03/2015,-0.03394,12829,33021,,,,,610,185,138,287,1108315,2688
600585,海螺水泥,非金属矿物制品业,C30,2015-11,13/03/2015,0.031568,12966,34378,,,,,761,275,155,331,1404616,2710
600585,海螺水泥,非金属矿物制品业,C30,2015-12,20/03/2015,0.058243,16185,42719,,,,,866,296,176,394,1621405,2913
600585,海螺水泥,非金属矿物制品业,C30,2015-13,27/03/2015,0.021455,19372,53534,202,215,80,738,1280,423,314,543,2788428,4666
600585,海螺水泥,非金属矿物制品业,C30,2015-14,03/04/2015,0.050685,20101,60300,34,31,12,123,937,318,203,416,1920277,2923
600585,海螺水泥,非金属矿物制品业,C30,2015-15,10/04/2015,0.038679,17702,53129,41,212,9,303,928,296,212,420,2509673,3176
600585,海螺水泥,非金属矿物制品业,C30,2015-16,17/04/2015,0.056485,20771,66373,,,,,1229,381,313,535,2474973,3927
600585,海螺水泥,非金属矿物制品业,C30,2015-17,24/04/2015,-0.020594,21854,67339,,,,,1359,407,362,590,2666659,4116
600585,海螺水泥,非金属矿物制品业,C30,2015-18,30/04/2015,-0.038819,,,,,,,,,,,,
600585,海螺水泥,非金属矿物制品业,C30,2015-19,08/05/2015,-0.029028,18045,54759,40,42,31,172,1030,282,277,471,1599013,2524
600585,海螺水泥,非金属矿物制品业,C30,2015-20,15/05/2015,0.004333,18078,55077,,,,,1292,357,332,603,1935731,3432
600585,海螺水泥,非金属矿物制品业,C30,2015-21,22/05/2015,0.052632,18407,55380,,,,,1446,403,360,683,2070356,3470
600585,海螺水泥,非金属矿物制品业,C30,2015-22,29/05/2015,0.047951,25968,82445,,,,,1710,464,400,846,3343978,5395
600585,海螺水泥,非金属矿物制品业,C30,2015-23,05/06/2015,0.049276,28347,86042,,,,,2311,575,643,1093,3854336,5849
600585,海螺水泥,非金属矿物制品业,C30,2015-24,12/06/2015,0.017518,31882,100206,,,,,2217,578,618,1021,4242400,4908
600585,海螺水泥,非金属矿物制品业,C30,2015-25,19/06/2015,-0.149451,33923,111728,,,,,2375,607,695,1073,3948427,5640
600585,海螺水泥,非金属矿物制品业,C30,2015-26,26/06/2015,-0.101462,23384,75375,,,,,1377,334,444,599,2367142,3311
600585,海螺水泥,非金属矿物制品业,C30,2015-27,03/07/2015,-0.043886,24176,82600,,,,,839,234,225,380,1360661,2354
600585,海螺水泥,非金属矿物制品业,C30,2015-28,10/07/2015,0.150077,24394,84295,,,,,895,279,191,425,1797729,2838
600585,海螺水泥,非金属矿物制品业,C30,2015-29,17/07/2015,-0.060538,20475,69087,,,,,918,235,275,408,1999379,2566
600585,海螺水泥,非金属矿物制品业,C30,2015-30,24/07/2015,-0.032458,16252,51307,,,,,1075,257,308,510,1393205,2398
600585,海螺水泥,非金属矿物制品业,C30,2015-31,31/07/2015,-0.079428,15239,48208,,,,,715,192,189,334,1175657,2358
600585,海螺水泥,非金属矿物制品业,C30,2015-32,07/08/2015,0.130761,15862,53810,,,,,544,175,125,244,1186848,1349
600585,海螺水泥,非金属矿物制品业,C30,2015-33,14/08/2015,0.001422,13040,39516,,,,,596,155,178,263,1298967,1954
600585,海螺水泥,非金属矿物制品业,C30,2015-34,21/08/2015,-0.11169,12700,37549,,,,,456,127,105,224,966278,1816
600585,海螺水泥,非金属矿物制品业,C30,2015-35,28/08/2015,-0.041023,12983,39210,113,143,86,539,309,92,67,150,806776,817
600585,海螺水泥,非金属矿物制品业,C30,2015-36,02/09/2015,0.014444,,,,,,,,,,,,
600585,海螺水泥,非金属矿物制品业,C30,2015-37,11/09/2015,0.025192,9341,25685,,,,,219,92,45,82,516615,950
600585,海螺水泥,非金属矿物制品业,C30,2015-38,18/09/2015,-0.008013,9291,25133,,,,,180,60,56,64,379124,412
600585,海螺水泥,非金属矿物制品业,C30,2015-39,25/09/2015,-0.041465,8483,22387,,,,,265,79,74,112,727469,597
600585,海螺水泥,非金属矿物制品业,C30,2015-40,30/09/2015,-0.053371,,,,,,,,,,,,
600585,海螺水泥,非金属矿物制品业,C30,2015-41,09/10/2015,0.079525,5057,14625,,,,,85,33,19,33,272636,252
600585,海螺水泥,非金属矿物制品业,C30,2015-42,16/10/2015,0.008796,7946,22985,,,,,363,98,96,169,507903,1300
600585,海螺水泥,非金属矿物制品业,C30,2015-43,23/10/2015,0,7542,21058,,,,,330,105,88,137,488903,626
600585,海螺水泥,非金属矿物制品业,C30,2015-44,30/10/2015,-0.032153,7573,20551,73,53,46,350,291,90,77,124,585877,579
600585,海螺水泥,非金属矿物制品业,C30,2015-45,06/11/2015,0.042793,7437,20488,18,9,9,63,306,113,74,119,539273,766
600585,海螺水泥,非金属矿物制品业,C30,2015-46,13/11/2015,-0.039957,7736,20809,,,,,404,110,114,180,568019,898
600585,海螺水泥,非金属矿物制品业,C30,2015-47,20/11/2015,0,8121,22331,,,,,525,136,135,254,606238,963
600585,海螺水泥,非金属矿物制品业,C30,2015-48,27/11/2015,-0.08324,9278,27009,,,,,815,197,256,362,926987,1514
600585,海螺水泥,非金属矿物制品业,C30,2015-49,04/12/2015,0.04908,10340,28450,,,,,482,152,103,227,618975,997
600585,海螺水泥,非金属矿物制品业,C30,2015-50,11/12/2015,-0.021053,8622,23289,,,,,437,107,111,219,1047407,1083
600585,海螺水泥,非金属矿物制品业,C30,2015-51,18/12/2015,0.007766,8629,23084,,,,,565,141,137,287,1285034,1202
600585,海螺水泥,非金属矿物制品业,C30,2015-52,25/12/2015,0.040308,9421,26172,,,,,560,156,118,286,1088310,1148
600585,海螺水泥,非金属矿物制品业,C30,2015-53,31/12/2015,-0.025641,,,,,,,,,,,,
600585,海螺水泥,非金属矿物制品业,C30,2016-02,08/01/2016,-0.057895,8339,23057,,,,,365,111,76,178,911668,874
600585,海螺水泥,非金属矿物制品业,C30,2016-03,15/01/2016,-0.08442,7959,22608,,,,,330,96,79,155,775482,658
600585,海螺水泥,非金属矿物制品业,C30,2016-04,22/01/2016,-0.025763,7961,22083,,,,,467,156,124,187,980324,947
600585,海螺水泥,非金属矿物制品业,C30,2016-05,29/01/2016,-0.084203,7555,21351,,,,,430,129,121,180,1017276,773
600585,海螺水泥,非金属矿物制品业,C30,2016-06,05/02/2016,0.00076,6705,18723,,,,,323,74,95,154,1035020,361
600585,海螺水泥,非金属矿物制品业,C30,2016-08,19/02/2016,0.078967,7372,20821,,,,,231,86,52,93,1033234,660
600585,海螺水泥,非金属矿物制品业,C30,2016-09,26/02/2016,-0.040816,7041,20832,,,,,165,70,34,61,707180,427
600585,海螺水泥,非金属矿物制品业,C30,2016-10,04/03/2016,0.178283,8805,26929,,,,,292,102,53,137,1421302,824
600585,海螺水泥,非金属矿物制品业,C30,2016-11,11/03/2016,-0.057285,7655,22818,,,,,235,89,53,93,705221,383
600585,海螺水泥,非金属矿物制品业,C30,2016-12,18/03/2016,0.058785,7152,21659,,,,,325,104,84,137,821574,842
600585,海螺水泥,非金属矿物制品业,C30,2016-13,25/03/2016,-0.028072,7577,22312,,,,,330,87,80,163,1467107,1114
600585,海螺水泥,非金属矿物制品业,C30,2016-14,01/04/2016,0.089217,7168,21184,,,,,230,60,68,102,936080,696
600585,海螺水泥,非金属矿物制品业,C30,2016-15,08/04/2016,-0.028285,5472,16904,,,,,96,29,22,45,380100,252
600585,海螺水泥,非金属矿物制品业,C30,2016-16,15/04/2016,0.067314,6425,19405,,,,,167,42,52,73,674644,265
600585,海螺水泥,非金属矿物制品业,C30,2016-17,22/04/2016,-0.081818,5336,16277,,,,,180,52,64,64,664170,421
600585,海螺水泥,非金属矿物制品业,C30,2016-18,29/04/2016,0.000619,5171,16205,,,,,1513,677,32,804,521508,190
600585,海螺水泥,非金属矿物制品业,C30,2016-19,06/05/2016,-0.053185,4634,15078,,,,,1143,412,47,684,409274,263
600585,海螺水泥,非金属矿物制品业,C30,2016-20,13/05/2016,-0.052253,5623,17218,,,,,710,146,46,518,412015,267
600585,海螺水泥,非金属矿物制品业,C30,2016-21,20/05/2016,0.007581,5499,16814,,,,,707,112,53,542,584271,207
600585,海螺水泥,非金属矿物制品业,C30,2016-22,27/05/2016,0.014364,5126,15813,,,,,521,66,74,381,429278,349
600585,海螺水泥,非金属矿物制品业,C30,2016-23,03/06/2016,0.010789,5361,16218,,,,,602,40,31,531,535734,178
600585,海螺水泥,非金属矿物制品业,C30,2016-24,08/06/2016,-0.003336,,,,,,,,,,,,
600585,海螺水泥,非金属矿物制品业,C30,2016-25,17/06/2016,-0.036145,5510,16365,,,,,210,44,69,97,670239,342
600585,海螺水泥,非金属矿物制品业,C30,2016-26,24/06/2016,0.000694,5427,15954,,,,,208,45,66,97,402364,213
600585,海螺水泥,非金属矿物制品业,C30,2016-27,01/07/2016,0.032189,5240,15701,,,,,164,45,39,80,222796,176
600585,海螺水泥,非金属矿物制品业,C30,2016-28,08/07/2016,0.022176,5647,17436,,,,,158,46,37,75,141425,132
600585,海螺水泥,非金属矿物制品业,C30,2016-29,15/07/2016,0.063051,6080,18103,,,,,148,58,17,73,154597,187
600585,海螺水泥,非金属矿物制品业,C30,2016-30,22/07/2016,0.010204,5774,16064,,,,,78,27,18,33,84858,109
600585,海螺水泥,非金属矿物制品业,C30,2016-31,29/07/2016,0,5937,16299,,,,,53,17,8,28,68004,89
600585,海螺水泥,非金属矿物制品业,C30,2016-32,05/08/2016,0.030934,5565,15151,,,,,61,24,11,26,56127,45
600585,海螺水泥,非金属矿物制品业,C30,2016-33,12/08/2016,0.040416,6175,16344,,,,,61,14,11,36,56324,56
600585,海螺水泥,非金属矿物制品业,C30,2016-34,19/08/2016,-0.017657,6045,16608,,,,,78,22,20,36,86354,171
600585,海螺水泥,非金属矿物制品业,C30,2016-35,26/08/2016,0.030557,5633,15728,,,,,98,36,12,50,136838,97
600585,海螺水泥,非金属矿物制品业,C30,2016-36,02/09/2016,-0.004651,4617,14083,,,,,47,26,7,14,50921,73
600585,海螺水泥,非金属矿物制品业,C30,2016-37,09/09/2016,0.021612,5207,14494,,,,,110,31,21,58,100204,75
600585,海螺水泥,非金属矿物制品业,C30,2016-38,14/09/2016,-0.039451,,,,,,,,,,,,
600585,海螺水泥,非金属矿物制品业,C30,2016-39,23/09/2016,0.001786,4004,12895,,,,,107,44,34,29,79652,114
600585,海螺水泥,非金属矿物制品业,C30,2016-40,30/09/2016,0.001188,3821,12294,,,,,71,34,14,23,50371,46
600585,海螺水泥,非金属矿物制品业,C30,2016-42,14/10/2016,-0.02908,4328,13364,,,,,98,36,24,38,100819,101
600585,海螺水泥,非金属矿物制品业,C30,2016-43,21/10/2016,0.007946,4158,12869,,,,,52,20,8,24,65608,203
600585,海螺水泥,非金属矿物制品业,C30,2016-44,28/10/2016,0.023651,4218,13668,,,,,87,39,14,34,109816,61
600585,海螺水泥,非金属矿物制品业,C30,2016-45,04/11/2016,0.029028,3914,12470,,,,,79,32,17,30,68151,85
600585,海螺水泥,非金属矿物制品业,C30,2016-46,11/11/2016,0.055268,4562,13717,,,,,78,24,21,33,83268,191
600585,海螺水泥,非金属矿物制品业,C30,2016-47,18/11/2016,-0.02455,4469,13964,,,,,59,21,10,28,60838,132
600585,海螺水泥,非金属矿物制品业,C30,2016-48,25/11/2016,0.045302,4223,13607,,,,,66,33,4,29,50413,57
600585,海螺水泥,非金属矿物制品业,C30,2016-49,02/12/2016,-0.00321,4678,14246,,,,,76,15,18,43,102935,101
600585,海螺水泥,非金属矿物制品业,C30,2016-50,09/12/2016,-0.020934,3825,12860,,,,,69,24,9,36,42302,54
600585,海螺水泥,非金属矿物制品业,C30,2016-51,16/12/2016,-0.043311,4093,13023,,,,,75,21,17,37,59678,121
600585,海螺水泥,非金属矿物制品业,C30,2016-52,23/12/2016,-0.018338,3651,12040,,,,,58,23,12,23,34042,63
600585,海螺水泥,非金属矿物制品业,C30,2016-53,30/12/2016,-0.009924,3369,11484,,,,,55,24,10,21,37624,51
600637,东方明珠,电信、广播电视和卫星传输服务,I63,2014-01,03/01/2014,0.004598,2174,14021,,,,,67,26,15,26,204248,257
600637,东方明珠,电信、广播电视和卫星传输服务,I63,2014-02,10/01/2014,0.085353,8045,38941,3,40,4,70,342,121,68,153,643862,885
600637,东方明珠,电信、广播电视和卫星传输服务,I63,2014-03,17/01/2014,0.002977,6845,34146,,,,,132,47,33,52,259345,374
600637,东方明珠,电信、广播电视和卫星传输服务,I63,2014-04,24/01/2014,0.039376,5532,32623,33,90,3,191,140,53,26,61,236653,194
600637,东方明珠,电信、广播电视和卫星传输服务,I63,2014-05,30/01/2014,-0.025733,,,,,,,,,,,,
600637,东方明珠,电信、广播电视和卫星传输服务,I63,2014-06,07/02/2014,0.033505,2456,28551,,,,,24,13,2,9,56605,57
600637,东方明珠,电信、广播电视和卫星传输服务,I63,2014-07,14/02/2014,0.04496,7132,39776,,,,,209,100,43,66,680748,1897
600637,东方明珠,电信、广播电视和卫星传输服务,I63,2014-08,21/02/2014,-0.029891,9073,47352,40,132,7,437,418,186,85,147,1030248,1273
600637,东方明珠,电信、广播电视和卫星传输服务,I63,2014-09,28/02/2014,-0.173903,8909,46768,,,,,734,201,236,297,1321110,2554
600637,东方明珠,电信、广播电视和卫星传输服务,I63,2014-10,07/03/2014,-0.027409,8098,44046,2,7,3,38,533,113,225,195,728279,1723
600637,东方明珠,电信、广播电视和卫星传输服务,I63,2014-11,14/03/2014,0.036897,7345,38554,,,,,230,68,64,98,422717,639
600637,东方明珠,电信、广播电视和卫星传输服务,I63,2014-12,21/03/2014,-0.001401,6634,42749,,,,,192,59,59,74,345940,401
600637,东方明珠,电信、广播电视和卫星传输服务,I63,2014-14,04/04/2014,-0.109708,7983,50810,,,,,440,124,137,179,715594,823
600637,东方明珠,电信、广播电视和卫星传输服务,I63,2014-15,11/04/2014,0.111882,6188,40390,102,147,15,443,165,72,27,66,368936,384
600637,东方明珠,电信、广播电视和卫星传输服务,I63,2014-16,18/04/2014,0.0428,7745,41777,33,42,4,274,212,95,41,76,474509,602
600637,东方明珠,电信、广播电视和卫星传输服务,I63,2014-17,25/04/2014,-0.056809,6868,43480,,,,,177,63,54,60,330622,559
600637,东方明珠,电信、广播电视和卫星传输服务,I63,2014-18,30/04/2014,-0.025072,,,,,,,,,,,,
600637,东方明珠,电信、广播电视和卫星传输服务,I63,2014-19,09/05/2014,-0.030446,6133,40816,,,,,165,45,54,66,295687,610
600637,东方明珠,电信、广播电视和卫星传输服务,I63,2014-20,16/05/2014,-0.016159,5576,37834,,,,,127,34,52,41,253882,546
600637,东方明珠,电信、广播电视和卫星传输服务,I63,2014-21,23/05/2014,0.00062,4874,34708,,,,,138,48,37,53,317403,681
600637,东方明珠,电信、广播电视和卫星传输服务,I63,2014-22,28/05/2014,-0.008052,,,,,,,,,,,,
600637,东方明珠,电信、广播电视和卫星传输服务,I63,2014-48,28/11/2014,0.266001,14064,112476,151,1311,32,1541,966,279,219,468,2783517,3042
600637,东方明珠,电信、广播电视和卫星传输服务,I63,2014-49,05/12/2014,-0.052826,10987,74741,,,,,633,186,177,270,1459914,1727
600637,东方明珠,电信、广播电视和卫星传输服务,I63,2014-50,12/12/2014,0.040396,10320,72238,,,,,395,118,80,197,994838,1154
600637,东方明珠,电信、广播电视和卫星传输服务,I63,2014-51,19/12/2014,-0.014529,9471,58544,,,,,366,106,84,176,938802,1202
600637,东方明珠,电信、广播电视和卫星传输服务,I63,2014-52,26/12/2014,-0.009151,9350,58854,60,160,16,136,630,211,124,295,1885830,3356
600637,东方明珠,电信、广播电视和卫星传输服务,I63,2014-53,31/12/2014,-0.02822,,,,,,,,,,,,
600637,东方明珠,电信、广播电视和卫星传输服务,I63,2015-02,09/01/2015,-0.039071,8882,51924,,,,,621,175,175,271,1204300,1933
600637,东方明珠,电信、广播电视和卫星传输服务,I63,2015-03,16/01/2015,0.061264,8613,45263,,,,,360,134,103,123,951839,1289
600637,东方明珠,电信、广播电视和卫星传输服务,I63,2015-04,23/01/2015,0.010096,9026,57524,,,,,412,136,110,166,1001740,1478
600637,东方明珠,电信、广播电视和卫星传输服务,I63,2015-05,30/01/2015,0.01794,9146,53927,,,,,313,127,69,117,818139,1039
600637,东方明珠,电信、广播电视和卫星传输服务,I63,2015-06,06/02/2015,-0.008812,8749,47549,,,,,525,172,136,217,853034,1426
600637,东方明珠,电信、广播电视和卫星传输服务,I63,2015-07,13/02/2015,0.03175,7969,44311,,,,,399,131,90,178,976821,1574
600637,东方明珠,电信、广播电视和卫星传输服务,I63,2015-08,17/02/2015,0.05933,,,,,,,,,,,,
600637,东方明珠,电信、广播电视和卫星传输服务,I63,2015-09,27/02/2015,-0.016268,6763,48468,10,14,1,93,196,64,37,95,1367159,3224
600637,东方明珠,电信、广播电视和卫星传输服务,I63,2015-10,06/03/2015,0.003544,10966,58663,,,,,512,186,105,221,1322368,1886
600637,东方明珠,电信、广播电视和卫星传输服务,I63,2015-11,13/03/2015,0.007533,10691,53805,,,,,541,201,113,227,1347643,2617
600637,东方明珠,电信、广播电视和卫星传输服务,I63,2015-12,20/03/2015,0.128271,12184,66566,,,,,681,217,150,314,2387527,3831
600637,东方明珠,电信、广播电视和卫星传输服务,I63,2015-13,25/03/2015,0.032719,,,,,,,,,,,,
600637,东方明珠,电信、广播电视和卫星传输服务,I63,2015-15,10/04/2015,-0.014839,13655,85803,,,,,1624,421,386,817,3107682,6498
600637,东方明珠,电信、广播电视和卫星传输服务,I63,2015-16,17/04/2015,0.028089,13770,90637,,,,,1515,450,329,736,2957646,6004
600637,东方明珠,电信、广播电视和卫星传输服务,I63,2015-17,24/04/2015,0.532341,20588,191580,,,,,2707,828,532,1347,6955997,12013
600637,东方明珠,电信、广播电视和卫星传输服务,I63,2015-18,29/04/2015,-0.084164,,,,,,,,,,,,
600637,东方明珠,电信、广播电视和卫星传输服务,I63,2015-19,08/05/2015,-0.107592,20577,149721,,,,,3592,823,923,1846,10667552,26058
600637,东方明珠,电信、广播电视和卫星传输服务,I63,2015-20,15/05/2015,0.016318,17930,113615,,,,,2940,766,723,1451,4330409,8810
600637,东方明珠,电信、广播电视和卫星传输服务,I63,2015-21,22/05/2015,0.101325,21964,137709,,,,,2825,813,620,1392,5658364,9588
600637,东方明珠,电信、广播电视和卫星传输服务,I63,2015-22,29/05/2015,-0.059023,25750,143859,,,,,3578,1018,742,1818,7184984,12153
600637,东方明珠,电信、广播电视和卫星传输服务,I63,2015-23,05/06/2015,-0.008273,36338,184169,,,,,6999,1655,1820,3524,10445600,18765
600637,东方明珠,电信、广播电视和卫星传输服务,I63,2015-24,11/06/2015,0.029577,,,,,,,,,,,,
600637,东方明珠,电信、广播电视和卫星传输服务,I63,2015-25,19/06/2015,-0.100029,27198,139011,,,,,3136,800,696,1640,6911645,12156
600637,东方明珠,电信、广播电视和卫星传输服务,I63,2015-26,26/06/2015,-0.266328,30801,149900,5,30,2,76,4650,938,1364,2348,6952151,13217
600637,东方明珠,电信、广播电视和卫星传输服务,I63,2015-27,03/07/2015,-0.258367,43395,164287,8,15,0,66,3672,871,889,1912,5113852,11505
600637,东方明珠,电信、广播电视和卫星传输服务,I63,2015-28,10/07/2015,0.078821,36834,132610,,,,,1871,495,415,961,2953523,6318
600637,东方明珠,电信、广播电视和卫星传输服务,I63,2015-29,17/07/2015,0.094255,30051,106731,12,36,0,134,593,179,92,322,1398076,2119
600637,东方明珠,电信、广播电视和卫星传输服务,I63,2015-30,24/07/2015,0.057594,25458,96963,2,15,2,43,920,246,172,502,3570427,7740
600637,东方明珠,电信、广播电视和卫星传输服务,I63,2015-31,31/07/2015,-0.137349,19224,82428,,,,,577,194,102,281,1431842,1838
600637,东方明珠,电信、广播电视和卫星传输服务,I63,2015-32,07/08/2015,0.050559,14218,70178,8,15,1,92,358,129,55,174,1172281,1347
600637,东方明珠,电信、广播电视和卫星传输服务,I63,2015-33,14/08/2015,0.119383,16461,83160,3,11,0,57,712,256,112,344,2166203,2822
600637,东方明珠,电信、广播电视和卫星传输服务,I63,2015-34,21/08/2015,-0.2,14166,72789,13,9,4,53,816,225,186,405,2185339,2408
600637,东方明珠,电信、广播电视和卫星传输服务,I63,2015-35,28/08/2015,-0.11342,13107,68642,7,13,2,87,540,162,120,258,1485432,2413
600637,东方明珠,电信、广播电视和卫星传输服务,I63,2015-36,02/09/2015,0.003349,,,,,,,,,,,,
600637,东方明珠,电信、广播电视和卫星传输服务,I63,2015-37,11/09/2015,0.12016,12391,53857,,,,,345,102,86,157,967060,1084
600637,东方明珠,电信、广播电视和卫星传输服务,I63,2015-38,18/09/2015,-0.067342,11821,51353,,,,,396,100,116,180,749350,916
600637,东方明珠,电信、广播电视和卫星传输服务,I63,2015-39,25/09/2015,0.028754,10595,47771,4,17,0,64,323,115,67,141,815276,755
600637,东方明珠,电信、广播电视和卫星传输服务,I63,2015-40,30/09/2015,-0.036335,,,,,,,,,,,,
600637,东方明珠,电信、广播电视和卫星传输服务,I63,2015-41,09/10/2015,0.035127,5417,46389,,,,,155,39,52,64,385839,365
600637,东方明珠,电信、广播电视和卫星传输服务,I63,2015-42,16/10/2015,0.136986,10224,45454,,,,,233,96,35,102,836821,1087
600637,东方明珠,电信、广播电视和卫星传输服务,I63,2015-43,23/10/2015,0.008762,10621,46845,,,,,320,97,66,157,703338,772
600637,东方明珠,电信、广播电视和卫星传输服务,I63,2015-44,30/10/2015,-0.057818,9557,45299,,,,,332,104,66,162,706420,819
600637,东方明珠,电信、广播电视和卫星传输服务,I63,2015-45,06/11/2015,0.063959,10029,45313,18,18,2,146,416,136,94,186,676356,978
600637,东方明珠,电信、广播电视和卫星传输服务,I63,2015-46,13/11/2015,0.009748,13027,53369,5,12,0,60,654,204,148,302,1081047,1713
600637,东方明珠,电信、广播电视和卫星传输服务,I63,2015-47,20/11/2015,-0.004023,11733,59870,,,,,682,246,117,319,945527,1579
600637,东方明珠,电信、广播电视和卫星传输服务,I63,2015-48,27/11/2015,-0.057351,10785,51387,,,,,581,198,112,271,742911,1219
600637,东方明珠,电信、广播电视和卫星传输服务,I63,2015-49,04/12/2015,-0.001428,9619,49190,7,49,2,87,446,137,82,227,686285,1012
600637,东方明珠,电信、广播电视和卫星传输服务,I63,2015-50,11/12/2015,0.066934,10344,49371,6,31,0,123,664,210,124,330,2732651,1447
600637,东方明珠,电信、广播电视和卫星传输服务,I63,2015-51,18/12/2015,-0.005362,10920,48867,5,15,0,63,880,245,194,441,2384420,1724
600637,东方明珠,电信、广播电视和卫星传输服务,I63,2015-52,25/12/2015,0.057951,11603,52016,15,116,0,228,668,258,118,292,1930126,1602
600637,东方明珠,电信、广播电视和卫星传输服务,I63,2015-53,31/12/2015,-0.03465,,,,,,,,,,,,
600637,东方明珠,电信、广播电视和卫星传输服务,I63,2016-02,08/01/2016,-0.166007,9601,45167,,,,,341,93,93,155,1205790,828
600637,东方明珠,电信、广播电视和卫星传输服务,I63,2016-03,15/01/2016,-0.14019,9483,43086,,,,,418,133,98,187,1177057,690
600637,东方明珠,电信、广播电视和卫星传输服务,I63,2016-04,22/01/2016,0.012146,7791,39840,,,,,193,74,28,91,675825,478
600637,东方明珠,电信、广播电视和卫星传输服务,I63,2016-05,29/01/2016,-0.065818,7686,38964,,,,,167,60,38,69,850106,423
600637,东方明珠,电信、广播电视和卫星传输服务,I63,2016-06,05/02/2016,0.070066,7191,37109,,,,,140,41,26,73,819394,273
600637,东方明珠,电信、广播电视和卫星传输服务,I63,2016-08,19/02/2016,0.015642,7337,41218,,,,,157,50,37,70,795302,314
600637,东方明珠,电信、广播电视和卫星传输服务,I63,2016-09,26/02/2016,-0.080946,7718,40735,,,,,213,66,38,109,700730,437
600637,东方明珠,电信、广播电视和卫星传输服务,I63,2016-10,04/03/2016,0.05339,8387,41932,,,,,279,97,55,127,961328,437
600637,东方明珠,电信、广播电视和卫星传输服务,I63,2016-11,11/03/2016,-0.021088,7277,40138,,,,,185,64,51,70,625006,549
600637,东方明珠,电信、广播电视和卫星传输服务,I63,2016-12,18/03/2016,0.088435,7348,41579,,,,,259,84,52,123,1154747,2389
600637,东方明珠,电信、广播电视和卫星传输服务,I63,2016-13,25/03/2016,0.041319,7846,43078,,,,,399,132,86,181,1753152,4078
600637,东方明珠,电信、广播电视和卫星传输服务,I63,2016-14,01/04/2016,-0.023341,7493,44739,,,,,430,122,84,224,1577062,3542
600637,东方明珠,电信、广播电视和卫星传输服务,I63,2016-15,08/04/2016,-0.033117,5340,43473,,,,,350,97,74,179,1022724,1318
600637,东方明珠,电信、广播电视和卫星传输服务,I63,2016-16,15/04/2016,0.012006,6091,42607,,,,,322,105,61,156,1083047,1766
600637,东方明珠,电信、广播电视和卫星传输服务,I63,2016-17,22/04/2016,-0.060712,5466,38973,,,,,253,57,71,125,671339,861
600637,东方明珠,电信、广播电视和卫星传输服务,I63,2016-18,29/04/2016,-0.047177,5881,45789,,,,,3079,1415,134,1530,1886556,2716
600637,东方明珠,电信、广播电视和卫星传输服务,I63,2016-19,06/05/2016,0.023782,5104,48785,,,,,1738,723,43,972,610966,2232
600637,东方明珠,电信、广播电视和卫星传输服务,I63,2016-20,13/05/2016,-0.06588,5674,42750,,,,,1174,232,70,872,896974,1456
600637,东方明珠,电信、广播电视和卫星传输服务,I63,2016-21,20/05/2016,0.018753,5349,41764,,,,,1477,217,136,1124,1045773,1582
600637,东方明珠,电信、广播电视和卫星传输服务,I63,2016-22,27/05/2016,-0.035614,4853,46663,,,,,1179,141,243,795,918184,622
600637,东方明珠,电信、广播电视和卫星传输服务,I63,2016-23,03/06/2016,0.058921,7073,46130,,,,,1229,140,62,1027,2187522,1549
600637,东方明珠,电信、广播电视和卫星传输服务,I63,2016-24,08/06/2016,-0.005094,,,,,,,,,,,,
600637,东方明珠,电信、广播电视和卫星传输服务,I63,2016-25,17/06/2016,-0.072863,6659,45703,,,,,489,100,138,251,1194679,1178
600637,东方明珠,电信、广播电视和卫星传输服务,I63,2016-26,24/06/2016,-0.02124,5503,44220,,,,,352,83,86,183,751104,758
600637,东方明珠,电信、广播电视和卫星传输服务,I63,2016-27,01/07/2016,0.041667,5510,45556,,,,,286,78,55,153,341109,522
600637,东方明珠,电信、广播电视和卫星传输服务,I63,2016-28,08/07/2016,0.005417,5496,47652,,,,,275,85,61,129,245969,337
600637,东方明珠,电信、广播电视和卫星传输服务,I63,2016-29,15/07/2016,0.019063,4974,47925,,,,,225,74,40,111,309707,408
600637,东方明珠,电信、广播电视和卫星传输服务,I63,2016-30,22/07/2016,0.000813,5528,52484,,,,,181,61,23,97,308207,404
600637,东方明珠,电信、广播电视和卫星传输服务,I63,2016-31,29/07/2016,-0.041853,5476,50930,,,,,216,51,55,110,315919,280
600637,东方明珠,电信、广播电视和卫星传输服务,I63,2016-32,05/08/2016,-0.002141,4570,51628,,,,,151,61,23,67,220518,223
600637,东方明珠,电信、广播电视和卫星传输服务,I63,2016-33,12/08/2016,0.012876,4820,52015,,,,,154,59,28,67,191627,165
600637,东方明珠,电信、广播电视和卫星传输服务,I63,2016-34,19/08/2016,0.032627,5825,52837,,,,,154,55,31,68,157539,240
600637,东方明珠,电信、广播电视和卫星传输服务,I63,2016-35,26/08/2016,-0.021748,4569,40737,,,,,,,,,,
600637,东方明珠,电信、广播电视和卫星传输服务,I63,2016-36,02/09/2016,0.07844,6846,42463,,,,,,,,,,
600637,东方明珠,电信、广播电视和卫星传输服务,I63,2016-37,09/09/2016,0.05212,7168,39936,,,,,,,,,,
600637,东方明珠,电信、广播电视和卫星传输服务,I63,2016-38,14/09/2016,-0.05841,,,,,,,,,,,,
600637,东方明珠,电信、广播电视和卫星传输服务,I63,2016-39,23/09/2016,0.00157,4896,38963,,,,,,,,,,
600637,东方明珠,电信、广播电视和卫星传输服务,I63,2016-40,30/09/2016,-0.031752,3998,38417,,,,,,,,,,
600637,东方明珠,电信、广播电视和卫星传输服务,I63,2016-42,14/10/2016,0.008907,4179,36095,,,,,,,,,,
600637,东方明珠,电信、广播电视和卫星传输服务,I63,2016-43,21/10/2016,-0.026886,3667,36044,,,,,,,,,,
600637,东方明珠,电信、广播电视和卫星传输服务,I63,2016-44,28/10/2016,-0.011134,4209,35714,,,,,,,,,,
600637,东方明珠,电信、广播电视和卫星传输服务,I63,2016-45,04/11/2016,-0.002919,4227,36233,,,,,2,0,1,1,4976,2
600637,东方明珠,电信、广播电视和卫星传输服务,I63,2016-46,11/11/2016,0.016729,3931,35541,,,,,,,,,,
600637,东方明珠,电信、广播电视和卫星传输服务,I63,2016-47,18/11/2016,-0.00905,4143,35787,,,,,,,,,,
600637,东方明珠,电信、广播电视和卫星传输服务,I63,2016-48,25/11/2016,0.012038,4047,33759,,,,,,,,,,
600637,东方明珠,电信、广播电视和卫星传输服务,I63,2016-49,02/12/2016,-0.004512,4639,34564,,,,,,,,,,
600637,东方明珠,电信、广播电视和卫星传输服务,I63,2016-50,09/12/2016,-0.015657,3777,33162,,,,,,,,,,
600637,东方明珠,电信、广播电视和卫星传输服务,I63,2016-51,16/12/2016,-0.022604,3783,32413,,,,,,,,,,
600637,东方明珠,电信、广播电视和卫星传输服务,I63,2016-52,23/12/2016,-0.013704,3577,31388,,,,,1,0,0,1,1313,0
600637,东方明珠,电信、广播电视和卫星传输服务,I63,2016-53,30/12/2016,0.011724,3327,31156,,,,,,,,,,
600690,青岛海尔,电气机械及器材制造业,C38,2014-01,03/01/2014,-0.042564,2843,6097,,,,,48,19,14,15,108529,244
600690,青岛海尔,电气机械及器材制造业,C38,2014-02,10/01/2014,-0.02571,6890,14673,,,,,144,59,27,58,298847,246
600690,青岛海尔,电气机械及器材制造业,C38,2014-03,17/01/2014,0.096207,7206,15633,10,65,7,206,146,62,25,59,238594,243
600690,青岛海尔,电气机械及器材制造业,C38,2014-04,24/01/2014,0.09328,7119,14993,,,,,133,56,19,58,222191,259
600690,青岛海尔,电气机械及器材制造业,C38,2014-05,30/01/2014,-0.02844,,,,,,,,,,,,
600690,青岛海尔,电气机械及器材制造业,C38,2014-06,07/02/2014,0.015109,2486,6402,,,,,30,15,8,7,49658,36
600690,青岛海尔,电气机械及器材制造业,C38,2014-07,14/02/2014,-0.026512,7287,15322,,,,,88,42,22,24,167310,167
600690,青岛海尔,电气机械及器材制造业,C38,2014-08,21/02/2014,-0.010989,6990,15192,,,,,93,29,32,32,193319,278
600690,青岛海尔,电气机械及器材制造业,C38,2014-09,28/02/2014,-0.118357,8554,20020,,,,,278,77,83,118,604403,899
600690,青岛海尔,电气机械及器材制造业,C38,2014-10,07/03/2014,-0.04,7381,17176,,,,,165,51,56,58,246796,323
600690,青岛海尔,电气机械及器材制造业,C38,2014-11,14/03/2014,-0.017123,7333,16276,,,,,123,34,45,44,180585,242
600690,青岛海尔,电气机械及器材制造业,C38,2014-12,21/03/2014,-0.058653,7490,17060,4,22,2,79,196,61,62,73,368191,452
600690,青岛海尔,电气机械及器材制造业,C38,2014-13,28/03/2014,0.001234,6742,16471,37,44,10,267,168,71,39,58,302893,346
600690,青岛海尔,电气机械及器材制造业,C38,2014-14,04/04/2014,-0.009858,6287,15146,,,,,219,66,75,78,327154,453
600690,青岛海尔,电气机械及器材制造业,C38,2014-15,10/04/2014,0.063472,,,,,,,,,,,,
600690,青岛海尔,电气机械及器材制造业,C38,2014-16,18/04/2014,-0.052662,7420,18759,48,202,13,465,198,50,79,69,280791,346
600690,青岛海尔,电气机械及器材制造业,C38,2014-17,25/04/2014,-0.05559,6690,16321,,,,,157,44,64,49,232751,253
600690,青岛海尔,电气机械及器材制造业,C38,2014-18,30/04/2014,0.003924,,,,,,,,,,,,
600690,青岛海尔,电气机械及器材制造业,C38,2014-19,09/05/2014,-0.069055,6827,16179,,,,,264,48,109,107,318162,499
600690,青岛海尔,电气机械及器材制造业,C38,2014-20,16/05/2014,0.0014,7471,16981,,,,,318,62,116,140,382971,739
600690,青岛海尔,电气机械及器材制造业,C38,2014-21,23/05/2014,0.022362,7372,16584,9,14,1,61,207,56,76,75,306808,434
600690,青岛海尔,电气机械及器材制造业,C38,2014-22,30/05/2014,0.028708,7068,16372,14,25,1,105,113,35,30,48,223623,299
600690,青岛海尔,电气机械及器材制造业,C38,2014-23,06/06/2014,-0.003987,5586,14144,,,,,114,32,28,54,204962,321
600690,青岛海尔,电气机械及器材制造业,C38,2014-24,13/06/2014,0.033356,6558,16150,,,,,104,39,28,37,199752,299
600690,青岛海尔,电气机械及器材制造业,C38,2014-25,20/06/2014,-0.03357,6712,16501,,,,,141,48,42,51,286189,425
600690,青岛海尔,电气机械及器材制造业,C38,2014-26,27/06/2014,-0.008959,5945,14963,,,,,213,76,63,74,424707,375
600690,青岛海尔,电气机械及器材制造业,C38,2014-27,04/07/2014,0.000695,5554,14270,,,,,185,66,51,68,310100,407
600690,青岛海尔,电气机械及器材制造业,C38,2014-28,11/07/2014,-0.029187,5419,13631,,,,,252,78,70,104,359703,547
600690,青岛海尔,电气机械及器材制造业,C38,2014-29,18/07/2014,0.045097,5893,14381,9,37,6,159,123,35,45,43,230391,539
600690,青岛海尔,电气机械及器材制造业,C38,2014-30,25/07/2014,0.10274,8030,18218,29,102,10,367,207,75,43,89,407985,646
600690,青岛海尔,电气机械及器材制造业,C38,2014-31,01/08/2014,0.013043,7902,17677,23,119,4,208,187,95,22,70,258172,208
600690,青岛海尔,电气机械及器材制造业,C38,2014-32,08/08/2014,-0.052728,7380,16915,,,,,241,72,63,106,388337,380
600690,青岛海尔,电气机械及器材制造业,C38,2014-33,15/08/2014,0.022006,7470,17290,76,152,14,365,216,86,47,83,405643,406
600690,青岛海尔,电气机械及器材制造业,C38,2014-34,22/08/2014,0.012033,7888,17950,13,49,7,221,137,53,38,46,263742,269
600690,青岛海尔,电气机械及器材制造业,C38,2014-35,29/08/2014,-0.002503,7665,17452,268,196,35,980,155,62,30,63,544081,265
600690,青岛海尔,电气机械及器材制造业,C38,2014-36,05/09/2014,0.069009,7890,18038,,,,,127,46,34,47,263789,243
600690,青岛海尔,电气机械及器材制造业,C38,2014-37,12/09/2014,-0.00939,6426,14691,,,,,90,38,22,30,185514,198
600690,青岛海尔,电气机械及器材制造业,C38,2014-38,19/09/2014,-0.020735,7891,17586,23,76,4,223,349,133,79,137,453528,724
600690,青岛海尔,电气机械及器材制造业,C38,2014-39,26/09/2014,0.015729,7550,16827,11,37,6,173,210,64,56,90,433099,945
600690,青岛海尔,电气机械及器材制造业,C38,2014-40,30/09/2014,-0.058964,,,,,,,,,,,,
600690,青岛海尔,电气机械及器材制造业,C38,2014-41,10/10/2014,0.006962,5617,13447,,,,,84,28,25,31,163907,244
600690,青岛海尔,电气机械及器材制造业,C38,2014-42,17/10/2014,-0.020113,7304,17506,,,,,187,55,62,70,384010,380
600690,青岛海尔,电气机械及器材制造业,C38,2014-43,24/10/2014,-0.00449,6620,16019,48,46,8,221,155,49,36,70,319776,376
600690,青岛海尔,电气机械及器材制造业,C38,2014-44,31/10/2014,0.065077,7726,20118,155,113,31,626,404,159,88,157,1050102,911
600690,青岛海尔,电气机械及器材制造业,C38,2014-45,07/11/2014,-0.014519,8035,19173,,,,,245,80,63,102,505900,637
600690,青岛海尔,电气机械及器材制造业,C38,2014-46,14/11/2014,0.087784,7857,18528,,,,,216,66,39,111,391618,586
600690,青岛海尔,电气机械及器材制造业,C38,2014-47,21/11/2014,-0.03781,8340,19080,5,12,4,46,314,79,81,154,550403,669
600690,青岛海尔,电气机械及器材制造业,C38,2014-48,28/11/2014,0.003519,8126,18703,,,,,289,88,87,114,551424,716
600690,青岛海尔,电气机械及器材制造业,C38,2014-49,05/12/2014,0.055523,8820,20876,29,26,3,63,236,74,70,92,518739,602
600690,青岛海尔,电气机械及器材制造业,C38,2014-50,12/12/2014,0.043189,9928,24088,,,,,271,104,60,107,650790,683
600690,青岛海尔,电气机械及器材制造业,C38,2014-51,19/12/2014,-0.007962,8735,21614,,,,,321,73,129,119,611483,668
600690,青岛海尔,电气机械及器材制造业,C38,2014-52,26/12/2014,-0.001605,8585,20748,31,191,5,245,345,119,86,140,610643,1363
600690,青岛海尔,电气机械及器材制造业,C38,2014-53,31/12/2014,-0.005359,,,,,,,,,,,,
600690,青岛海尔,电气机械及器材制造业,C38,2015-02,09/01/2015,0.056034,9435,23755,,,,,256,116,50,90,582905,665
600690,青岛海尔,电气机械及器材制造业,C38,2015-03,16/01/2015,0.083673,8523,20732,18,83,7,255,175,74,33,68,342190,341
600690,青岛海尔,电气机械及器材制造业,C38,2015-04,23/01/2015,-0.049906,8172,19361,,,,,240,82,63,95,450238,463
600690,青岛海尔,电气机械及器材制造业,C38,2015-05,30/01/2015,-0.011397,7668,17792,,,,,145,49,32,64,279849,339
600690,青岛海尔,电气机械及器材制造业,C38,2015-06,06/02/2015,-0.0401,7291,16565,,,,,152,42,44,66,267569,339
600690,青岛海尔,电气机械及器材制造业,C38,2015-07,13/02/2015,0.052219,6943,16094,,,,,179,51,35,93,265982,331
600690,青岛海尔,电气机械及器材制造业,C38,2015-08,17/02/2015,0.020347,,,,,,,,,,,,
600690,青岛海尔,电气机械及器材制造业,C38,2015-09,27/02/2015,-0.005837,4781,11636,,,,,162,48,40,74,355575,513
600690,青岛海尔,电气机械及器材制造业,C38,2015-10,06/03/2015,-0.052838,8350,19062,,,,,354,114,91,149,637398,1011
600690,青岛海尔,电气机械及器材制造业,C38,2015-11,13/03/2015,0.177686,9721,25376,17,133,5,208,354,119,74,161,953521,1615
600690,青岛海尔,电气机械及器材制造业,C38,2015-12,20/03/2015,0.008333,10234,25881,52,75,7,172,365,114,85,166,752972,1066
600690,青岛海尔,电气机械及器材制造业,C38,2015-13,27/03/2015,0.033493,10281,25102,,,,,349,115,82,152,963324,1059
600690,青岛海尔,电气机械及器材制造业,C38,2015-14,03/04/2015,0.164983,13802,38504,175,209,33,685,522,196,109,217,1514580,1867
600690,青岛海尔,电气机械及器材制造业,C38,2015-15,10/04/2015,-0.01409,13127,37867,,,,,667,217,147,303,1620510,1559
600690,青岛海尔,电气机械及器材制造业,C38,2015-16,17/04/2015,0.005497,14757,42288,44,74,6,158,825,220,226,379,1647022,1835
600690,青岛海尔,电气机械及器材制造业,C38,2015-17,24/04/2015,0.009111,15362,45995,,,,,690,260,137,293,1649249,1783
600690,青岛海尔,电气机械及器材制造业,C38,2015-18,30/04/2015,-0.020946,,,,,,,,,,,,
600690,青岛海尔,电气机械及器材制造业,C38,2015-19,08/05/2015,-0.020657,12013,36874,101,310,16,544,657,189,153,315,1323434,1533
600690,青岛海尔,电气机械及器材制造业,C38,2015-20,15/05/2015,-0.024482,13637,37713,,,,,864,234,253,377,1261790,3058
600690,青岛海尔,电气机械及器材制造业,C38,2015-21,22/05/2015,0.157529,14876,43262,6,51,2,62,710,237,146,327,1385174,1684
600690,青岛海尔,电气机械及器材制造业,C38,2015-22,29/05/2015,-0.021014,20529,78090,49,227,16,608,1410,481,283,646,8570218,4997
600690,青岛海尔,电气机械及器材制造业,C38,2015-23,05/06/2015,0.083816,16858,57602,,,,,694,273,141,280,1531139,1950
600690,青岛海尔,电气机械及器材制造业,C38,2015-24,12/06/2015,-0.018548,18107,64704,,,,,1354,458,339,557,2910098,4209
600690,青岛海尔,电气机械及器材制造业,C38,2015-25,19/06/2015,-0.134529,17126,57198,7,40,2,80,1122,292,301,529,1843815,1912
600690,青岛海尔,电气机械及器材制造业,C38,2015-26,26/06/2015,0.006292,15688,54178,,,,,639,209,113,317,1400791,1399
600690,青岛海尔,电气机械及器材制造业,C38,2015-27,03/07/2015,-0.072453,19039,65510,,,,,658,199,133,326,1197561,1611
600690,青岛海尔,电气机械及器材制造业,C38,2015-28,10/07/2015,0.176844,18410,61114,,,,,725,230,148,347,1308191,1594
600690,青岛海尔,电气机械及器材制造业,C38,2015-29,17/07/2015,-0.025876,21166,71972,,,,,1260,348,350,562,2267689,2859
600690,青岛海尔,电气机械及器材制造业,C38,2015-30,24/07/2015,-0.091485,18247,61765,6,22,0,62,1526,297,511,718,1937084,2490
600690,青岛海尔,电气机械及器材制造业,C38,2015-31,31/07/2015,-0.134005,15606,52418,,,,,1064,225,352,487,1495124,2345
600690,青岛海尔,电气机械及器材制造业,C38,2015-32,07/08/2015,0.015206,13538,41969,,,,,467,105,128,234,1027323,1105
600690,青岛海尔,电气机械及器材制造业,C38,2015-33,14/08/2015,0.075771,16283,54616,1,15,1,43,561,149,175,237,1336860,1269
600690,青岛海尔,电气机械及器材制造业,C38,2015-34,21/08/2015,-0.129402,16511,53768,,,,,827,207,254,366,1438613,1352
600690,青岛海尔,电气机械及器材制造业,C38,2015-35,28/08/2015,-0.076199,16387,53373,,,,,611,172,173,266,1224878,1346
600690,青岛海尔,电气机械及器材制造业,C38,2015-36,02/09/2015,0.053971,,,,,,,,,,,,
600690,青岛海尔,电气机械及器材制造业,C38,2015-37,11/09/2015,-0.055072,11898,32367,,,,,381,92,116,173,736347,695
600690,青岛海尔,电气机械及器材制造业,C38,2015-38,18/09/2015,0.010225,11031,31071,,,,,371,117,88,166,669777,663
600690,青岛海尔,电气机械及器材制造业,C38,2015-39,25/09/2015,-0.045547,10312,27641,56,108,33,469,562,121,172,269,699131,676
600690,青岛海尔,电气机械及器材制造业,C38,2015-40,30/09/2015,-0.039236,,,,,,,,,,,,
600690,青岛海尔,电气机械及器材制造业,C38,2015-41,09/10/2015,0.034216,5061,14599,,,,,160,35,49,76,290925,297
600690,青岛海尔,电气机械及器材制造业,C38,2015-42,16/10/2015,0.058698,10070,26920,,,,,347,94,106,147,993667,862
600690,青岛海尔,电气机械及器材制造业,C38,2016-06,05/02/2016,-0.165323,11437,38813,,,,,1469,312,390,767,4077232,2963
600690,青岛海尔,电气机械及器材制造业,C38,2016-08,19/02/2016,0.006039,8770,25317,,,,,375,79,106,190,1484441,876
600690,青岛海尔,电气机械及器材制造业,C38,2016-09,26/02/2016,-0.064826,9172,25654,,,,,600,155,148,297,1984006,1121
600690,青岛海尔,电气机械及器材制造业,C38,2016-10,04/03/2016,0.116816,10067,30461,,,,,596,159,132,305,2199587,1229
600690,青岛海尔,电气机械及器材制造业,C38,2016-11,11/03/2016,-0.049425,9216,25940,,,,,389,90,96,203,1367107,784
600690,青岛海尔,电气机械及器材制造业,C38,2016-12,18/03/2016,0.060459,9111,26039,,,,,406,126,92,188,1618742,862
600690,青岛海尔,电气机械及器材制造业,C38,2016-13,25/03/2016,-0.030787,9378,26397,,,,,617,119,191,307,1436526,1004
600690,青岛海尔,电气机械及器材制造业,C38,2016-14,01/04/2016,0.005882,8560,23831,,,,,503,127,134,242,1354595,803
600690,青岛海尔,电气机械及器材制造业,C38,2016-15,08/04/2016,-0.02807,7427,19931,,,,,471,93,125,253,1280189,724
600690,青岛海尔,电气机械及器材制造业,C38,2016-16,15/04/2016,0.012034,8145,22728,,,,,524,118,165,241,1174537,768
600690,青岛海尔,电气机械及器材制造业,C38,2016-17,22/04/2016,-0.048751,7608,20861,,,,,477,100,162,215,1091751,1007
600690,青岛海尔,电气机械及器材制造业,C38,2016-18,29/04/2016,0.04125,8592,24920,,,,,2024,874,158,992,1961387,1098
600690,青岛海尔,电气机械及器材制造业,C38,2016-19,06/05/2016,0,8312,25098,,,,,1321,494,70,757,878232,2888
600690,青岛海尔,电气机械及器材制造业,C38,2016-20,13/05/2016,0.078031,10011,30264,,,,,985,218,85,682,1015521,916
600690,青岛海尔,电气机械及器材制造业,C38,2016-21,20/05/2016,0.017817,8996,25838,,,,,872,147,90,635,910901,484
600690,青岛海尔,电气机械及器材制造业,C38,2016-22,27/05/2016,-0.019694,8022,23803,,,,,700,111,120,469,942283,345
600690,青岛海尔,电气机械及器材制造业,C38,2016-23,03/06/2016,0.045759,8310,25108,,,,,765,102,66,597,1064105,481
600690,青岛海尔,电气机械及器材制造业,C38,2016-24,08/06/2016,-0.020277,,,,,,,,,,,,
600690,青岛海尔,电气机械及器材制造业,C38,2016-25,17/06/2016,-0.029412,7269,22971,,,,,430,123,115,192,744075,462
600690,青岛海尔,电气机械及器材制造业,C38,2016-26,24/06/2016,-0.031425,7121,22342,,,,,352,81,100,171,664118,361
600690,青岛海尔,电气机械及器材制造业,C38,2016-27,01/07/2016,0.032445,6934,20903,,,,,317,92,65,160,409121,256
600690,青岛海尔,电气机械及器材制造业,C38,2016-28,08/07/2016,0.071829,7860,24042,,,,,320,104,59,157,327560,301
600690,青岛海尔,电气机械及器材制造业,C38,2016-29,15/07/2016,0.084817,9634,29227,,,,,419,127,100,192,442219,812
600690,青岛海尔,电气机械及器材制造业,C38,2016-30,22/07/2016,-0.002896,9626,26353,,,,,332,116,64,152,415707,367
600690,青岛海尔,电气机械及器材制造业,C38,2016-31,29/07/2016,0.079574,10260,28213,,,,,379,122,64,193,606170,630
600690,青岛海尔,电气机械及器材制造业,C38,2016-32,05/08/2016,-0.043876,9192,25301,,,,,275,72,78,125,297995,302
600690,青岛海尔,电气机械及器材制造业,C38,2016-33,12/08/2016,-0.006692,8588,23036,,,,,262,66,65,131,244449,252
600690,青岛海尔,电气机械及器材制造业,C38,2016-34,19/08/2016,-0.008662,8387,22227,,,,,328,81,100,147,285521,294
600690,青岛海尔,电气机械及器材制造业,C38,2016-35,26/08/2016,-0.006796,7576,19529,,,,,186,54,48,84,170701,186
600690,青岛海尔,电气机械及器材制造业,C38,2016-36,02/09/2016,0.047898,7851,21712,,,,,266,101,39,126,412778,314
600690,青岛海尔,电气机械及器材制造业,C38,2016-37,09/09/2016,-0.041978,7843,21816,,,,,295,56,97,142,232705,243
600690,青岛海尔,电气机械及器材制造业,C38,2016-38,14/09/2016,-0.021422,,,,,,,,,,,,
600690,青岛海尔,电气机械及器材制造业,C38,2016-39,23/09/2016,0.037811,8671,25101,,,,,315,84,61,170,498680,607
600690,青岛海尔,电气机械及器材制造业,C38,2016-40,30/09/2016,-0.027804,6868,18576,,,,,124,35,33,56,171272,117
600690,青岛海尔,电气机械及器材制造业,C38,2016-42,14/10/2016,0.000986,6932,18790,,,,,137,39,32,66,131939,120
600690,青岛海尔,电气机械及器材制造业,C38,2016-43,21/10/2016,0.005911,6679,18294,,,,,111,27,32,52,128555,185
600690,青岛海尔,电气机械及器材制造业,C38,2016-44,28/10/2016,-0.000979,7375,20717,,,,,123,40,24,59,193464,119
600690,青岛海尔,电气机械及器材制造业,C38,2016-45,04/11/2016,-0.023529,7216,23633,,,,,315,112,66,137,279763,310
600690,青岛海尔,电气机械及器材制造业,C38,2016-46,11/11/2016,0.002008,7074,19901,,,,,244,63,48,133,208707,229
600690,青岛海尔,电气机械及器材制造业,C38,2016-47,18/11/2016,-0.007014,6397,18776,,,,,224,60,49,115,194592,262
600690,青岛海尔,电气机械及器材制造业,C38,2016-48,25/11/2016,0.038345,7396,20969,,,,,320,97,80,143,242302,227
600690,青岛海尔,电气机械及器材制造业,C38,2016-49,02/12/2016,0.037901,8871,26435,,,,,283,81,70,132,631472,474
600690,青岛海尔,电气机械及器材制造业,C38,2016-50,09/12/2016,-0.037453,7234,20279,,,,,260,63,68,129,209777,262
600690,青岛海尔,电气机械及器材制造业,C38,2016-51,16/12/2016,-0.027237,6956,19302,,,,,272,63,85,124,198386,233
600690,青岛海尔,电气机械及器材制造业,C38,2016-52,23/12/2016,-0.01,5818,16665,,,,,219,63,53,103,143592,200
600690,青岛海尔,电气机械及器材制造业,C38,2016-53,30/12/2016,-0.00202,5330,15883,,,,,170,47,54,69,130122,123
600795,国电电力,电力、热力生产和供应业,D44,2014-01,03/01/2014,-0.021277,3195,6994,,,,,34,17,8,9,97123,148
600795,国电电力,电力、热力生产和供应业,D44,2014-02,10/01/2014,-0.021739,7569,16831,,,,,80,37,15,28,133427,101
600795,国电电力,电力、热力生产和供应业,D44,2014-03,17/01/2014,0.004444,7525,16363,,,,,83,48,12,23,156571,156
600795,国电电力,电力、热力生产和供应业,D44,2014-04,24/01/2014,0.022124,7472,16296,17,1,1,38,91,45,12,34,218247,251
600795,国电电力,电力、热力生产和供应业,D44,2014-05,30/01/2014,-0.004329,,,,,,,,,,,,
600795,国电电力,电力、热力生产和供应业,D44,2014-06,07/02/2014,0,3087,7378,,,,,25,12,6,7,81866,140
600795,国电电力,电力、热力生产和供应业,D44,2014-07,14/02/2014,0.013043,8608,18881,,,,,124,39,39,46,196837,262
600795,国电电力,电力、热力生产和供应业,D44,2014-08,21/02/2014,-0.004292,8549,18986,,,,,159,59,30,70,222674,280
600795,国电电力,电力、热力生产和供应业,D44,2014-09,28/02/2014,-0.00431,8357,18324,,,,,160,48,33,79,317435,322
600795,国电电力,电力、热力生产和供应业,D44,2014-10,07/03/2014,-0.004329,9088,20165,,,,,164,73,23,68,283180,404
600795,国电电力,电力、热力生产和供应业,D44,2014-11,14/03/2014,0.021739,9123,20032,,,,,173,71,39,63,305268,557
600795,国电电力,电力、热力生产和供应业,D44,2014-12,21/03/2014,-0.004255,9412,20323,,,,,301,109,80,112,417113,445
600795,国电电力,电力、热力生产和供应业,D44,2014-13,28/03/2014,0,10199,22263,49,83,17,322,296,118,57,121,525432,448
600795,国电电力,电力、热力生产和供应业,D44,2014-14,04/04/2014,0.004274,8970,19315,,,,,126,37,29,60,204585,126
600795,国电电力,电力、热力生产和供应业,D44,2014-15,11/04/2014,0.029787,7908,17397,,,,,79,37,17,25,178550,189
600795,国电电力,电力、热力生产和供应业,D44,2014-16,18/04/2014,-0.020661,8933,19599,,,,,74,27,12,35,145565,113
600795,国电电力,电力、热力生产和供应业,D44,2014-17,25/04/2014,-0.021097,8325,18332,,,,,101,37,23,41,225587,342
600795,国电电力,电力、热力生产和供应业,D44,2014-18,30/04/2014,-0.025862,,,,,,,,,,,,
600795,国电电力,电力、热力生产和供应业,D44,2014-19,09/05/2014,-0.00885,8527,18440,4,29,8,47,94,42,28,24,158350,169
600795,国电电力,电力、热力生产和供应业,D44,2014-20,16/05/2014,0.008929,8523,18443,,,,,87,38,22,27,157789,157
600795,国电电力,电力、热力生产和供应业,D44,2014-21,23/05/2014,0.013274,8021,17489,,,,,80,40,16,24,193462,238
600795,国电电力,电力、热力生产和供应业,D44,2014-22,30/05/2014,0,7959,17535,,,,,110,41,25,44,302876,498
600795,国电电力,电力、热力生产和供应业,D44,2014-23,06/06/2014,0,6526,14920,,,,,94,40,20,34,236282,246
600795,国电电力,电力、热力生产和供应业,D44,2014-24,13/06/2014,0.008734,8623,19023,,,,,224,84,62,78,377534,563
600795,国电电力,电力、热力生产和供应业,D44,2014-25,20/06/2014,-0.027523,8213,18505,,,,,190,52,62,76,302661,483
600795,国电电力,电力、热力生产和供应业,D44,2014-26,27/06/2014,0.014151,6934,16169,,,,,100,43,25,32,258020,275
600795,国电电力,电力、热力生产和供应业,D44,2014-27,04/07/2014,0.009302,7463,16995,,,,,96,33,24,39,256921,280
600795,国电电力,电力、热力生产和供应业,D44,2014-28,11/07/2014,0.009217,7867,17816,,,,,148,57,34,57,301300,392
600795,国电电力,电力、热力生产和供应业,D44,2014-29,18/07/2014,0.041096,9106,20590,,,,,131,54,19,58,289372,303
600795,国电电力,电力、热力生产和供应业,D44,2014-30,25/07/2014,0.017544,8417,19413,,,,,90,36,18,36,304231,746
600795,国电电力,电力、热力生产和供应业,D44,2014-31,01/08/2014,0.008621,9316,22442,,,,,184,61,45,78,533988,563
600795,国电电力,电力、热力生产和供应业,D44,2014-32,08/08/2014,-0.012821,9222,22188,,,,,122,39,38,45,314904,388
600795,国电电力,电力、热力生产和供应业,D44,2014-33,15/08/2014,-0.004329,8710,20349,,,,,200,70,47,83,383324,437
600795,国电电力,电力、热力生产和供应业,D44,2014-34,22/08/2014,0.013043,8446,19753,,,,,258,82,60,116,556544,660
600795,国电电力,电力、热力生产和供应业,D44,2014-35,29/08/2014,-0.008584,8384,19748,73,107,32,449,219,72,69,78,477488,529
600795,国电电力,电力、热力生产和供应业,D44,2014-36,05/09/2014,0.034632,9246,21708,,,,,214,70,63,81,433671,510
600795,国电电力,电力、热力生产和供应业,D44,2014-37,12/09/2014,0.029289,9247,22090,,,,,206,89,46,71,587520,668
600795,国电电力,电力、热力生产和供应业,D44,2014-38,19/09/2014,0.012195,12873,31105,11,7,2,41,209,67,63,79,502444,572
600795,国电电力,电力、热力生产和供应业,D44,2014-39,26/09/2014,0.040161,12393,29627,21,83,12,294,248,106,47,95,589155,847
600795,国电电力,电力、热力生产和供应业,D44,2014-40,30/09/2014,-0.003861,,,,,,,,,,,,
600795,国电电力,电力、热力生产和供应业,D44,2014-41,10/10/2014,-0.007752,6842,17787,,,,,122,34,26,62,250414,324
600795,国电电力,电力、热力生产和供应业,D44,2014-42,17/10/2014,-0.019531,10254,26276,,,,,435,144,94,197,964173,880
600795,国电电力,电力、热力生产和供应业,D44,2014-43,24/10/2014,-0.027888,9177,23425,,,,,228,81,59,88,425301,501
600795,国电电力,电力、热力生产和供应业,D44,2014-44,31/10/2014,0.217213,14729,39697,78,87,27,454,622,245,125,252,1762865,1600
600795,国电电力,电力、热力生产和供应业,D44,2014-45,07/11/2014,-0.037037,21164,59132,,,,,903,291,208,404,1699066,1728
600795,国电电力,电力、热力生产和供应业,D44,2014-46,14/11/2014,0.01049,16787,45557,,,,,460,143,125,192,974500,936
600795,国电电力,电力、热力生产和供应业,D44,2014-47,21/11/2014,-0.00346,14543,37827,,,,,486,120,165,201,809781,1046
600795,国电电力,电力、热力生产和供应业,D44,2014-48,28/11/2014,0.03125,17601,46144,,,,,659,171,211,277,1090003,1605
600795,国电电力,电力、热力生产和供应业,D44,2014-49,05/12/2014,0.070707,23424,64992,,,,,499,167,127,205,1026079,1302
600795,国电电力,电力、热力生产和供应业,D44,2014-50,12/12/2014,0.103774,33936,106169,7,36,0,66,665,216,152,297,1834847,2056
600795,国电电力,电力、热力生产和供应业,D44,2014-51,19/12/2014,0.168091,34389,106570,9,16,3,32,1228,438,239,551,3041439,4461
600795,国电电力,电力、热力生产和供应业,D44,2014-52,26/12/2014,0.134146,57516,200741,,,,,2840,901,635,1304,5529988,7928
600795,国电电力,电力、热力生产和供应业,D44,2014-53,31/12/2014,-0.004301,,,,,,,,,,,,
600795,国电电力,电力、热力生产和供应业,D44,2015-02,09/01/2015,-0.058315,50139,168190,,,,,1998,614,548,836,3752915,4994
600795,国电电力,电力、热力生产和供应业,D44,2015-03,16/01/2015,-0.016055,38135,123709,7,33,9,168,1395,433,337,625,2504596,3956
600795,国电电力,电力、热力生产和供应业,D44,2015-04,23/01/2015,-0.051282,36978,121270,,,,,1357,335,356,666,3147595,5278
600795,国电电力,电力、热力生产和供应业,D44,2015-05,30/01/2015,-0.014742,34098,107962,,,,,1197,337,320,540,2770821,3960
600795,国电电力,电力、热力生产和供应业,D44,2015-06,06/02/2015,-0.127182,30074,96029,,,,,1467,275,538,654,2396850,4073
600795,国电电力,电力、热力生产和供应业,D44,2015-07,13/02/2015,0.045714,26487,82208,,,,,987,278,327,382,1792501,2706
600795,国电电力,电力、热力生产和供应业,D44,2015-08,17/02/2015,0.013661,,,,,,,,,,,,
600795,国电电力,电力、热力生产和供应业,D44,2015-09,27/02/2015,0.040431,19748,59689,,,,,535,174,114,247,1438511,2200
600795,国电电力,电力、热力生产和供应业,D44,2015-10,06/03/2015,-0.028497,33319,102012,11,14,4,29,1041,290,287,464,3374377,5086
600795,国电电力,电力、热力生产和供应业,D44,2015-11,13/03/2015,0.034667,29641,90782,,,,,957,301,229,427,1569203,2634
600795,国电电力,电力、热力生产和供应业,D44,2015-12,20/03/2015,0.103093,46324,147503,,,,,1385,467,289,629,3086319,4614
600795,国电电力,电力、热力生产和供应业,D44,2015-13,27/03/2015,0.007009,53361,177724,,,,,1695,520,425,750,4438152,9661
600795,国电电力,电力、热力生产和供应业,D44,2015-14,03/04/2015,0.023202,50259,158868,33,18,19,102,2050,577,564,909,3841498,5851
600795,国电电力,电力、热力生产和供应业,D44,2015-15,10/04/2015,0.006803,46842,153334,,,,,2056,575,537,944,4491584,7049
600795,国电电力,电力、热力生产和供应业,D44,2015-16,17/04/2015,0.216216,90911,380504,,,,,3565,1070,800,1695,8900051,9957
600795,国电电力,电力、热力生产和供应业,D44,2015-17,24/04/2015,0.114815,110933,518310,,,,,3126,1027,742,1357,8260319,10940
600795,国电电力,电力、热力生产和供应业,D44,2015-18,30/04/2015,0.043189,,,,,,,,,,,,
600795,国电电力,电力、热力生产和供应业,D44,2015-19,08/05/2015,-0.003185,133042,733055,12,49,8,71,5539,1415,1651,2473,9294128,15988
600795,国电电力,电力、热力生产和供应业,D44,2015-20,15/05/2015,0.115016,134833,693382,,,,,4424,1259,1169,1996,7289521,10945
600795,国电电力,电力、热力生产和供应业,D44,2015-21,22/05/2015,-0.014327,107083,505595,,,,,4084,1063,1312,1709,5434431,8692
600795,国电电力,电力、热力生产和供应业,D44,2015-22,29/05/2015,-0.021802,121898,542726,,,,,3996,1059,1090,1847,8648768,10902
600795,国电电力,电力、热力生产和供应业,D44,2015-23,05/06/2015,0.054978,107691,487458,,,,,4024,966,1195,1863,6940963,10429
600795,国电电力,电力、热力生产和供应业,D44,2015-24,12/06/2015,0.012676,98521,418522,,,,,3354,905,964,1485,5313547,7015
600795,国电电力,电力、热力生产和供应业,D44,2015-25,19/06/2015,-0.073713,100967,440948,20,45,3,102,3325,947,802,1576,5670906,7026
600795,国电电力,电力、热力生产和供应业,D44,2015-26,26/06/2015,-0.001502,85178,390139,,,,,2624,638,686,1300,4684437,6110
600795,国电电力,电力、热力生产和供应业,D44,2015-27,03/07/2015,-0.221053,100250,450164,,,,,2375,547,696,1132,4189750,7189
600795,国电电力,电力、热力生产和供应业,D44,2015-28,10/07/2015,0.034749,93194,410115,,,,,2271,542,676,1053,3109615,4268
600795,国电电力,电力、热力生产和供应业,D44,2015-29,17/07/2015,0.023033,82156,351555,,,,,1352,300,416,636,2429619,2941
600795,国电电力,电力、热力生产和供应业,D44,2015-30,24/07/2015,0.033771,67076,276240,,,,,1375,325,417,633,2758917,4136
600795,国电电力,电力、热力生产和供应业,D44,2015-31,31/07/2015,-0.068966,54010,220280,,,,,935,222,283,430,1659213,1742
600795,国电电力,电力、热力生产和供应业,D44,2015-32,07/08/2015,0.021442,45280,174140,,,,,1031,262,321,448,1714325,1530
600795,国电电力,电力、热力生产和供应业,D44,2015-33,14/08/2015,0.068702,48801,192224,,,,,1118,270,347,501,2366867,1653
600795,国电电力,电力、热力生产和供应业,D44,2015-34,21/08/2015,-0.142857,43034,161138,,,,,871,179,286,406,1787370,1387
600795,国电电力,电力、热力生产和供应业,D44,2015-35,28/08/2015,-0.102083,36757,149541,34,27,13,181,549,132,174,243,1465858,847
600795,国电电力,电力、热力生产和供应业,D44,2015-36,02/09/2015,0.034803,,,,,,,,,,,,
600795,国电电力,电力、热力生产和供应业,D44,2015-37,11/09/2015,-0.020179,27330,99324,,,,,608,109,198,301,1111088,861
600795,国电电力,电力、热力生产和供应业,D44,2015-38,18/09/2015,-0.020595,23571,86286,,,,,479,92,146,241,848066,956
600795,国电电力,电力、热力生产和供应业,D44,2015-39,25/09/2015,-0.037383,19521,68703,,,,,644,123,203,318,683928,545
600795,国电电力,电力、热力生产和供应业,D44,2015-40,30/09/2015,-0.021845,,,,,,,,,,,,
600795,国电电力,电力、热力生产和供应业,D44,2015-41,09/10/2015,0.032258,8964,32155,,,,,233,45,71,117,420269,332
600795,国电电力,电力、热力生产和供应业,D44,2015-42,16/10/2015,0.038462,19236,70984,,,,,538,117,142,279,841700,875
600795,国电电力,电力、热力生产和供应业,D44,2015-43,23/10/2015,-0.013889,19751,71516,,,,,779,185,220,374,824201,845
600795,国电电力,电力、热力生产和供应业,D44,2015-44,30/10/2015,-0.035211,16926,60162,,,,,724,138,217,369,828541,945
600795,国电电力,电力、热力生产和供应业,D44,2015-45,06/11/2015,0.046229,18521,67099,6,3,2,26,773,158,220,395,923931,1068
600795,国电电力,电力、热力生产和供应业,D44,2015-46,13/11/2015,0.004651,19179,71444,,,,,605,151,167,287,811311,1036
600795,国电电力,电力、热力生产和供应业,D44,2015-47,20/11/2015,-0.016204,16771,62296,,,,,677,146,187,344,808217,890
600795,国电电力,电力、热力生产和供应业,D44,2015-48,27/11/2015,-0.063529,15292,54372,,,,,652,136,226,290,658376,734
600795,国电电力,电力、热力生产和供应业,D44,2015-49,04/12/2015,0.017588,15759,56599,,,,,540,121,182,237,561514,579
600795,国电电力,电力、热力生产和供应业,D44,2015-50,11/12/2015,-0.024691,13623,45956,,,,,567,113,173,281,1086861,608
600795,国电电力,电力、热力生产和供应业,D44,2015-51,18/12/2015,0.01519,13727,47409,,,,,583,148,170,265,1240309,908
600795,国电电力,电力、热力生产和供应业,D44,2015-52,25/12/2015,-0.004988,14342,49483,,,,,703,185,198,320,1280067,875
600795,国电电力,电力、热力生产和供应业,D44,2015-53,31/12/2015,-0.015038,,,,,,,,,,,,
600795,国电电力,电力、热力生产和供应业,D44,2016-02,08/01/2016,-0.091603,14328,52972,,,,,550,97,174,279,1270443,794
600795,国电电力,电力、热力生产和供应业,D44,2016-03,15/01/2016,-0.106443,13415,48769,,,,,577,103,181,293,1206103,909
600795,国电电力,电力、热力生产和供应业,D44,2016-04,22/01/2016,-0.00627,12841,44839,,,,,604,146,185,273,1111381,712
600795,国电电力,电力、热力生产和供应业,D44,2016-05,29/01/2016,-0.091483,11775,41583,,,,,551,145,156,250,1147032,777
600795,国电电力,电力、热力生产和供应业,D44,2016-06,05/02/2016,0.010417,9957,34099,,,,,312,73,85,154,1249974,878
600795,国电电力,电力、热力生产和供应业,D44,2016-08,19/02/2016,0.034364,11623,39409,,,,,276,74,85,117,657248,361
600795,国电电力,电力、热力生产和供应业,D44,2016-09,26/02/2016,-0.023256,12471,42165,,,,,261,60,74,127,764305,619
600795,国电电力,电力、热力生产和供应业,D44,2016-10,04/03/2016,0.061224,12015,41603,,,,,306,61,91,154,610041,358
600795,国电电力,电力、热力生产和供应业,D44,2016-11,11/03/2016,-0.022436,10667,35698,,,,,189,48,47,94,381843,267
600795,国电电力,电力、热力生产和供应业,D44,2016-12,18/03/2016,0.032787,11241,36960,,,,,436,104,126,206,809534,598
600795,国电电力,电力、热力生产和供应业,D44,2016-13,25/03/2016,-0.019048,11423,37647,,,,,479,110,137,232,1072873,573
600795,国电电力,电力、热力生产和供应业,D44,2016-14,01/04/2016,-0.003236,9380,31648,,,,,296,86,83,127,910308,448
600795,国电电力,电力、热力生产和供应业,D44,2016-15,08/04/2016,-0.00974,8600,27442,,,,,214,47,59,108,784435,427
600795,国电电力,电力、热力生产和供应业,D44,2016-16,15/04/2016,0.016393,9827,32888,,,,,397,77,138,182,1347680,616
600795,国电电力,电力、热力生产和供应业,D44,2016-17,22/04/2016,-0.03871,8482,26994,,,,,256,73,68,115,741386,487
600795,国电电力,电力、热力生产和供应业,D44,2016-18,29/04/2016,-0.010067,8459,26943,,,,,1738,769,67,902,736097,464
600795,国电电力,电力、热力生产和供应业,D44,2016-19,06/05/2016,-0.00339,7652,25617,,,,,1353,487,69,797,726005,794
600795,国电电力,电力、热力生产和供应业,D44,2016-20,13/05/2016,-0.003401,9062,29994,,,,,1071,267,88,716,699739,1114
600795,国电电力,电力、热力生产和供应业,D44,2016-21,20/05/2016,-0.013652,8305,27088,,,,,922,158,111,653,599544,573
600795,国电电力,电力、热力生产和供应业,D44,2016-22,27/05/2016,0,7656,24329,,,,,978,164,192,622,914102,706
600795,国电电力,电力、热力生产和供应业,D44,2016-23,03/06/2016,0.017301,8026,26737,,,,,994,150,145,699,934933,721
600795,国电电力,电力、热力生产和供应业,D44,2016-24,08/06/2016,0,,,,,,,,,,,,
600795,国电电力,电力、热力生产和供应业,D44,2016-25,17/06/2016,-0.006803,7649,25270,,,,,607,150,119,338,868807,716
600795,国电电力,电力、热力生产和供应业,D44,2016-26,24/06/2016,-0.010274,7459,23228,,,,,449,126,123,200,563388,555
600795,国电电力,电力、热力生产和供应业,D44,2016-27,01/07/2016,0.013841,7715,24235,,,,,446,122,102,222,425111,565
600795,国电电力,电力、热力生产和供应业,D44,2016-28,08/07/2016,0.023891,9840,32357,,,,,615,197,103,315,509567,866
600795,国电电力,电力、热力生产和供应业,D44,2016-29,15/07/2016,0.031142,9643,30920,,,,,880,255,182,443,449723,619
600795,国电电力,电力、热力生产和供应业,D44,2016-30,22/07/2016,-0.013423,8464,27155,,,,,737,211,191,335,534006,962
600795,国电电力,电力、热力生产和供应业,D44,2016-31,29/07/2016,0.017007,8678,28090,,,,,763,183,172,408,552705,2013
600795,国电电力,电力、热力生产和供应业,D44,2016-32,05/08/2016,-0.006689,7732,24902,,,,,674,188,199,287,394319,854
600795,国电电力,电力、热力生产和供应业,D44,2016-33,12/08/2016,0.020202,7762,25268,,,,,552,149,119,284,346813,900
600795,国电电力,电力、热力生产和供应业,D44,2016-34,19/08/2016,0.013201,9356,31165,,,,,1150,293,311,546,525661,904
600795,国电电力,电力、热力生产和供应业,D44,2016-35,26/08/2016,-0.016287,7675,24760,,,,,533,122,153,258,274978,510
600795,国电电力,电力、热力生产和供应业,D44,2016-36,02/09/2016,0.006623,7635,23842,,,,,743,193,227,323,411432,795
600795,国电电力,电力、热力生产和供应业,D44,2016-37,09/09/2016,-0.003289,7753,24053,,,,,450,153,125,172,236864,408
600795,国电电力,电力、热力生产和供应业,D44,2016-38,14/09/2016,-0.009901,,,,,,,,,,,,
600795,国电电力,电力、热力生产和供应业,D44,2016-39,23/09/2016,-0.003333,7259,21385,,,,,186,45,58,83,135771,207
600795,国电电力,电力、热力生产和供应业,D44,2016-40,30/09/2016,-0.010033,6815,19567,,,,,209,62,46,101,201381,195
600795,国电电力,电力、热力生产和供应业,D44,2016-42,14/10/2016,0.013514,7217,22902,,,,,230,74,47,109,177963,172
600795,国电电力,电力、热力生产和供应业,D44,2016-43,21/10/2016,0.01,7441,23069,,,,,266,99,61,106,220419,204
600795,国电电力,电力、热力生产和供应业,D44,2016-44,28/10/2016,-0.0033,7999,25962,,,,,209,67,41,101,189704,337
600795,国电电力,电力、热力生产和供应业,D44,2016-45,04/11/2016,-0.009934,6937,21819,,,,,206,58,60,88,118750,149
600795,国电电力,电力、热力生产和供应业,D44,2016-46,11/11/2016,0.020067,7258,23104,,,,,223,60,58,105,171341,184
600795,国电电力,电力、热力生产和供应业,D44,2016-47,18/11/2016,0,8487,27035,,,,,360,106,96,158,263941,364
600795,国电电力,电力、热力生产和供应业,D44,2016-48,25/11/2016,0.042623,13364,46965,,,,,709,199,162,348,793377,1537
600795,国电电力,电力、热力生产和供应业,D44,2016-49,02/12/2016,0.053459,12929,43326,,,,,428,135,86,207,698603,743
600795,国电电力,电力、热力生产和供应业,D44,2016-50,09/12/2016,-0.041791,11656,38482,,,,,624,179,165,280,719224,802
600795,国电电力,电力、热力生产和供应业,D44,2016-51,16/12/2016,-0.028037,9570,31702,,,,,343,73,105,165,326190,319
600795,国电电力,电力、热力生产和供应业,D44,2016-52,23/12/2016,0.025641,9957,32239,,,,,451,141,101,209,439561,728
600795,国电电力,电力、热力生产和供应业,D44,2016-53,30/12/2016,-0.009375,8122,26661,,,,,252,68,71,113,203756,296
600837,海通证券,资本市场服务,J67,2014-01,03/01/2014,-0.048587,4002,12540,,,,,184,58,48,78,317357,400
600837,海通证券,资本市场服务,J67,2014-02,10/01/2014,-0.053853,9842,31195,,,,,437,112,153,172,645318,741
600837,海通证券,资本市场服务,J67,2014-03,17/01/2014,0.007851,9199,28721,,,,,293,92,79,122,425075,514
600837,海通证券,资本市场服务,J67,2014-04,24/01/2014,0.043817,9164,29715,12,20,2,78,207,86,55,66,368758,496
600837,海通证券,资本市场服务,J67,2014-05,30/01/2014,-0.040112,,,,,,,,,,,,
600837,海通证券,资本市场服务,J67,2014-06,07/02/2014,0.004859,3167,15195,,,,,73,32,21,20,174173,224
600837,海通证券,资本市场服务,J67,2014-07,14/02/2014,0.024178,10814,32604,,,,,336,121,103,112,492321,544
600837,海通证券,资本市场服务,J67,2014-08,21/02/2014,-0.061379,11006,36725,,,,,524,148,174,202,865269,1068
600837,海通证券,资本市场服务,J67,2014-09,28/02/2014,-0.035211,11233,31930,,,,,570,190,163,217,820072,1068
600837,海通证券,资本市场服务,J67,2014-10,07/03/2014,-0.032325,10878,31378,,,,,423,134,116,173,538413,518
600837,海通证券,资本市场服务,J67,2014-11,14/03/2014,-0.028017,10038,29149,,,,,272,82,95,95,389010,549
600837,海通证券,资本市场服务,J67,2014-12,21/03/2014,0.036585,9848,28863,,,,,285,104,71,110,455872,729
600837,海通证券,资本市场服务,J67,2014-13,28/03/2014,0.003209,11125,34611,66,105,10,211,320,130,74,116,575698,478
600837,海通证券,资本市场服务,J67,2014-14,04/04/2014,0.013859,9875,30071,252,234,40,811,195,73,45,77,367517,314
600837,海通证券,资本市场服务,J67,2014-15,11/04/2014,0.063091,10287,34450,144,271,38,560,250,107,57,86,474112,1694
600837,海通证券,资本市场服务,J67,2014-16,18/04/2014,-0.021761,11008,32842,,,,,207,88,48,71,329131,313
600837,海通证券,资本市场服务,J67,2014-17,25/04/2014,-0.038423,9716,29565,,,,,194,53,58,83,275113,263
600837,海通证券,资本市场服务,J67,2014-18,30/04/2014,-0.016824,,,,,,,,,,,,
600837,海通证券,资本市场服务,J67,2014-19,09/05/2014,0.012834,9466,29562,11,9,1,49,165,54,52,59,238311,297
600837,海通证券,资本市场服务,J67,2014-20,16/05/2014,-0.008448,10066,31574,,,,,227,67,62,98,322957,375
600837,海通证券,资本市场服务,J67,2014-21,23/05/2014,-0.00213,9161,27198,,,,,166,53,54,59,315828,418
600837,海通证券,资本市场服务,J67,2014-22,30/05/2014,-0.013874,9018,27612,,,,,128,32,47,49,230711,290
600837,海通证券,资本市场服务,J67,2014-23,06/06/2014,-0.015152,7194,23275,,,,,105,37,25,43,212557,460
600837,海通证券,资本市场服务,J67,2014-24,13/06/2014,0.023077,8778,27748,,,,,109,47,24,38,231296,215
600837,海通证券,资本市场服务,J67,2014-25,20/06/2014,-0.015038,9081,29565,,,,,122,39,42,41,290825,270
600837,海通证券,资本市场服务,J67,2014-26,27/06/2014,0.00663,7987,26617,,,,,156,40,54,62,297137,450
600837,海通证券,资本市场服务,J67,2014-27,04/07/2014,0.006586,8396,30412,,,,,133,47,36,50,259331,393
600837,海通证券,资本市场服务,J67,2014-28,11/07/2014,-0.017448,8189,29598,,,,,185,57,45,83,336252,388
600837,海通证券,资本市场服务,J67,2014-29,18/07/2014,0.009989,8418,30950,,,,,138,50,40,48,364295,504
600837,海通证券,资本市场服务,J67,2014-30,25/07/2014,0.063736,10275,37124,16,36,8,167,263,103,55,105,617426,966
600837,海通证券,资本市场服务,J67,2014-31,01/08/2014,0.01343,12510,46639,,,,,363,126,100,137,729932,984
600837,海通证券,资本市场服务,J67,2014-32,08/08/2014,0.014271,11640,42407,,,,,240,91,61,88,553562,752
600837,海通证券,资本市场服务,J67,2014-33,15/08/2014,0.020101,11003,41420,,,,,190,72,51,67,331626,450
600837,海通证券,资本市场服务,J67,2014-34,22/08/2014,-0.026601,10222,41581,,,,,291,96,96,99,498269,557
600837,海通证券,资本市场服务,J67,2014-35,29/08/2014,-0.006073,9115,37879,286,226,47,1010,234,80,67,87,362305,282
600837,海通证券,资本市场服务,J67,2014-36,05/09/2014,0.056008,10898,46254,,,,,334,120,91,123,533599,452
600837,海通证券,资本市场服务,J67,2014-37,12/09/2014,-0.012536,9462,42665,,,,,231,76,51,104,339538,339
600837,海通证券,资本市场服务,J67,2014-38,19/09/2014,-0.010742,10890,48346,,,,,305,90,81,134,438593,535
600837,海通证券,资本市场服务,J67,2014-39,26/09/2014,0.01382,11230,47131,10,41,7,177,322,100,102,120,508883,509
600837,海通证券,资本市场服务,J67,2014-40,30/09/2014,0.004869,,,,,,,,,,,,
600837,海通证券,资本市场服务,J67,2014-41,10/10/2014,-0.013566,6984,38249,,,,,244,63,74,107,423616,431
600837,海通证券,资本市场服务,J67,2014-42,17/10/2014,0.005894,11475,49010,,,,,396,113,134,149,811088,883
600837,海通证券,资本市场服务,J67,2014-43,24/10/2014,-0.023438,11298,43663,,,,,317,113,94,110,573064,614
600837,海通证券,资本市场服务,J67,2014-44,31/10/2014,0.064,11896,47286,158,163,27,607,451,148,133,170,947999,994
600837,海通证券,资本市场服务,J67,2014-45,07/11/2014,0.022556,14595,56909,29,82,9,157,609,205,166,238,1156669,1288
600837,海通证券,资本市场服务,J67,2014-46,14/11/2014,0.116728,19306,72528,67,81,13,317,745,319,138,288,1658845,1622
600837,海通证券,资本市场服务,J67,2014-47,21/11/2014,0.03786,17332,65545,4,14,2,57,687,229,173,285,1426710,1444
600837,海通证券,资本市场服务,J67,2014-48,28/11/2014,0.146709,25443,108774,4,14,2,57,853,285,188,380,2671015,4985
600837,海通证券,资本市场服务,J67,2014-49,05/12/2014,0.239972,33650,185610,99,209,30,732,1963,683,432,848,7510159,5265
600837,海通证券,资本市场服务,J67,2014-50,12/12/2014,0.107641,44070,247433,,,,,2973,989,729,1255,5505455,7462
600837,海通证券,资本市场服务,J67,2014-51,19/12/2014,0.133434,40757,199382,28,25,3,56,2436,834,566,1036,4809636,7686
600837,海通证券,资本市场服务,J67,2014-52,26/12/2014,0.023101,34496,163928,21,63,5,153,2549,804,588,1157,4984597,6915
600837,海通证券,资本市场服务,J67,2014-53,31/12/2014,0.044724,,,,,,,,,,,,
600837,海通证券,资本市场服务,J67,2015-02,09/01/2015,-0.024106,33743,159005,4,11,2,54,2074,730,502,842,3841109,4612
600837,海通证券,资本市场服务,J67,2015-03,16/01/2015,-0.019165,26546,122075,9,41,7,176,2297,610,641,1046,4048029,6211
600837,海通证券,资本市场服务,J67,2015-04,23/01/2015,-0.057317,32512,153486,11,39,8,177,2807,929,658,1220,5319156,7338
600837,海通证券,资本市场服务,J67,2015-05,30/01/2015,-0.084754,23479,108216,,,,,1357,368,412,577,2258072,3966
600837,海通证券,资本市场服务,J67,2015-06,06/02/2015,0.049824,23316,99218,9,10,1,20,1346,445,301,600,2899764,4608
600837,海通证券,资本市场服务,J67,2015-07,13/02/2015,0.040748,24152,95737,,,,,1018,354,248,416,2123178,2784
600837,海通证券,资本市场服务,J67,2015-08,17/02/2015,0.000461,,,,,,,,,,,,
600837,海通证券,资本市场服务,J67,2015-09,27/02/2015,0.001842,13682,61694,,,,,492,117,161,214,1169581,1621
600837,海通证券,资本市场服务,J67,2015-10,06/03/2015,-0.046875,22899,105024,,,,,1432,408,380,644,3500319,5089
600837,海通证券,资本市场服务,J67,2015-11,13/03/2015,-0.001929,20877,99236,,,,,1144,360,272,512,2173280,2620
600837,海通证券,资本市场服务,J67,2015-12,20/03/2015,0.129469,25209,133653,,,,,1097,406,239,452,2578724,3638
600837,海通证券,资本市场服务,J67,2015-13,27/03/2015,-0.02438,25011,147824,,,,,1401,431,373,597,3127226,4271
600837,海通证券,资本市场服务,J67,2015-14,03/04/2015,0.179307,31397,182395,274,320,31,1018,2033,767,389,877,7984766,12658
600837,海通证券,资本市场服务,J67,2015-15,10/04/2015,0.020074,38242,229108,,,,,3009,1038,649,1322,8179075,9594
600837,海通证券,资本市场服务,J67,2015-16,17/04/2015,0.006924,35475,300551,45,50,2,151,2970,829,794,1347,6671602,9429
600837,海通证券,资本市场服务,J67,2015-17,24/04/2015,0.043793,40252,300514,,,,,2573,794,607,1172,6470523,7947
600837,海通证券,资本市场服务,J67,2015-18,30/04/2015,-0.007975,,,,,,,,,,,,
600837,海通证券,资本市场服务,J67,2015-19,08/05/2015,-0.026215,31187,205111,,,,,2674,772,714,1188,5326196,7204
600837,海通证券,资本市场服务,J67,2015-20,15/05/2015,-0.048098,29199,196005,,,,,2671,634,837,1200,4554740,6381
600837,海通证券,资本市场服务,J67,2015-21,22/05/2015,0.059201,27581,194400,,,,,1817,510,485,822,3018521,4248
600837,海通证券,资本市场服务,J67,2015-22,29/05/2015,-0.082948,27872,234507,,,,,1792,479,528,785,3675208,5166
600837,海通证券,资本市场服务,J67,2015-23,05/06/2015,0.049301,25223,211877,,,,,1541,437,431,673,2871797,3573
600837,海通证券,资本市场服务,J67,2015-24,12/06/2015,0.00037,25034,189826,,,,,1337,382,384,571,2510765,3418
600837,海通证券,资本市场服务,J67,2015-25,19/06/2015,-0.140163,22673,161716,,,,,1549,370,511,668,2538584,4696
600837,海通证券,资本市场服务,J67,2015-26,26/06/2015,-0.084731,19008,121307,,,,,1079,290,322,467,1677323,2198
600837,海通证券,资本市场服务,J67,2015-27,03/07/2015,-0.031485,28191,174756,,,,,1320,377,339,604,2712462,9421
600837,海通证券,资本市场服务,J67,2015-28,10/07/2015,0.093644,31673,195488,,,,,1882,516,540,826,3371925,4798
600837,海通证券,资本市场服务,J67,2015-29,17/07/2015,-0.084791,24059,148694,,,,,1656,399,492,765,2438781,3563
600837,海通证券,资本市场服务,J67,2015-30,24/07/2015,-0.060294,20047,117321,,,,,1983,435,631,917,2684533,3316
600837,海通证券,资本市场服务,J67,2015-31,31/07/2015,-0.102765,19780,107279,,,,,1718,471,531,716,2534850,3666
600837,海通证券,资本市场服务,J67,2015-32,07/08/2015,-0.041279,15710,87979,,,,,1361,289,490,582,1955015,2326
600837,海通证券,资本市场服务,J67,2015-33,14/08/2015,0.057004,15947,91844,,,,,882,222,299,361,1534285,1385
600837,海通证券,资本市场服务,J67,2015-34,21/08/2015,-0.195066,16225,89178,,,,,1193,304,335,554,1968135,3758
600837,海通证券,资本市场服务,J67,2015-35,28/08/2015,-0.097648,16872,101726,12,7,2,77,1296,323,399,574,3052105,6305
600837,海通证券,资本市场服务,J67,2015-36,02/09/2015,-0.028436,,,,,,,,,,,,
600837,海通证券,资本市场服务,J67,2015-37,11/09/2015,0.047154,12575,66562,,,,,695,193,201,301,1712595,2656
600837,海通证券,资本市场服务,J67,2015-38,18/09/2015,0.017857,12931,64070,,,,,860,270,222,368,2558825,4211
600837,海通证券,资本市场服务,J67,2015-39,25/09/2015,-0.022883,12233,58869,,,,,869,270,188,411,1557668,2858
600837,海通证券,资本市场服务,J67,2015-40,30/09/2015,-0.004684,,,,,,,,,,,,
600837,海通证券,资本市场服务,J67,2015-41,09/10/2015,0.077647,6122,34112,,,,,285,93,66,126,875632,1195
600837,海通证券,资本市场服务,J67,2015-42,16/10/2015,0.083697,11398,57089,,,,,567,226,113,228,2050316,1409
600837,海通证券,资本市场服务,J67,2015-43,23/10/2015,0.020819,10669,56304,,,,,609,240,129,240,864224,1242
600837,海通证券,资本市场服务,J67,2015-44,30/10/2015,-0.023684,10282,54144,75,99,18,341,486,172,106,208,795369,941
600837,海通证券,资本市场服务,J67,2015-45,06/11/2015,0.213612,13217,71702,16,5,4,43,1133,352,248,533,1492216,2986
600837,海通证券,资本市场服务,J67,2015-46,13/11/2015,-0.049417,15193,86183,13,9,0,78,1055,285,284,486,1179207,1930
600837,海通证券,资本市场服务,J67,2015-47,20/11/2015,-0.020444,12870,71230,,,,,800,282,181,337,1557631,2151
600837,海通证券,资本市场服务,J67,2015-48,26/11/2015,-0.003578,,,,,,,,,,,,
600837,海通证券,资本市场服务,J67,2015-49,04/12/2015,-0.083184,12834,73723,,,,,992,330,231,431,1179298,2138
600837,海通证券,资本市场服务,J67,2015-50,11/12/2015,-0.010444,9647,52207,,,,,666,212,157,297,2478750,1891
600837,海通证券,资本市场服务,J67,2015-51,18/12/2015,0.040897,9939,55734,,,,,719,247,166,306,2182112,1745
600837,海通证券,资本市场服务,J67,2015-52,25/12/2015,0.06147,11336,60480,,,,,899,326,186,387,2873077,2313
600837,海通证券,资本市场服务,J67,2015-53,31/12/2015,-0.055522,,,,,,,,,,,,
600837,海通证券,资本市场服务,J67,2016-02,08/01/2016,-0.146018,9543,54945,,,,,629,162,165,302,2683042,2700
600837,海通证券,资本市场服务,J67,2016-03,15/01/2016,-0.067358,9359,50097,,,,,537,144,132,261,2548292,2139
600837,海通证券,资本市场服务,J67,2016-04,22/01/2016,0,8886,45648,,,,,272,99,65,108,1042681,815
600837,海通证券,资本市场服务,J67,2016-05,29/01/2016,-0.038889,8191,44202,,,,,402,145,86,171,2263057,3499
600837,海通证券,资本市场服务,J67,2016-06,05/02/2016,0.020644,7277,36204,,,,,307,107,48,152,1702902,1734
600837,海通证券,资本市场服务,J67,2016-08,19/02/2016,0.041262,6827,41295,,,,,274,96,45,133,1232326,748
600837,海通证券,资本市场服务,J67,2016-09,26/02/2016,-0.04662,7263,41842,,,,,207,72,49,86,1091084,532
600837,海通证券,资本市场服务,J67,2016-10,04/03/2016,0.103504,7814,44121,,,,,360,142,68,150,1652056,1321
600837,海通证券,资本市场服务,J67,2016-11,11/03/2016,-0.025849,7273,38258,,,,,269,113,53,103,953847,537
600837,海通证券,资本市场服务,J67,2016-12,18/03/2016,0.062926,7278,40723,,,,,317,101,66,150,1300039,2212
600837,海通证券,资本市场服务,J67,2016-13,25/03/2016,0.024964,9442,57071,,,,,724,184,218,322,1832184,1738
600837,海通证券,资本市场服务,J67,2016-14,01/04/2016,0.002088,8053,43350,,,,,423,124,92,207,2246560,2159
600837,海通证券,资本市场服务,J67,2016-15,08/04/2016,-0.015278,6351,35675,,,,,236,88,42,106,1102758,1652
600837,海通证券,资本市场服务,J67,2016-16,15/04/2016,0.059944,7592,42739,,,,,378,147,70,161,1335273,3577
600837,海通证券,资本市场服务,J67,2016-17,22/04/2016,0.025283,7953,38547,,,,,431,176,69,186,1923342,2192
600837,海通证券,资本市场服务,J67,2016-18,29/04/2016,-0.024659,7467,36700,,,,,1798,904,68,826,1277402,839
600837,海通证券,资本市场服务,J67,2016-19,06/05/2016,-0.019295,5257,31315,,,,,1374,524,90,760,685667,955
600837,海通证券,资本市场服务,J67,2016-20,13/05/2016,-0.014925,5569,32364,,,,,890,198,81,611,632958,966
600837,海通证券,资本市场服务,J67,2016-21,20/05/2016,0.019972,5662,30153,,,,,918,159,120,639,1650879,2399
600837,海通证券,资本市场服务,J67,2016-22,27/05/2016,0.002701,5464,30670,,,,,669,111,118,440,745347,923
600837,海通证券,资本市场服务,J67,2016-23,03/06/2016,0.041077,6852,37341,,,,,831,98,116,617,860334,367
600837,海通证券,资本市场服务,J67,2016-24,08/06/2016,-0.00194,,,,,,,,,,,,
600837,海通证券,资本市场服务,J67,2016-25,17/06/2016,-0.023979,5669,31507,,,,,242,65,66,111,419764,160
600837,海通证券,资本市场服务,J67,2016-26,24/06/2016,-0.003984,5828,30542,,,,,238,68,58,112,364329,187
600837,海通证券,资本市场服务,J67,2016-27,01/07/2016,0.027333,6078,34147,,,,,242,54,75,113,258425,292
600837,海通证券,资本市场服务,J67,2016-28,08/07/2016,0.027255,6236,35535,,,,,214,52,49,113,285406,190
600837,海通证券,资本市场服务,J67,2016-29,15/07/2016,0.024637,6856,36240,,,,,237,63,54,120,418936,501
600837,海通证券,资本市场服务,J67,2016-30,22/07/2016,-0.015219,5781,30384,,,,,220,65,57,98,478588,187
600837,海通证券,资本市场服务,J67,2016-31,29/07/2016,-0.017386,5445,28977,,,,,146,38,42,66,168035,112
600837,海通证券,资本市场服务,J67,2016-32,05/08/2016,0.001311,4527,25437,,,,,117,36,28,53,112496,57
600837,海通证券,资本市场服务,J67,2016-33,12/08/2016,0.034031,4712,26269,,,,,128,38,32,58,71518,96
600837,海通证券,资本市场服务,J67,2016-34,19/08/2016,0.001266,6558,33070,,,,,169,39,57,73,118609,222
600837,海通证券,资本市场服务,J67,2016-35,26/08/2016,-0.004425,4862,26868,,,,,131,33,44,54,87753,91
600837,海通证券,资本市场服务,J67,2016-36,02/09/2016,0.010159,4390,26101,,,,,144,40,40,64,136098,109
600837,海通证券,资本市场服务,J67,2016-37,09/09/2016,0,4084,27263,,,,,137,45,30,62,143194,75
600837,海通证券,资本市场服务,J67,2016-38,14/09/2016,0.001886,,,,,,,,,,,,
600837,海通证券,资本市场服务,J67,2016-39,23/09/2016,-0.002509,3979,26701,,,,,146,40,37,69,112481,80
600837,海通证券,资本市场服务,J67,2016-40,30/09/2016,0.000629,3702,25035,,,,,109,41,17,51,99878,78
600837,海通证券,资本市场服务,J67,2016-42,14/10/2016,0.003143,3715,32181,,,,,63,26,14,23,57499,34
600837,海通证券,资本市场服务,J67,2016-43,21/10/2016,0.000627,3742,28707,,,,,71,18,13,40,65052,92
600837,海通证券,资本市场服务,J67,2016-44,28/10/2016,0.018785,4066,29790,,,,,69,29,10,30,64874,41
600837,海通证券,资本市场服务,J67,2016-45,04/11/2016,0.023356,4534,30114,,,,,81,28,9,44,87219,49
600837,海通证券,资本市场服务,J67,2016-46,11/11/2016,0.025826,4766,29781,,,,,152,55,36,61,107295,61
600837,海通证券,资本市场服务,J67,2016-47,18/11/2016,-0.01171,4818,31436,,,,,123,51,20,52,117896,106
600837,海通证券,资本市场服务,J67,2016-48,25/11/2016,0.004739,4443,28533,,,,,92,34,27,31,59994,58
600837,海通证券,资本市场服务,J67,2016-49,02/12/2016,0.002358,4356,29371,,,,,167,36,52,79,209378,178
600837,海通证券,资本市场服务,J67,2016-50,09/12/2016,-0.019412,4217,27496,,,,,107,34,21,52,85212,61
600837,海通证券,资本市场服务,J67,2016-51,16/12/2016,-0.038992,3665,24643,,,,,187,56,42,89,85464,96
600837,海通证券,资本市场服务,J67,2016-52,23/12/2016,-0.036205,3183,24552,,,,,231,33,81,117,118662,126
600837,海通证券,资本市场服务,J67,2016-53,30/12/2016,0.020078,3153,22202,,,,,138,56,27,55,64069,50
600887,伊利股份,食品制造业,C14,2014-01,03/01/2014,-0.052968,3405,9314,,,,,258,90,54,114,504566,853
600887,伊利股份,食品制造业,C14,2014-02,10/01/2014,0.054039,6718,17372,,,,,197,84,38,75,324854,491
600887,伊利股份,食品制造业,C14,2014-03,17/01/2014,-0.036657,5549,14619,90,173,16,302,132,52,33,47,309985,341
600887,伊利股份,食品制造业,C14,2014-04,24/01/2014,0.025546,5938,15359,195,186,48,731,182,77,43,62,416013,1058
600887,伊利股份,食品制造业,C14,2014-05,30/01/2014,-0.080176,,,,,,,,,,,,
600887,伊利股份,食品制造业,C14,2014-06,07/02/2014,0.03385,2978,9003,,,,,49,30,1,18,174407,277
600887,伊利股份,食品制造业,C14,2014-07,14/02/2014,0.009277,8176,19535,,,,,132,55,36,41,468602,464
600887,伊利股份,食品制造业,C14,2014-08,21/02/2014,-0.010543,8230,19443,,,,,166,59,29,78,338017,682
600887,伊利股份,食品制造业,C14,2014-09,28/02/2014,-0.040437,7788,18798,,,,,243,108,43,92,441845,876
600887,伊利股份,食品制造业,C14,2014-10,07/03/2014,-0.007688,7335,18091,34,60,5,110,175,63,39,73,235124,391
600887,伊利股份,食品制造业,C14,2014-11,14/03/2014,0.077188,8553,19512,39,149,22,319,211,106,33,72,365002,797
600887,伊利股份,食品制造业,C14,2014-12,21/03/2014,-0.029302,7474,17750,6,42,10,165,169,88,21,60,306981,304
600887,伊利股份,食品制造业,C14,2014-13,28/03/2014,-0.038694,6556,16202,,,,,107,58,19,30,190340,172
600887,伊利股份,食品制造业,C14,2014-14,04/04/2014,0.053097,6577,18145,,,,,106,64,10,32,197415,162
600887,伊利股份,食品制造业,C14,2014-15,11/04/2014,0.071564,6667,16296,8,80,14,158,79,44,5,30,183502,218
600887,伊利股份,食品制造业,C14,2014-16,18/04/2014,-0.043764,7053,17146,22,81,15,179,78,44,7,27,180086,326
600887,伊利股份,食品制造业,C14,2014-17,25/04/2014,-0.066931,6669,16479,,,,,78,32,14,32,197694,276
600887,伊利股份,食品制造业,C14,2014-18,30/04/2014,0.051885,,,,,,,,,,,,
600887,伊利股份,食品制造业,C14,2014-19,09/05/2014,-0.030997,7648,18756,,,,,141,50,32,59,245999,338
600887,伊利股份,食品制造业,C14,2014-20,16/05/2014,-0.013352,7129,17405,14,50,5,95,120,59,21,40,320842,420
600887,伊利股份,食品制造业,C14,2014-21,23/05/2014,-0.010995,6328,16337,,,,,98,41,16,41,182490,174
600887,伊利股份,食品制造业,C14,2014-22,30/05/2014,-0.032212,6903,17422,,,,,244,73,59,112,476333,588
600887,伊利股份,食品制造业,C14,2014-23,06/06/2014,-0.05891,9540,31946,289,976,63,1377,854,315,165,374,1532548,2747
600887,伊利股份,食品制造业,C14,2014-24,13/06/2014,0.041315,9923,25589,124,208,28,429,282,104,45,133,590215,933
600887,伊利股份,食品制造业,C14,2014-25,20/06/2014,-0.04208,8835,25222,5,10,2,20,223,86,41,96,554816,1357
600887,伊利股份,食品制造业,C14,2014-26,27/06/2014,0.045184,8683,22421,26,59,5,133,237,110,38,89,527914,1405
600887,伊利股份,食品制造业,C14,2014-27,04/07/2014,-0.0003,8964,23028,97,187,24,551,296,119,58,119,553378,974
600887,伊利股份,食品制造业,C14,2014-28,11/07/2014,-0.03003,9011,24049,31,107,10,174,275,110,56,109,546403,1467
600887,伊利股份,食品制造业,C14,2014-29,18/07/2014,0.061765,9381,25053,41,107,17,286,266,119,48,99,871961,4543
600887,伊利股份,食品制造业,C14,2014-30,25/07/2014,0.060457,9339,25238,7,5,3,29,179,70,25,84,676644,4899
600887,伊利股份,食品制造业,C14,2014-31,01/08/2014,0.119088,10343,30353,101,213,34,704,316,152,50,114,930828,4756
600887,伊利股份,食品制造业,C14,2014-32,08/08/2014,-0.003774,9721,39128,5,13,3,35,165,73,20,72,424687,2179
600887,伊利股份,食品制造业,C14,2014-33,15/08/2014,0.005682,9191,23410,8,20,5,63,174,79,25,70,548194,1954
600887,伊利股份,食品制造业,C14,2014-34,22/08/2014,-0.033145,8425,21391,,,,,220,76,54,90,464462,2220
600887,伊利股份,食品制造业,C14,2014-35,29/08/2014,0.034671,9123,22448,57,222,14,365,195,105,31,59,467689,1147
600887,伊利股份,食品制造业,C14,2014-36,05/09/2014,0.06137,10257,26677,396,300,105,1453,316,143,65,108,603741,1546
600887,伊利股份,食品制造业,C14,2014-37,12/09/2014,-0.064562,9829,29962,16,28,5,118,471,163,110,198,1128655,1701
600887,伊利股份,食品制造业,C14,2014-38,19/09/2014,-0.020478,11919,34032,5,30,2,79,470,151,141,178,863192,2189
600887,伊利股份,食品制造业,C14,2014-39,26/09/2014,-0.004646,9775,26679,6,37,9,171,266,99,53,114,460773,1331
600887,伊利股份,食品制造业,C14,2014-40,30/09/2014,0.00739,,,,,,,,,,,,
600887,伊利股份,食品制造业,C14,2014-41,10/10/2014,0.001931,6740,18924,,,,,122,49,27,46,332319,1292
600887,伊利股份,食品制造业,C14,2014-42,17/10/2014,-0.071291,15748,56857,103,448,33,690,825,268,210,347,1918455,2697
600887,伊利股份,食品制造业,C14,2014-43,24/10/2014,-0.03278,12565,39704,,,,,624,201,157,266,1172885,2264
600887,伊利股份,食品制造业,C14,2014-44,31/10/2014,0.029172,14234,46542,301,382,75,1190,1037,387,197,453,1940045,3212
600887,伊利股份,食品制造业,C14,2014-45,07/11/2014,-0.058774,12523,42777,,,,,1196,289,305,602,1806778,2944
600887,伊利股份,食品制造业,C14,2014-46,14/11/2014,0.128432,15984,55629,22,45,8,138,1108,459,159,490,2234756,3897
600887,伊利股份,食品制造业,C14,2014-47,21/11/2014,-0.026688,18608,62955,25,60,14,192,1353,524,263,566,2653107,3691
600887,伊利股份,食品制造业,C14,2014-48,28/11/2014,-0.010887,17096,58300,,,,,1287,389,286,612,2334417,4708
600887,伊利股份,食品制造业,C14,2014-49,05/12/2014,0.040359,19260,63565,,,,,866,316,187,363,1504395,2660
600887,伊利股份,食品制造业,C14,2014-50,12/12/2014,0.07837,20648,69809,26,60,7,122,826,310,168,348,1536895,3193
600887,伊利股份,食品制造业,C14,2014-51,19/12/2014,-0.038517,16380,54078,,,,,840,301,166,373,1489612,3201
600887,伊利股份,食品制造业,C14,2014-52,26/12/2014,0.041194,16334,52076,13,28,1,69,943,371,182,390,1548583,3101
600887,伊利股份,食品制造业,C14,2014-53,31/12/2014,0.039201,,,,,,,,,,,,
600887,伊利股份,食品制造业,C14,2015-02,09/01/2015,-0.016766,18461,62863,,,,,733,270,168,295,1732886,3251
600887,伊利股份,食品制造业,C14,2015-03,16/01/2015,-0.003908,15674,49007,11,37,10,177,741,236,152,353,1242737,2650
600887,伊利股份,食品制造业,C14,2015-04,23/01/2015,-0.013552,14684,46514,,,,,472,156,121,195,835852,1802
600887,伊利股份,食品制造业,C14,2015-05,30/01/2015,-0.013015,13736,41174,10,49,4,89,352,135,56,161,724260,1457
600887,伊利股份,食品制造业,C14,2015-06,06/02/2015,-0.01978,12414,37371,,,,,364,123,67,174,705011,1290
600887,伊利股份,食品制造业,C14,2015-07,13/02/2015,0.060538,11990,35093,38,72,15,244,401,150,72,179,887208,2048
600887,伊利股份,食品制造业,C14,2015-08,17/02/2015,-0.003524,,,,,,,,,,,,
600887,伊利股份,食品制造业,C14,2015-09,27/02/2015,-0.001414,7794,23580,34,107,6,173,195,70,27,98,360968,681
600887,伊利股份,食品制造业,C14,2015-10,06/03/2015,-0.035411,12138,35552,,,,,545,189,103,253,953694,2124
600887,伊利股份,食品制造业,C14,2015-11,13/03/2015,0.008076,12428,35796,19,16,4,39,635,182,155,298,983095,1477
600887,伊利股份,食品制造业,C14,2015-12,20/03/2015,0.072469,15760,49151,20,40,2,113,716,267,144,305,2665411,9241
600887,伊利股份,食品制造业,C14,2015-13,27/03/2015,0.056027,17010,55794,73,275,20,428,501,183,88,230,1367307,3331
600887,伊利股份,食品制造业,C14,2015-14,03/04/2015,0.008039,15457,48263,,,,,595,219,129,247,1359086,3814
600887,伊利股份,食品制造业,C14,2015-15,10/04/2015,0.063158,13553,44140,,,,,397,153,61,183,971415,1894
600887,伊利股份,食品制造业,C14,2015-16,17/04/2015,0.061806,15843,56729,,,,,574,217,102,255,1390613,3090
600887,伊利股份,食品制造业,C14,2015-17,24/04/2015,0.087878,18026,81876,47,139,4,224,772,366,86,320,2344908,3984
600887,伊利股份,食品制造业,C14,2015-18,30/04/2015,-0.052987,,,,,,,,,,,,
600887,伊利股份,食品制造业,C14,2015-19,08/05/2015,0.005211,15785,59652,21,28,3,67,642,226,109,307,1052297,2321
600887,伊利股份,食品制造业,C14,2015-20,15/05/2015,-0.024829,16779,67845,,,,,1014,325,239,450,1860285,3880
600887,伊利股份,食品制造业,C14,2015-21,22/05/2015,0.11052,17423,67435,51,129,15,343,845,308,164,373,1711914,3339
600887,伊利股份,食品制造业,C14,2015-22,29/05/2015,0.035525,27061,130037,74,305,17,419,1256,417,255,584,3612626,6458
600887,伊利股份,食品制造业,C14,2015-23,05/06/2015,-0.006452,27726,127308,,,,,1469,486,283,700,2942853,5039
600887,伊利股份,食品制造业,C14,2015-24,12/06/2015,0.06044,37891,179759,27,75,5,156,1483,484,313,686,3415152,5836
600887,伊利股份,食品制造业,C14,2015-25,19/06/2015,-0.157796,34828,160126,,,,,2083,529,530,1024,2733563,5813
600887,伊利股份,食品制造业,C14,2015-26,26/06/2015,-0.014541,28511,129364,,,,,920,302,198,420,1881391,3454
600887,伊利股份,食品制造业,C14,2015-27,03/07/2015,-0.031782,37031,170833,27,92,10,143,787,243,134,410,1265092,2863
600887,伊利股份,食品制造业,C14,2015-28,10/07/2015,0.167644,37479,175103,,,,,998,349,177,472,2438936,5676
600887,伊利股份,食品制造业,C14,2015-29,17/07/2015,-0.046687,37961,173203,,,,,1425,387,315,723,2389554,4039
600887,伊利股份,食品制造业,C14,2015-30,24/07/2015,-0.014218,30879,142776,10,37,0,47,1784,549,366,869,4992820,9015
600887,伊利股份,食品制造业,C14,2015-31,31/07/2015,-0.077991,25648,115886,11,7,2,41,979,288,220,471,1628282,3018
600887,伊利股份,食品制造业,C14,2015-32,07/08/2015,0.014484,21788,91525,,,,,732,235,123,374,1430318,1850
600887,伊利股份,食品制造业,C14,2015-33,14/08/2015,0.014849,20171,83100,43,65,15,162,967,280,192,495,2164113,2416
600887,伊利股份,食品制造业,C14,2015-34,21/08/2015,-0.088351,21971,94079,,,,,715,226,117,372,1311283,1793
600887,伊利股份,食品制造业,C14,2015-35,28/08/2015,-0.016667,23571,105893,,,,,763,269,137,357,2275008,3292
600887,伊利股份,食品制造业,C14,2015-36,02/09/2015,0.004394,,,,,,,,,,,,
600887,伊利股份,食品制造业,C14,2015-37,11/09/2015,-0.01875,16622,67001,,,,,620,207,136,277,1282592,1334
600887,伊利股份,食品制造业,C14,2015-38,18/09/2015,0.003185,15094,59552,,,,,490,181,114,195,849605,1080
600887,伊利股份,食品制造业,C14,2015-39,25/09/2015,-0.022222,13749,51200,,,,,494,159,103,232,821198,746
600887,伊利股份,食品制造业,C14,2015-40,30/09/2015,-0.001299,,,,,,,,,,,,
600887,伊利股份,食品制造业,C14,2015-41,09/10/2015,0.031209,7103,25188,,,,,175,66,34,75,563701,453
600887,伊利股份,食品制造业,C14,2015-42,16/10/2015,0.025851,13495,52982,,,,,488,140,122,226,886147,1067
600887,伊利股份,食品制造业,C14,2015-43,23/10/2015,-0.036878,14698,59153,,,,,860,221,192,447,943804,2099
600887,伊利股份,食品制造业,C14,2015-44,30/10/2015,0.016592,16677,68346,,,,,1001,356,187,458,1564782,3118
600887,伊利股份,食品制造业,C14,2015-45,06/11/2015,0.005022,18393,76872,137,80,53,504,1098,332,227,539,1665659,3029
600887,伊利股份,食品制造业,C14,2015-46,13/11/2015,-0.024984,16306,60817,13,6,1,52,939,313,194,432,1116096,2273
600887,伊利股份,食品制造业,C14,2015-47,20/11/2015,-0.000641,14673,54956,,,,,1066,368,212,486,1061856,2128
600887,伊利股份,食品制造业,C14,2015-48,27/11/2015,-0.04359,14684,52474,,,,,1211,376,259,576,1193596,2289
600887,伊利股份,食品制造业,C14,2015-49,04/12/2015,0.010724,14571,52820,,,,,985,289,186,510,939830,1947
600887,伊利股份,食品制造业,C14,2015-50,11/12/2015,-0.03183,12863,47078,11,22,4,37,899,219,197,483,1668723,2142
600887,伊利股份,食品制造业,C14,2015-51,18/12/2015,0.10411,14088,54272,,,,,1152,410,194,548,2906778,2519
600887,伊利股份,食品制造业,C14,2015-52,25/12/2015,0.060794,30854,144757,16,10,3,46,2408,686,493,1229,7247047,7707
600887,伊利股份,食品制造业,C14,2015-53,31/12/2015,-0.039181,,,,,,,,,,,,
600887,伊利股份,食品制造业,C14,2016-02,08/01/2016,-0.091905,17376,72863,,,,,749,178,172,399,2676775,2555
600887,伊利股份,食品制造业,C14,2016-03,15/01/2016,-0.043566,15268,60877,,,,,427,124,86,217,1679532,1667
600887,伊利股份,食品制造业,C14,2016-04,22/01/2016,-0.018921,13262,50650,,,,,478,116,130,232,1124920,972
600887,伊利股份,食品制造业,C14,2016-05,29/01/2016,-0.047143,12577,49978,,,,,423,130,105,188,1508166,1378
600887,伊利股份,食品制造业,C14,2016-06,05/02/2016,0.001499,9302,36813,,,,,226,72,43,111,1235775,831
600887,伊利股份,食品制造业,C14,2016-08,19/02/2016,0.014222,10475,38254,,,,,164,56,33,75,702131,699
600887,伊利股份,食品制造业,C14,2016-09,26/02/2016,-0.033948,10611,39917,,,,,263,85,44,134,970004,816
600887,伊利股份,食品制造业,C14,2016-10,04/03/2016,0.096257,11433,45216,,,,,433,149,76,208,1655428,1673
600887,伊利股份,食品制造业,C14,2016-11,11/03/2016,-0.06899,11130,42567,,,,,330,97,69,164,871155,844
600887,伊利股份,食品制造业,C14,2016-12,18/03/2016,0.069611,11779,44039,,,,,519,140,116,263,1301478,1797
600887,伊利股份,食品制造业,C14,2016-13,25/03/2016,-0.008397,11017,42007,,,,,496,119,120,257,1148227,1128
600887,伊利股份,食品制造业,C14,2016-14,01/04/2016,0.021171,11900,46708,,,,,584,209,116,259,2702016,3218
600887,伊利股份,食品制造业,C14,2016-15,08/04/2016,-0.008984,9908,36824,,,,,322,112,55,155,1472272,1083
600887,伊利股份,食品制造业,C14,2016-16,15/04/2016,0.015342,10145,37266,,,,,480,142,120,218,1227665,1213
600887,伊利股份,食品制造业,C14,2016-17,22/04/2016,-0.025412,8649,30279,,,,,324,115,72,137,1068743,1040
600887,伊利股份,食品制造业,C14,2016-18,29/04/2016,0.059197,10113,36702,,,,,1870,935,69,866,2011595,1731
600887,伊利股份,食品制造业,C14,2016-19,06/05/2016,-0.001996,11339,42380,,,,,1456,585,51,820,1356760,2003
600887,伊利股份,食品制造业,C14,2016-20,13/05/2016,0.035052,12939,47087,,,,,1010,281,89,640,1103917,1388
600887,伊利股份,食品制造业,C14,2016-21,20/05/2016,0.020584,10541,38307,,,,,904,174,89,641,837482,1382
600887,伊利股份,食品制造业,C14,2016-22,27/05/2016,-0.018217,9374,33463,,,,,731,105,126,500,869016,1308
600887,伊利股份,食品制造业,C14,2016-23,03/06/2016,0.07886,10147,37013,,,,,775,110,47,618,944277,1004
600887,伊利股份,食品制造业,C14,2016-24,08/06/2016,0,,,,,,,,,,,,
600887,伊利股份,食品制造业,C14,2016-25,17/06/2016,0.002457,9355,35122,,,,,269,93,54,122,517306,1511
600887,伊利股份,食品制造业,C14,2016-26,24/06/2016,-0.03125,8358,31015,,,,,282,86,62,134,464907,402
600887,伊利股份,食品制造业,C14,2016-27,01/07/2016,0.070841,9572,35432,,,,,352,142,54,156,373635,638
600887,伊利股份,食品制造业,C14,2016-28,08/07/2016,0.022445,11826,44201,,,,,388,152,62,174,476048,514
600887,伊利股份,食品制造业,C14,2016-29,15/07/2016,0.068746,13992,55714,,,,,566,216,86,264,705661,1417
600887,伊利股份,食品制造业,C14,2016-30,22/07/2016,-0.051351,10801,42566,,,,,515,163,102,250,480790,1542
600887,伊利股份,食品制造业,C14,2016-31,29/07/2016,0.05641,12518,49328,,,,,434,183,50,201,521633,745
600887,伊利股份,食品制造业,C14,2016-32,05/08/2016,-0.026429,10686,40342,,,,,311,114,56,141,344655,460
600887,伊利股份,食品制造业,C14,2016-33,12/08/2016,0.004432,10244,37850,,,,,343,113,47,183,445674,519
600887,伊利股份,食品制造业,C14,2016-34,19/08/2016,-0.013238,11752,42691,,,,,431,141,78,212,513728,956
600887,伊利股份,食品制造业,C14,2016-35,26/08/2016,0.001118,9842,38071,,,,,280,101,37,142,453298,738
600887,伊利股份,食品制造业,C14,2016-36,02/09/2016,-0.080402,12498,54149,,,,,1103,264,273,566,1441076,2003
600887,伊利股份,食品制造业,C14,2016-37,09/09/2016,-0.004857,9871,37901,,,,,475,151,108,216,464907,701
600887,伊利股份,食品制造业,C14,2016-38,14/09/2016,-0.017084,,,,,,,,,,,,
600887,伊利股份,食品制造业,C14,2016-44,28/10/2016,0.105525,16632,87017,,,,,1418,476,226,716,1972736,2692
600887,伊利股份,食品制造业,C14,2016-45,04/11/2016,0.010668,12432,53661,,,,,618,231,93,294,693474,785
600887,伊利股份,食品制造业,C14,2016-46,11/11/2016,0.001111,9885,40298,,,,,507,158,96,253,354016,408
600887,伊利股份,食品制造业,C14,2016-47,18/11/2016,-0.008324,8959,35373,,,,,392,105,94,193,301488,468
600887,伊利股份,食品制造业,C14,2016-48,25/11/2016,0.047566,10023,42173,,,,,630,225,103,302,653637,791
600887,伊利股份,食品制造业,C14,2016-49,02/12/2016,0.026709,18839,93544,,,,,2519,731,514,1274,3869678,5758
600887,伊利股份,食品制造业,C14,2016-50,09/12/2016,-0.047867,13176,57811,,,,,952,294,156,502,1762774,1520
600887,伊利股份,食品制造业,C14,2016-51,16/12/2016,-0.039344,10099,42005,,,,,511,147,103,261,515471,493
600887,伊利股份,食品制造业,C14,2016-52,23/12/2016,-0.006826,8639,34107,,,,,358,117,55,186,369532,410
600887,伊利股份,食品制造业,C14,2016-53,30/12/2016,0.008018,8115,30190,,,,,554,180,83,291,469053,599
600893,中航动力,铁路、船舶、航空航天和其它运输设备制造业,C37,2014-01,03/01/2014,-0.019864,2337,2577,,,,,93,38,18,37,217886,282
600893,中航动力,铁路、船舶、航空航天和其它运输设备制造业,C37,2014-02,10/01/2014,-0.072,5278,5640,,,,,239,73,85,81,417988,575
600893,中航动力,铁路、船舶、航空航天和其它运输设备制造业,C37,2014-03,17/01/2014,0.145977,7260,7646,,,,,466,161,100,205,931375,1118
600893,中航动力,铁路、船舶、航空航天和其它运输设备制造业,C37,2014-04,24/01/2014,0.044132,7125,7605,,,,,220,75,52,93,556013,673
600893,中航动力,铁路、船舶、航空航天和其它运输设备制造业,C37,2014-05,30/01/2014,0.150336,,,,,,,,,,,,
600893,中航动力,铁路、船舶、航空航天和其它运输设备制造业,C37,2014-06,07/02/2014,0.016701,4494,4929,,,,,162,60,35,67,529176,659
600893,中航动力,铁路、船舶、航空航天和其它运输设备制造业,C37,2014-07,14/02/2014,-0.032033,8765,9424,,,,,395,151,104,140,735549,953
600893,中航动力,铁路、船舶、航空航天和其它运输设备制造业,C37,2014-08,21/02/2014,0.072974,9565,10460,,,,,693,224,178,291,3532439,2923
600893,中航动力,铁路、船舶、航空航天和其它运输设备制造业,C37,2014-09,28/02/2014,-0.088573,8884,9589,,,,,678,180,198,300,2040344,2001
600893,中航动力,铁路、船舶、航空航天和其它运输设备制造业,C37,2014-10,07/03/2014,-0.014751,8878,9716,,,,,311,102,84,125,526207,749
600893,中航动力,铁路、船舶、航空航天和其它运输设备制造业,C37,2014-11,14/03/2014,-0.023778,7724,8532,,,,,225,79,66,80,548343,922
600893,中航动力,铁路、船舶、航空航天和其它运输设备制造业,C37,2014-12,21/03/2014,0.003157,6633,7210,,,,,244,75,71,98,346886,422
600893,中航动力,铁路、船舶、航空航天和其它运输设备制造业,C37,2014-13,28/03/2014,-0.070144,6325,6958,71,73,18,289,334,116,109,109,584205,868
600893,中航动力,铁路、船舶、航空航天和其它运输设备制造业,C37,2014-14,04/04/2014,0.022727,5589,5971,7,8,8,37,182,49,47,86,445594,776
600893,中航动力,铁路、船舶、航空航天和其它运输设备制造业,C37,2014-15,09/04/2014,0.095981,,,,,,,,,,,,
600893,中航动力,铁路、船舶、航空航天和其它运输设备制造业,C37,2014-16,18/04/2014,-0.007765,7340,8205,12,28,6,100,375,111,106,158,946430,1556
600893,中航动力,铁路、船舶、航空航天和其它运输设备制造业,C37,2014-17,25/04/2014,-0.024348,8046,8888,10,9,3,51,268,89,64,115,805053,3284
600893,中航动力,铁路、船舶、航空航天和其它运输设备制造业,C37,2014-18,30/04/2014,-0.015152,,,,,,,,,,,,
600893,中航动力,铁路、船舶、航空航天和其它运输设备制造业,C37,2014-19,09/05/2014,0.015837,6686,7452,,,,,148,42,45,61,360143,825
600893,中航动力,铁路、船舶、航空航天和其它运输设备制造业,C37,2014-20,16/05/2014,0.02049,7462,8106,37,55,14,268,284,102,61,121,726896,1638
600893,中航动力,铁路、船舶、航空航天和其它运输设备制造业,C37,2014-21,23/05/2014,-0.055871,7181,7898,,,,,448,114,153,181,980243,2526
600893,中航动力,铁路、船舶、航空航天和其它运输设备制造业,C37,2014-22,30/05/2014,0.013084,5868,6640,23,190,5,260,215,53,66,96,474219,1070
600893,中航动力,铁路、船舶、航空航天和其它运输设备制造业,C37,2014-23,06/06/2014,-0.018323,4771,5300,,,,,161,52,40,69,417837,782
600893,中航动力,铁路、船舶、航空航天和其它运输设备制造业,C37,2014-24,13/06/2014,0.088194,7283,8020,,,,,385,122,79,184,1097599,2047
600893,中航动力,铁路、船舶、航空航天和其它运输设备制造业,C37,2014-25,20/06/2014,-0.015437,8403,9281,,,,,342,100,80,162,1011513,1592
600893,中航动力,铁路、船舶、航空航天和其它运输设备制造业,C37,2014-26,27/06/2014,0.060105,7793,8570,,,,,499,152,124,223,1249263,2798
600893,中航动力,铁路、船舶、航空航天和其它运输设备制造业,C37,2014-27,04/07/2014,0.026705,9236,10109,,,,,662,198,175,289,1274313,2501
600893,中航动力,铁路、船舶、航空航天和其它运输设备制造业,C37,2014-28,11/07/2014,-0.038415,7732,8658,,,,,539,140,180,219,781510,1595
600893,中航动力,铁路、船舶、航空航天和其它运输设备制造业,C37,2014-29,18/07/2014,-0.031627,6429,7229,,,,,168,51,53,64,475273,799
600893,中航动力,铁路、船舶、航空航天和其它运输设备制造业,C37,2014-30,25/07/2014,-0.006876,5616,6429,,,,,218,73,63,82,400295,637
600893,中航动力,铁路、船舶、航空航天和其它运输设备制造业,C37,2014-31,01/08/2014,0.044569,6863,7462,,,,,273,96,63,114,437091,673
600893,中航动力,铁路、船舶、航空航天和其它运输设备制造业,C37,2014-32,08/08/2014,0.022784,6189,6980,,,,,106,37,26,43,409139,862
600893,中航动力,铁路、船舶、航空航天和其它运输设备制造业,C37,2014-33,15/08/2014,0.022681,6578,7540,,,,,243,84,60,99,546378,908
600893,中航动力,铁路、船舶、航空航天和其它运输设备制造业,C37,2014-34,22/08/2014,0.004356,6894,7936,,,,,182,65,51,66,427286,761
600893,中航动力,铁路、船舶、航空航天和其它运输设备制造业,C37,2014-35,29/08/2014,0.132492,9077,9996,51,48,17,252,588,180,162,246,1383587,1869
600893,中航动力,铁路、船舶、航空航天和其它运输设备制造业,C37,2014-36,05/09/2014,0.04039,10130,11306,9,10,3,41,336,99,89,148,923972,1450
600893,中航动力,铁路、船舶、航空航天和其它运输设备制造业,C37,2014-37,12/09/2014,0.004016,7090,8057,,,,,232,80,47,105,461258,1087
600893,中航动力,铁路、船舶、航空航天和其它运输设备制造业,C37,2014-38,19/09/2014,-0.036333,8023,9181,,,,,319,93,81,145,598656,1258
600893,中航动力,铁路、船舶、航空航天和其它运输设备制造业,C37,2014-39,26/09/2014,0.042892,7774,9230,,,,,363,114,95,154,718858,1281
600893,中航动力,铁路、船舶、航空航天和其它运输设备制造业,C37,2014-40,30/09/2014,-0.014262,,,,,,,,,,,,
600893,中航动力,铁路、船舶、航空航天和其它运输设备制造业,C37,2014-41,10/10/2014,0.001009,5388,6157,,,,,160,61,37,62,655092,529
600893,中航动力,铁路、船舶、航空航天和其它运输设备制造业,C37,2014-42,17/10/2014,-0.026218,7859,8770,,,,,235,83,72,80,512427,786
600893,中航动力,铁路、船舶、航空航天和其它运输设备制造业,C37,2014-43,24/10/2014,0.002416,7256,8233,10,15,1,57,270,78,76,116,600265,688
600893,中航动力,铁路、船舶、航空航天和其它运输设备制造业,C37,2014-44,31/10/2014,0.02686,7914,9012,34,43,4,188,359,111,103,145,997406,986
600893,中航动力,铁路、船舶、航空航天和其它运输设备制造业,C37,2014-45,07/11/2014,-0.027163,7395,8328,,,,,335,121,94,120,619944,1144
600893,中航动力,铁路、船舶、航空航天和其它运输设备制造业,C37,2014-46,14/11/2014,-0.066873,7413,8406,,,,,423,124,142,157,760303,1404
600893,中航动力,铁路、船舶、航空航天和其它运输设备制造业,C37,2014-47,21/11/2014,0.008496,6973,8002,,,,,231,77,67,87,480318,869
600893,中航动力,铁路、船舶、航空航天和其它运输设备制造业,C37,2014-48,28/11/2014,0.018315,7943,9152,,,,,453,118,141,194,947479,1623
600893,中航动力,铁路、船舶、航空航天和其它运输设备制造业,C37,2014-49,05/12/2014,0.159353,8972,10295,,,,,423,129,116,178,1034624,1611
600893,中航动力,铁路、船舶、航空航天和其它运输设备制造业,C37,2014-50,12/12/2014,-0.031337,10703,12554,,,,,556,139,150,267,1290988,2165
600893,中航动力,铁路、船舶、航空航天和其它运输设备制造业,C37,2014-51,19/12/2014,-0.03171,8593,9911,,,,,426,100,140,186,866655,1518
600893,中航动力,铁路、船舶、航空航天和其它运输设备制造业,C37,2014-52,26/12/2014,-0.024479,7833,8997,,,,,414,122,98,194,892570,1717
600893,中航动力,铁路、船舶、航空航天和其它运输设备制造业,C37,2014-53,31/12/2014,-0.017972,,,,,,,,,,,,
600893,中航动力,铁路、船舶、航空航天和其它运输设备制造业,C37,2015-02,09/01/2015,0.052486,8846,11706,,,,,376,135,100,141,1010760,1195
600893,中航动力,铁路、船舶、航空航天和其它运输设备制造业,C37,2015-03,16/01/2015,0.041667,8333,16630,,,,,363,154,83,126,885568,1037
600893,中航动力,铁路、船舶、航空航天和其它运输设备制造业,C37,2015-04,23/01/2015,-0.004094,8002,16337,8,37,0,106,391,142,113,136,784018,1082
600893,中航动力,铁路、船舶、航空航天和其它运输设备制造业,C37,2015-05,30/01/2015,-0.01265,7832,16332,,,,,305,118,67,120,594032,993
600893,中航动力,铁路、船舶、航空航天和其它运输设备制造业,C37,2015-06,06/02/2015,-0.039078,7358,14258,,,,,289,105,77,107,591357,903
600893,中航动力,铁路、船舶、航空航天和其它运输设备制造业,C37,2015-07,13/02/2015,0.022333,6842,12748,,,,,205,69,62,74,422116,743
600893,中航动力,铁路、船舶、航空航天和其它运输设备制造业,C37,2015-08,17/02/2015,0.022824,,,,,,,,,,,,
600893,中航动力,铁路、船舶、航空航天和其它运输设备制造业,C37,2015-09,27/02/2015,0.043672,5417,10516,,,,,159,65,29,65,628453,1084
600893,中航动力,铁路、船舶、航空航天和其它运输设备制造业,C37,2015-10,06/03/2015,-0.025351,8912,17756,,,,,331,115,79,137,602945,983
600893,中航动力,铁路、船舶、航空航天和其它运输设备制造业,C37,2015-11,13/03/2015,-0.003134,7696,15278,,,,,307,122,56,129,600637,1230
600893,中航动力,铁路、船舶、航空航天和其它运输设备制造业,C37,2015-12,20/03/2015,0.099969,9451,19283,8,16,1,53,374,133,83,158,814835,1243
600893,中航动力,铁路、船舶、航空航天和其它运输设备制造业,C37,2015-13,27/03/2015,0.023149,9512,20381,,,,,377,120,95,162,1184000,2185
600893,中航动力,铁路、船舶、航空航天和其它运输设备制造业,C37,2015-14,03/04/2015,0.137709,10438,23117,,,,,369,140,66,163,933476,1481
600893,中航动力,铁路、船舶、航空航天和其它运输设备制造业,C37,2015-15,10/04/2015,0.033391,9302,20796,,,,,401,139,100,162,1064794,1291
600893,中航动力,铁路、船舶、航空航天和其它运输设备制造业,C37,2015-16,17/04/2015,0.123782,13567,34283,10,43,2,92,541,180,100,261,1565975,2053
600893,中航动力,铁路、船舶、航空航天和其它运输设备制造业,C37,2015-17,24/04/2015,0.146934,17303,52798,41,92,11,180,701,225,137,339,2399810,2941
600893,中航动力,铁路、船舶、航空航天和其它运输设备制造业,C37,2015-18,30/04/2015,-0.009401,,,,,,,,,,,,
600893,中航动力,铁路、船舶、航空航天和其它运输设备制造业,C37,2015-19,08/05/2015,-0.016933,12003,33260,,,,,606,192,135,279,1155308,2345
600893,中航动力,铁路、船舶、航空航天和其它运输设备制造业,C37,2015-20,15/05/2015,0.124172,13813,41508,,,,,491,166,107,218,1153920,2087
600893,中航动力,铁路、船舶、航空航天和其它运输设备制造业,C37,2015-21,22/05/2015,0.139081,13410,38168,,,,,403,119,96,188,1226889,1698
600893,中航动力,铁路、船舶、航空航天和其它运输设备制造业,C37,2015-22,29/05/2015,0.039024,16173,58425,,,,,379,135,91,153,1135985,1455
600893,中航动力,铁路、船舶、航空航天和其它运输设备制造业,C37,2015-23,05/06/2015,0.021909,12841,41760,,,,,271,95,63,113,882392,955
600893,中航动力,铁路、船舶、航空航天和其它运输设备制造业,C37,2015-24,12/06/2015,-0.004177,10835,34936,,,,,287,93,68,126,769830,1248
600893,中航动力,铁路、船舶、航空航天和其它运输设备制造业,C37,2015-25,19/06/2015,-0.158954,14675,49771,,,,,565,126,143,296,1109691,1850
600893,中航动力,铁路、船舶、航空航天和其它运输设备制造业,C37,2015-26,26/06/2015,-0.035904,13897,53575,,,,,412,128,106,178,988420,1112
600893,中航动力,铁路、船舶、航空航天和其它运输设备制造业,C37,2015-27,03/07/2015,-0.331897,13112,52178,,,,,657,141,198,318,1031199,2059
600893,中航动力,铁路、船舶、航空航天和其它运输设备制造业,C37,2015-28,10/07/2015,-0.115097,15520,70816,,,,,955,271,261,423,1654378,4835
600893,中航动力,铁路、船舶、航空航天和其它运输设备制造业,C37,2015-29,17/07/2015,0.48571,17353,84539,,,,,422,119,81,222,1428559,1721
600893,中航动力,铁路、船舶、航空航天和其它运输设备制造业,C37,2015-30,24/07/2015,0.218307,22706,130990,,,,,667,225,128,314,1558957,1492
600893,中航动力,铁路、船舶、航空航天和其它运输设备制造业,C37,2015-31,31/07/2015,-0.133947,17587,98271,,,,,453,143,102,208,1088713,2144
600893,中航动力,铁路、船舶、航空航天和其它运输设备制造业,C37,2015-32,07/08/2015,0.021082,14461,71409,10,42,6,84,375,118,91,166,2347168,3017
600893,中航动力,铁路、船舶、航空航天和其它运输设备制造业,C37,2015-33,14/08/2015,0.096108,15922,84109,,,,,498,157,128,213,2268500,1595
600893,中航动力,铁路、船舶、航空航天和其它运输设备制造业,C37,2015-34,21/08/2015,-0.184197,13202,63276,,,,,365,102,123,140,884867,1109
600893,中航动力,铁路、船舶、航空航天和其它运输设备制造业,C37,2015-35,28/08/2015,-0.117491,12037,59072,44,25,2,162,332,106,75,151,1123513,1125
600893,中航动力,铁路、船舶、航空航天和其它运输设备制造业,C37,2015-36,02/09/2015,-0.041676,,,,,,,,,,,,
600893,中航动力,铁路、船舶、航空航天和其它运输设备制造业,C37,2015-37,11/09/2015,-0.072723,10996,50036,,,,,670,139,263,268,1185925,2074
600893,中航动力,铁路、船舶、航空航天和其它运输设备制造业,C37,2015-38,18/09/2015,-0.035435,10138,38960,,,,,377,88,124,165,628132,898
600893,中航动力,铁路、船舶、航空航天和其它运输设备制造业,C37,2015-39,25/09/2015,0.064019,9465,35699,,,,,327,101,86,140,564387,635
600893,中航动力,铁路、船舶、航空航天和其它运输设备制造业,C37,2015-40,30/09/2015,0.037319,,,,,,,,,,,,
600893,中航动力,铁路、船舶、航空航天和其它运输设备制造业,C37,2015-42,16/10/2015,0.260401,10165,49582,,,,,659,195,129,335,1458519,1672
600893,中航动力,铁路、船舶、航空航天和其它运输设备制造业,C37,2015-43,23/10/2015,-0.010291,11786,52332,,,,,1060,290,295,475,1298362,2242
600893,中航动力,铁路、船舶、航空航天和其它运输设备制造业,C37,2015-44,30/10/2015,-0.043359,10525,42025,20,31,13,126,630,164,187,279,961945,1244
600893,中航动力,铁路、船舶、航空航天和其它运输设备制造业,C37,2015-45,06/11/2015,0.031583,9926,38128,13,30,3,84,751,181,243,327,935046,1634
600893,中航动力,铁路、船舶、航空航天和其它运输设备制造业,C37,2015-46,13/11/2015,0.005368,10289,40878,,,,,953,212,284,457,1441330,1897
600893,中航动力,铁路、船舶、航空航天和其它运输设备制造业,C37,2015-47,20/11/2015,0.037769,10830,38692,,,,,837,211,230,396,991546,1507
600893,中航动力,铁路、船舶、航空航天和其它运输设备制造业,C37,2015-48,27/11/2015,-0.106517,10178,36888,,,,,693,169,214,310,827314,1131
600893,中航动力,铁路、船舶、航空航天和其它运输设备制造业,C37,2015-49,04/12/2015,-0.042866,9309,34214,,,,,549,124,194,231,720024,1023
600893,中航动力,铁路、船舶、航空航天和其它运输设备制造业,C37,2015-50,11/12/2015,-0.006462,8858,28601,,,,,400,95,113,192,1083598,751
600893,中航动力,铁路、船舶、航空航天和其它运输设备制造业,C37,2015-51,18/12/2015,0.045077,9572,30332,,,,,385,128,100,157,1360210,627
600893,中航动力,铁路、船舶、航空航天和其它运输设备制造业,C37,2015-52,25/12/2015,-0.028112,8495,26296,,,,,452,114,131,207,1276844,1073
600893,中航动力,铁路、船舶、航空航天和其它运输设备制造业,C37,2015-53,31/12/2015,-0.005741,,,,,,,,,,,,
600893,中航动力,铁路、船舶、航空航天和其它运输设备制造业,C37,2016-02,08/01/2016,-0.146569,8881,28009,,,,,328,74,88,166,920806,659
600893,中航动力,铁路、船舶、航空航天和其它运输设备制造业,C37,2016-03,15/01/2016,-0.044496,9272,32414,,,,,411,115,102,194,1776472,1296
600893,中航动力,铁路、船舶、航空航天和其它运输设备制造业,C37,2016-04,22/01/2016,0.08878,11068,41640,,,,,361,92,100,169,1597263,877
600893,中航动力,铁路、船舶、航空航天和其它运输设备制造业,C37,2016-05,29/01/2016,-0.106803,10288,37987,,,,,498,115,151,232,1967119,1759
600893,中航动力,铁路、船舶、航空航天和其它运输设备制造业,C37,2016-06,05/02/2016,0.031644,8543,27738,,,,,258,68,65,125,1476360,672
600893,中航动力,铁路、船舶、航空航天和其它运输设备制造业,C37,2016-08,19/02/2016,0.062161,8394,27331,,,,,253,63,70,120,943861,589
600893,中航动力,铁路、船舶、航空航天和其它运输设备制造业,C37,2016-09,26/02/2016,-0.067212,8649,27699,,,,,314,99,70,145,1146862,637
600893,中航动力,铁路、船舶、航空航天和其它运输设备制造业,C37,2016-10,04/03/2016,0.06,9438,35135,,,,,384,119,67,198,2105585,1258
600893,中航动力,铁路、船舶、航空航天和其它运输设备制造业,C37,2016-11,11/03/2016,-0.059188,8709,28344,,,,,278,82,60,136,1119692,904
600893,中航动力,铁路、船舶、航空航天和其它运输设备制造业,C37,2016-12,18/03/2016,0.064011,7837,24829,,,,,240,70,56,114,907983,736
600893,中航动力,铁路、船舶、航空航天和其它运输设备制造业,C37,2016-13,25/03/2016,0.014201,8473,26307,,,,,363,98,90,175,1108064,640
600893,中航动力,铁路、船舶、航空航天和其它运输设备制造业,C37,2016-14,01/04/2016,-0.013238,6871,21219,,,,,174,54,48,72,735523,337
600893,中航动力,铁路、船舶、航空航天和其它运输设备制造业,C37,2016-15,08/04/2016,-0.012384,5512,15891,,,,,147,48,39,60,650459,352
600893,中航动力,铁路、船舶、航空航天和其它运输设备制造业,C37,2016-16,15/04/2016,0.02325,6473,18172,,,,,267,80,72,115,760390,360
600893,中航动力,铁路、船舶、航空航天和其它运输设备制造业,C37,2016-17,22/04/2016,-0.065356,6036,16975,,,,,295,86,73,136,1070216,517
600893,中航动力,铁路、船舶、航空航天和其它运输设备制造业,C37,2016-18,29/04/2016,-0.00519,6617,19317,,,,,1626,745,61,820,936504,986
600893,中航动力,铁路、船舶、航空航天和其它运输设备制造业,C37,2016-19,06/05/2016,-0.012356,4956,13880,,,,,1207,462,40,705,520339,219
600893,中航动力,铁路、船舶、航空航天和其它运输设备制造业,C37,2016-20,13/05/2016,-0.052544,5234,15331,,,,,776,163,59,554,585548,376
600893,中航动力,铁路、船舶、航空航天和其它运输设备制造业,C37,2016-21,20/05/2016,-0.014965,4908,14607,,,,,834,109,93,632,696272,394
600893,中航动力,铁路、船舶、航空航天和其它运输设备制造业,C37,2016-22,27/05/2016,-0.02115,4497,13203,,,,,634,94,153,387,705416,502
600893,中航动力,铁路、船舶、航空航天和其它运输设备制造业,C37,2016-23,03/06/2016,0.054474,5228,15329,,,,,692,92,70,530,805685,457
600893,中航动力,铁路、船舶、航空航天和其它运输设备制造业,C37,2016-24,08/06/2016,0.001154,,,,,,,,,,,,
600893,中航动力,铁路、船舶、航空航天和其它运输设备制造业,C37,2016-25,17/06/2016,-0.025079,5219,16693,,,,,252,69,66,117,695771,418
600893,中航动力,铁路、船舶、航空航天和其它运输设备制造业,C37,2016-26,24/06/2016,0.007983,4821,13899,,,,,228,60,53,115,526222,396
600893,中航动力,铁路、船舶、航空航天和其它运输设备制造业,C37,2016-27,01/07/2016,0.042534,5220,16404,,,,,225,62,57,106,305944,374
600893,中航动力,铁路、船舶、航空航天和其它运输设备制造业,C37,2016-28,08/07/2016,0.084693,7052,24735,,,,,286,118,63,105,389415,341
600893,中航动力,铁路、船舶、航空航天和其它运输设备制造业,C37,2016-29,15/07/2016,-0.003891,7422,26105,,,,,288,65,96,127,315039,288
600893,中航动力,铁路、船舶、航空航天和其它运输设备制造业,C37,2016-30,22/07/2016,-0.038703,5486,17295,,,,,180,45,53,82,279211,276
600893,中航动力,铁路、船舶、航空航天和其它运输设备制造业,C37,2016-31,29/07/2016,-0.044614,5012,16427,,,,,184,56,50,78,321738,383
600893,中航动力,铁路、船舶、航空航天和其它运输设备制造业,C37,2016-32,05/08/2016,-0.013952,4590,13997,,,,,141,39,40,62,162850,214
600893,中航动力,铁路、船舶、航空航天和其它运输设备制造业,C37,2016-33,12/08/2016,0.014727,4394,14323,,,,,149,22,40,87,138569,195
600893,中航动力,铁路、船舶、航空航天和其它运输设备制造业,C37,2016-34,19/08/2016,0.021343,4713,14854,,,,,126,34,33,59,146803,109
600893,中航动力,铁路、船舶、航空航天和其它运输设备制造业,C37,2016-35,26/08/2016,0.000836,4659,14197,,,,,180,43,38,99,388669,245
600893,中航动力,铁路、船舶、航空航天和其它运输设备制造业,C37,2016-36,02/09/2016,0.021715,10046,37052,,,,,391,122,80,189,415851,718
600893,中航动力,铁路、船舶、航空航天和其它运输设备制造业,C37,2016-37,09/09/2016,-0.011172,5331,17045,,,,,170,40,43,87,135562,174
600893,中航动力,铁路、船舶、航空航天和其它运输设备制造业,C37,2016-38,14/09/2016,-0.035271,,,,,,,,,,,,
600893,中航动力,铁路、船舶、航空航天和其它运输设备制造业,C37,2016-39,23/09/2016,-0.003713,4262,12349,,,,,91,35,15,41,88628,68
600893,中航动力,铁路、船舶、航空航天和其它运输设备制造业,C37,2016-40,30/09/2016,-0.016342,3816,11281,,,,,112,35,32,45,96837,93
600893,中航动力,铁路、船舶、航空航天和其它运输设备制造业,C37,2016-42,10/10/2016,0.020111,,,,,,,,,,,,
600893,中航动力,铁路、船舶、航空航天和其它运输设备制造业,C37,2016-46,11/11/2016,0.016571,6348,20426,,,,,428,101,122,205,723781,635
600893,中航动力,铁路、船舶、航空航天和其它运输设备制造业,C37,2016-47,18/11/2016,-0.026419,5131,15633,,,,,213,44,64,105,228630,242
600893,中航动力,铁路、船舶、航空航天和其它运输设备制造业,C37,2016-48,25/11/2016,0.001443,4454,14320,,,,,170,44,50,76,133091,169
600893,中航动力,铁路、船舶、航空航天和其它运输设备制造业,C37,2016-49,02/12/2016,-0.007783,4443,14128,,,,,94,26,28,40,146673,149
600893,中航动力,铁路、船舶、航空航天和其它运输设备制造业,C37,2016-50,09/12/2016,-0.036026,4478,13528,,,,,221,52,60,109,208020,247
600893,中航动力,铁路、船舶、航空航天和其它运输设备制造业,C37,2016-51,16/12/2016,0.007535,4734,15052,,,,,155,44,45,66,166149,192
600893,中航动力,铁路、船舶、航空航天和其它运输设备制造业,C37,2016-52,23/12/2016,-0.011068,4220,12518,,,,,178,48,32,98,200769,279
600893,中航动力,铁路、船舶、航空航天和其它运输设备制造业,C37,2016-53,30/12/2016,-0.009679,3841,11842,,,,,150,39,28,83,176511,246
600958,东方证券,资本市场服务,J67,2015-13,27/03/2015,,13332,78131,51,118,12,184,839,282,197,360,3960969,2986
600958,东方证券,资本市场服务,J67,2015-14,03/04/2015,0.298959,20958,107718,,,,,2415,866,489,1060,8029596,7210
600958,东方证券,资本市场服务,J67,2015-15,10/04/2015,0.185361,21866,123605,,,,,2384,791,489,1104,9013219,8148
600958,东方证券,资本市场服务,J67,2015-16,17/04/2015,-0.030722,19149,112609,,,,,2866,795,713,1358,7068222,7767
600958,东方证券,资本市场服务,J67,2015-17,24/04/2015,-0.000951,18327,104143,,,,,2726,808,666,1252,7798507,8844
600958,东方证券,资本市场服务,J67,2015-18,30/04/2015,0.03014,,,,,,,,,,,,
600958,东方证券,资本市场服务,J67,2015-19,08/05/2015,-0.071143,13925,61485,,,,,1684,427,503,754,3980340,4183
600958,东方证券,资本市场服务,J67,2015-20,15/05/2015,-0.014257,13633,60536,,,,,1396,344,396,656,6693692,5874
600958,东方证券,资本市场服务,J67,2015-21,22/05/2015,0.323915,19891,97578,,,,,2255,804,441,1010,7715233,7730
600958,东方证券,资本市场服务,J67,2015-22,29/05/2015,-0.081047,24082,131704,,,,,2211,639,626,946,7798479,7154
600958,东方证券,资本市场服务,J67,2015-23,05/06/2015,0.077689,18436,95317,,,,,1408,437,317,654,3945991,2947
600958,东方证券,资本市场服务,J67,2015-24,12/06/2015,0.006157,17222,79013,,,,,1138,358,279,501,3807011,2614
600958,东方证券,资本市场服务,J67,2015-25,19/06/2015,-0.163947,14524,65898,,,,,990,264,264,462,2985091,2175
600958,东方证券,资本市场服务,J67,2015-26,26/06/2015,-0.118024,10756,48483,,,,,936,244,332,360,2664960,2185
600958,东方证券,资本市场服务,J67,2015-27,03/07/2015,-0.15537,12647,60821,,,,,766,191,218,357,2167553,1977
600958,东方证券,资本市场服务,J67,2015-28,10/07/2015,0.154321,11777,59415,,,,,705,195,168,342,4842543,5189
600958,东方证券,资本市场服务,J67,2015-29,17/07/2015,-0.049911,10502,47663,,,,,548,130,154,264,1730493,1188
600958,东方证券,资本市场服务,J67,2015-30,24/07/2015,-0.031144,9142,37949,,,,,537,145,145,247,1244864,1081
600958,东方证券,资本市场服务,J67,2015-31,31/07/2015,-0.071263,9291,35520,,,,,606,129,187,290,1321337,2071
600958,东方证券,资本市场服务,J67,2015-32,07/08/2015,-0.025438,7870,28129,,,,,377,71,123,183,1388879,917
600958,东方证券,资本市场服务,J67,2015-33,14/08/2015,0.058622,7734,29284,,,,,396,100,117,179,927690,531
600958,东方证券,资本市场服务,J67,2015-34,21/08/2015,-0.195635,7607,27542,,,,,350,65,131,154,954695,530
600958,东方证券,资本市场服务,J67,2015-35,28/08/2015,-0.107538,7163,26460,,,,,333,70,110,153,1127319,537
600958,东方证券,资本市场服务,J67,2015-36,02/09/2015,-0.133446,,,,,,,,,,,,
600958,东方证券,资本市场服务,J67,2015-37,11/09/2015,0.090968,6016,21500,,,,,135,39,41,55,645860,305
600958,东方证券,资本市场服务,J67,2015-38,18/09/2015,-0.041691,4972,19439,,,,,215,35,65,115,741072,402
600958,东方证券,资本市场服务,J67,2015-39,25/09/2015,0.001865,4503,18479,,,,,147,32,44,71,741118,807
600958,东方证券,资本市场服务,J67,2015-40,30/09/2015,0.015509,,,,,,,,,,,,
600958,东方证券,资本市场服务,J67,2015-41,09/10/2015,0.108125,2716,12402,,,,,100,37,15,48,429435,174
600958,东方证券,资本市场服务,J67,2015-42,16/10/2015,0.083793,5905,22902,,,,,158,66,19,73,714596,290
600958,东方证券,资本市场服务,J67,2015-43,23/10/2015,0.046287,5479,23986,,,,,141,38,26,77,737244,491
600958,东方证券,资本市场服务,J67,2015-44,30/10/2015,0.008751,5124,23110,62,136,13,294,135,52,26,57,1017602,576
600958,东方证券,资本市场服务,J67,2015-45,06/11/2015,0.257831,7305,27992,,,,,256,72,42,142,1672421,929
600958,东方证券,资本市场服务,J67,2015-46,13/11/2015,0.026923,9016,36127,,,,,429,125,109,195,1964807,1013
600958,东方证券,资本市场服务,J67,2015-47,20/11/2015,-0.056554,8304,31638,,,,,504,136,135,233,1807223,1133
600958,东方证券,资本市场服务,J67,2015-48,27/11/2015,-0.10004,7379,26729,,,,,428,85,143,200,2446421,1225
600958,东方证券,资本市场服务,J67,2015-49,04/12/2015,0.011469,6463,24753,,,,,265,66,86,113,1095045,479
600958,东方证券,资本市场服务,J67,2015-50,11/12/2015,-0.006106,6037,21693,,,,,249,57,88,104,703639,406
600958,东方证券,资本市场服务,J67,2015-51,18/12/2015,0.098728,7306,26630,,,,,363,139,70,154,1101383,800
600958,东方证券,资本市场服务,J67,2015-52,25/12/2015,-0.02476,6982,25069,,,,,302,68,84,150,765862,461
600958,东方证券,资本市场服务,J67,2015-53,31/12/2015,-0.046274,,,,,,,,,,,,
600958,东方证券,资本市场服务,J67,2016-02,08/01/2016,-0.161013,4775,19928,,,,,216,39,58,119,786797,404
600958,东方证券,资本市场服务,J67,2016-03,15/01/2016,-0.065507,4611,18933,,,,,136,45,29,62,739329,329
600958,东方证券,资本市场服务,J67,2016-04,22/01/2016,-0.004929,3755,16889,,,,,111,26,29,56,370102,165
600958,东方证券,资本市场服务,J67,2016-05,29/01/2016,0.00055,4868,19041,,,,,255,67,51,137,751374,388
600958,东方证券,资本市场服务,J67,2016-06,05/02/2016,-0.019802,6042,20815,,,,,268,75,82,111,992531,645
600958,东方证券,资本市场服务,J67,2016-08,19/02/2016,0.001684,4365,17089,,,,,131,26,46,59,390374,188
600958,东方证券,资本市场服务,J67,2016-09,26/02/2016,0.023529,6208,21728,,,,,214,65,48,101,1242820,633
600958,东方证券,资本市场服务,J67,2016-10,04/03/2016,0.094691,6330,22085,,,,,208,71,36,101,737753,437
600958,东方证券,资本市场服务,J67,2016-11,11/03/2016,-0.054,5527,20399,,,,,198,54,47,97,1745119,286
600958,东方证券,资本市场服务,J67,2016-12,18/03/2016,0.095137,5108,20126,,,,,160,53,34,73,872769,256
600958,东方证券,资本市场服务,J67,2016-13,25/03/2016,0.003861,7526,27642,,,,,505,112,150,243,1276149,1379
600958,东方证券,资本市场服务,J67,2016-14,01/04/2016,-0.04375,5717,21655,,,,,489,102,151,236,950686,1418
600958,东方证券,资本市场服务,J67,2016-15,08/04/2016,-0.059326,4899,20712,,,,,534,100,181,253,1414684,1445
600958,东方证券,资本市场服务,J67,2016-16,15/04/2016,0.036879,6984,27580,,,,,421,108,94,219,1242611,1015
600958,东方证券,资本市场服务,J67,2016-17,22/04/2016,-0.043299,5217,21002,,,,,285,85,78,122,619914,681
600958,东方证券,资本市场服务,J67,2016-18,29/04/2016,-0.026401,4764,18607,,,,,1873,819,144,910,866663,648
600958,东方证券,资本市场服务,J67,2016-19,06/05/2016,-0.023796,3994,16286,,,,,1330,520,88,722,467406,383
600958,东方证券,资本市场服务,J67,2016-20,13/05/2016,-0.048753,3969,16917,,,,,810,152,70,588,459513,798
600958,东方证券,资本市场服务,J67,2016-21,20/05/2016,0.010727,3685,15838,,,,,798,100,98,600,574278,527
600958,东方证券,资本市场服务,J67,2016-22,27/05/2016,-0.022995,3720,16411,,,,,611,59,116,436,553721,796
600958,东方证券,资本市场服务,J67,2016-23,03/06/2016,0.042245,4441,18698,,,,,811,70,117,624,532642,337
600958,东方证券,资本市场服务,J67,2016-24,08/06/2016,0.020266,,,,,,,,,,,,
600958,东方证券,资本市场服务,J67,2016-25,17/06/2016,-0.021566,3937,16972,,,,,124,24,40,60,443408,223
600958,东方证券,资本市场服务,J67,2016-26,24/06/2016,-0.026051,3623,16184,,,,,221,36,78,107,355413,192
600958,东方证券,资本市场服务,J67,2016-27,01/07/2016,0.015805,3688,16329,,,,,330,73,107,150,260701,269
600958,东方证券,资本市场服务,J67,2016-28,08/07/2016,0.046679,5275,19263,,,,,398,104,100,194,432722,563
600958,东方证券,资本市场服务,J67,2016-29,15/07/2016,-0.006861,4288,17690,,,,,263,52,94,117,177120,115
600958,东方证券,资本市场服务,J67,2016-30,22/07/2016,-0.014968,3686,16637,,,,,204,48,43,113,175392,150
600958,东方证券,资本市场服务,J67,2016-31,29/07/2016,-0.037405,3743,15948,,,,,185,33,63,89,183688,127
600958,东方证券,资本市场服务,J67,2016-32,05/08/2016,-0.007286,3084,15032,,,,,118,23,37,58,132613,71
600958,东方证券,资本市场服务,J67,2016-33,12/08/2016,0.014679,3209,15028,,,,,163,28,45,90,84062,96
600958,东方证券,资本市场服务,J67,2016-34,19/08/2016,0.020494,3929,16976,,,,,225,43,66,116,173487,188
600958,东方证券,资本市场服务,J67,2016-35,26/08/2016,-0.018901,3410,15561,,,,,147,28,40,79,114769,90
600958,东方证券,资本市场服务,J67,2016-36,02/09/2016,0.000602,2896,14384,,,,,103,29,34,40,89988,129
600958,东方证券,资本市场服务,J67,2016-37,09/09/2016,-0.002407,2769,14056,,,,,111,20,38,53,112490,81
600958,东方证券,资本市场服务,J67,2016-38,14/09/2016,-0.0193,,,,,,,,,,,,
600958,东方证券,资本市场服务,J67,2016-39,23/09/2016,-0.00738,2401,13869,,,,,141,42,38,61,88462,42
600958,东方证券,资本市场服务,J67,2016-40,30/09/2016,-0.019207,2470,13683,,,,,131,21,44,66,104392,104
600958,东方证券,资本市场服务,J67,2016-42,14/10/2016,0.012003,2714,14783,,,,,103,33,30,40,146586,109
600958,东方证券,资本市场服务,J67,2016-43,21/10/2016,-0.00437,2951,15186,,,,,137,28,25,84,125081,90
600958,东方证券,资本市场服务,J67,2016-44,28/10/2016,0.004389,3159,15445,,,,,183,32,56,95,183296,134
600958,东方证券,资本市场服务,J67,2016-45,04/11/2016,0.007491,3409,15498,,,,,204,54,42,108,183673,161
600958,东方证券,资本市场服务,J67,2016-46,11/11/2016,0.027261,3825,16620,,,,,198,51,52,95,228952,147
600958,东方证券,资本市场服务,J67,2016-47,18/11/2016,-0.005428,4223,17989,,,,,184,48,53,83,186985,212
600958,东方证券,资本市场服务,J67,2016-48,25/11/2016,0.014554,3684,16562,,,,,179,46,30,103,127541,140
600958,东方证券,资本市场服务,J67,2016-49,02/12/2016,0.002391,4393,18439,,,,,275,85,57,133,341853,295
600958,东方证券,资本市场服务,J67,2016-50,09/12/2016,-0.040549,3497,16387,,,,,276,62,62,152,197383,343
600958,东方证券,资本市场服务,J67,2016-51,16/12/2016,-0.031075,3076,15618,,,,,225,46,64,115,143741,278
600958,东方证券,资本市场服务,J67,2016-52,23/12/2016,-0.00898,2856,14682,,,,,206,37,47,122,95099,148
600958,东方证券,资本市场服务,J67,2016-53,30/12/2016,0.005178,2450,13556,,,,,146,37,41,68,68022,84
600999,招商证券,资本市场服务,J67,2014-01,03/01/2014,-0.044953,3104,14440,,,,,115,44,30,41,232711,271
600999,招商证券,资本市场服务,J67,2014-02,10/01/2014,-0.071016,6901,32625,,,,,284,95,71,118,405948,533
600999,招商证券,资本市场服务,J67,2014-03,17/01/2014,0.008889,5893,27922,,,,,139,54,37,48,231876,278
600999,招商证券,资本市场服务,J67,2014-04,24/01/2014,0.076652,5781,29043,,,,,116,52,27,37,196316,238
600999,招商证券,资本市场服务,J67,2014-05,30/01/2014,-0.036007,,,,,,,,,,,,
600999,招商证券,资本市场服务,J67,2014-06,07/02/2014,-0.00764,2308,16580,,,,,66,25,17,24,134409,183
600999,招商证券,资本市场服务,J67,2014-07,14/02/2014,0.034217,6756,39284,,,,,209,80,52,77,290139,313
600999,招商证券,资本市场服务,J67,2014-08,21/02/2014,-0.10091,7687,43521,,,,,493,151,153,189,737900,1003
600999,招商证券,资本市场服务,J67,2014-09,28/02/2014,-0.00828,7285,39101,,,,,391,146,102,143,574762,844
600999,招商证券,资本市场服务,J67,2014-10,07/03/2014,-0.043599,7384,37914,14,47,1,83,225,66,70,89,313037,278
600999,招商证券,资本市场服务,J67,2014-11,13/03/2014,-0.012609,,,,,,,,,,,,
600999,招商证券,资本市场服务,J67,2014-12,21/03/2014,0.003929,8190,35413,,,,,386,111,122,153,535647,717
600999,招商证券,资本市场服务,J67,2014-13,28/03/2014,-0.002935,7736,34916,,,,,248,83,54,111,375468,518
600999,招商证券,资本市场服务,J67,2014-14,04/04/2014,0.042198,7192,30310,,,,,174,65,54,55,284966,294
600999,招商证券,资本市场服务,J67,2014-15,11/04/2014,0.049906,6840,30817,254,273,53,894,126,57,21,48,261545,136
600999,招商证券,资本市场服务,J67,2014-16,18/04/2014,-0.038565,6943,29587,,,,,90,30,26,34,150061,138
600999,招商证券,资本市场服务,J67,2014-17,25/04/2014,-0.030784,5663,26776,,,,,61,23,19,19,143374,156
600999,招商证券,资本市场服务,J67,2014-18,30/04/2014,-0.001925,,,,,,,,,,,,
600999,招商证券,资本市场服务,J67,2014-19,09/05/2014,0.034716,5767,27269,,,,,68,33,12,23,135274,130
600999,招商证券,资本市场服务,J67,2014-20,16/05/2014,-0.025163,6627,28715,,,,,97,41,22,34,145732,181
600999,招商证券,资本市场服务,J67,2014-21,23/05/2014,-0.012428,5411,24801,,,,,54,29,10,15,92287,83
600999,招商证券,资本市场服务,J67,2014-22,30/05/2014,0.003872,4857,24900,8,30,0,68,67,28,11,28,158493,125
600999,招商证券,资本市场服务,J67,2014-23,06/06/2014,-0.027001,3991,20680,,,,,66,20,22,24,97337,106
600999,招商证券,资本市场服务,J67,2014-24,13/06/2014,0.015857,4697,24503,,,,,69,27,19,23,150062,172
600999,招商证券,资本市场服务,J67,2014-25,20/06/2014,-0.029268,4424,26573,,,,,65,24,14,27,154823,147
600999,招商证券,资本市场服务,J67,2014-26,27/06/2014,0.007035,3969,24725,,,,,91,36,36,19,160450,109
600999,招商证券,资本市场服务,J67,2014-27,04/07/2014,0.006986,4303,25919,,,,,62,30,13,19,123840,118
600999,招商证券,资本市场服务,J67,2014-28,11/07/2014,-0.006938,4232,25028,,,,,71,31,11,29,183089,442
600999,招商证券,资本市场服务,J67,2014-29,18/07/2014,0.00499,4505,25362,,,,,108,46,25,37,260104,409
600999,招商证券,资本市场服务,J67,2014-30,25/07/2014,0.053625,5652,27134,,,,,125,49,39,37,165860,257
600999,招商证券,资本市场服务,J67,2014-31,01/08/2014,0.019793,7138,34573,,,,,119,40,28,51,207313,305
600999,招商证券,资本市场服务,J67,2014-32,08/08/2014,0.015712,6188,32425,,,,,114,47,28,39,216322,274
600999,招商证券,资本市场服务,J67,2014-33,15/08/2014,0.021838,5400,32214,,,,,114,45,24,45,218216,259
600999,招商证券,资本市场服务,J67,2014-34,22/08/2014,-0.016919,5382,32081,214,283,36,826,139,59,24,56,418435,353
600999,招商证券,资本市场服务,J67,2014-35,29/08/2014,-0.02808,4406,28505,,,,,130,46,34,50,181545,258
600999,招商证券,资本市场服务,J67,2014-36,05/09/2014,0.04753,4914,32174,,,,,183,77,40,66,358492,377
600999,招商证券,资本市场服务,J67,2014-37,12/09/2014,-0.008897,4386,30885,,,,,117,48,22,47,208296,288
600999,招商证券,资本市场服务,J67,2014-38,19/09/2014,-0.006284,4965,35987,,,,,182,63,35,84,379281,573
600999,招商证券,资本市场服务,J67,2014-39,26/09/2014,0.038844,6174,36847,,,,,167,65,26,76,425580,357
600999,招商证券,资本市场服务,J67,2014-40,30/09/2014,0.011304,,,,,,,,,,,,
600999,招商证券,资本市场服务,J67,2014-41,10/10/2014,-0.004299,4278,29332,,,,,75,32,14,29,148175,211
600999,招商证券,资本市场服务,J67,2014-42,17/10/2014,0.008636,5836,36068,,,,,158,72,30,56,516991,889
600999,招商证券,资本市场服务,J67,2014-43,24/10/2014,-0.017979,6430,34438,,,,,123,56,22,45,234986,257
600999,招商证券,资本市场服务,J67,2014-44,31/10/2014,0.071491,7049,37016,254,178,27,793,216,89,41,86,956932,2352
600999,招商证券,资本市场服务,J67,2014-45,07/11/2014,0.060456,7681,39725,,,,,183,72,34,77,563008,521
600999,招商证券,资本市场服务,J67,2014-46,14/11/2014,0.055124,8064,44786,,,,,259,102,52,105,667666,519
600999,招商证券,资本市场服务,J67,2014-47,21/11/2014,0.092715,8560,47032,,,,,522,167,99,256,2594076,1065
600999,招商证券,资本市场服务,J67,2014-48,28/11/2014,0.221549,13374,79108,,,,,752,262,154,336,2501437,1653
600999,招商证券,资本市场服务,J67,2014-49,05/12/2014,0.436053,15578,120906,,,,,762,243,182,337,1555129,1812
600999,招商证券,资本市场服务,J67,2014-50,12/12/2014,0.060269,19956,161687,,,,,1278,419,270,589,3087087,4530
600999,招商证券,资本市场服务,J67,2014-51,19/12/2014,0.040188,19411,120194,,,,,986,287,259,440,1695840,1811
600999,招商证券,资本市场服务,J67,2014-52,26/12/2014,0.009746,15044,89601,,,,,691,180,185,326,1266772,1793
600999,招商证券,资本市场服务,J67,2014-53,31/12/2014,-0.025508,,,,,,,,,,,,
600999,招商证券,资本市场服务,J67,2015-02,09/01/2015,-0.030421,15420,91485,,,,,951,340,184,427,4433522,3890
600999,招商证券,资本市场服务,J67,2015-03,16/01/2015,-0.025538,12748,67355,,,,,532,121,164,247,1064736,3491
600999,招商证券,资本市场服务,J67,2015-04,23/01/2015,-0.059903,13004,74394,,,,,483,153,106,224,764617,920
600999,招商证券,资本市场服务,J67,2015-05,30/01/2015,-0.065711,10023,55834,,,,,241,78,53,110,432847,721
600999,招商证券,资本市场服务,J67,2015-06,06/02/2015,0.139812,14000,69572,8,11,1,20,889,338,170,381,1913556,2155
600999,招商证券,资本市场服务,J67,2015-07,13/02/2015,0.010097,12494,57873,,,,,415,114,129,172,889080,944
600999,招商证券,资本市场服务,J67,2015-08,17/02/2015,-0.014439,,,,,,,,,,,,
600999,招商证券,资本市场服务,J67,2015-09,27/02/2015,0.044703,7523,41541,,,,,180,50,39,91,497496,549
600999,招商证券,资本市场服务,J67,2015-10,06/03/2015,-0.039554,12211,75571,,,,,384,127,98,159,795053,984
600999,招商证券,资本市场服务,J67,2015-11,13/03/2015,-0.02134,11135,71799,,,,,409,128,100,181,688938,694
600999,招商证券,资本市场服务,J67,2015-12,20/03/2015,0.155318,11577,96156,,,,,338,141,58,139,934713,1109
600999,招商证券,资本市场服务,J67,2015-13,27/03/2015,0.019868,13078,111957,,,,,360,144,79,137,1020891,1313
600999,招商证券,资本市场服务,J67,2015-14,03/04/2015,0.069805,14319,115113,134,156,13,451,562,181,127,254,1852812,2702
600999,招商证券,资本市场服务,J67,2015-15,10/04/2015,0.131715,14931,134239,,,,,524,197,101,226,1556525,1906
600999,招商证券,资本市场服务,J67,2015-16,17/04/2015,-0.01314,14934,204845,8,6,1,47,719,184,189,346,2046591,3042
600999,招商证券,资本市场服务,J67,2015-17,24/04/2015,-0.013315,15198,180335,,,,,705,173,186,346,1819118,2416
600999,招商证券,资本市场服务,J67,2015-18,30/04/2015,0.018728,,,,,,,,,,,,
600999,招商证券,资本市场服务,J67,2015-19,07/05/2015,-0.06299,,,,,,,,,,,,
600999,招商证券,资本市场服务,J67,2015-21,22/05/2015,-0.023226,15376,151408,,,,,1021,245,316,460,1782027,2171
600999,招商证券,资本市场服务,J67,2015-22,29/05/2015,-0.09735,14765,231978,,,,,1478,332,518,628,2315941,5991
600999,招商证券,资本市场服务,J67,2015-23,05/06/2015,0.05343,14654,178377,,,,,1005,251,308,446,1762877,2947
600999,招商证券,资本市场服务,J67,2015-24,12/06/2015,0.025986,15870,155986,,,,,705,214,164,327,1758922,1818
600999,招商证券,资本市场服务,J67,2015-25,19/06/2015,-0.146781,14221,127271,,,,,866,201,276,389,1452841,1960
600999,招商证券,资本市场服务,J67,2015-26,26/06/2015,-0.075465,11481,89313,,,,,545,162,133,250,1142615,1389
600999,招商证券,资本市场服务,J67,2015-27,03/07/2015,-0.060348,15670,116852,,,,,540,156,136,248,1016398,1432
600999,招商证券,资本市场服务,J67,2015-28,10/07/2015,0.099218,15500,120409,,,,,569,182,151,236,1005920,846
600999,招商证券,资本市场服务,J67,2015-29,17/07/2015,-0.077903,12347,93793,,,,,511,138,163,210,844886,1404
600999,招商证券,资本市场服务,J67,2015-30,24/07/2015,-0.04671,10962,76921,,,,,669,165,211,293,964857,990
600999,招商证券,资本市场服务,J67,2015-31,31/07/2015,-0.08905,11059,68001,,,,,514,123,179,212,771294,642
600999,招商证券,资本市场服务,J67,2015-32,07/08/2015,-0.009822,9434,56035,,,,,351,86,101,164,800946,1482
600999,招商证券,资本市场服务,J67,2015-33,14/08/2015,0.051488,9493,57287,,,,,277,62,77,138,687995,383
600999,招商证券,资本市场服务,J67,2015-34,21/08/2015,-0.199461,9852,59158,120,143,16,475,424,113,129,182,878755,662
600999,招商证券,资本市场服务,J67,2015-35,28/08/2015,-0.092593,9927,59399,,,,,313,72,103,138,725097,595
600999,招商证券,资本市场服务,J67,2015-36,02/09/2015,0.024737,,,,,,,,,,,,
600999,招商证券,资本市场服务,J67,2015-37,11/09/2015,0.016295,7351,45124,,,,,191,56,63,72,645153,666
600999,招商证券,资本市场服务,J67,2015-38,18/09/2015,-0.032067,6780,41345,,,,,277,66,95,116,529807,489
600999,招商证券,资本市场服务,J67,2015-39,25/09/2015,-0.027607,5695,36142,,,,,172,41,60,71,403166,267
600999,招商证券,资本市场服务,J67,2015-40,30/09/2015,0.011356,,,,,,,,,,,,
600999,招商证券,资本市场服务,J67,2015-41,09/10/2015,0.089208,3517,26466,,,,,38,7,15,16,120328,75
600999,招商证券,资本市场服务,J67,2015-42,16/10/2015,0.064376,7126,43541,,,,,201,60,57,84,423104,282
600999,招商证券,资本市场服务,J67,2015-43,23/10/2015,0.059181,7276,46154,,,,,134,33,29,72,354761,201
600999,招商证券,资本市场服务,J67,2015-44,30/10/2015,-0.002611,6930,42523,,,,,151,56,32,63,425816,260
600999,招商证券,资本市场服务,J67,2015-45,06/11/2015,0.240314,7485,47530,31,37,4,108,197,65,35,97,429675,320
600999,招商证券,资本市场服务,J67,2015-46,13/11/2015,-0.021106,9123,60438,,,,,203,66,51,86,430866,325
600999,招商证券,资本市场服务,J67,2015-47,20/11/2015,-0.03881,7417,50182,48,134,8,218,160,45,42,73,436140,251
600999,招商证券,资本市场服务,J67,2015-48,27/11/2015,-0.089726,6401,46061,17,12,3,46,192,54,52,86,322549,194
600999,招商证券,资本市场服务,J67,2015-49,04/12/2015,0.073928,6700,48149,,,,,187,59,50,78,416842,634
600999,招商证券,资本市场服务,J67,2015-50,11/12/2015,-0.019734,5877,43693,,,,,224,50,85,89,2527840,2376
600999,招商证券,资本市场服务,J67,2015-51,18/12/2015,0.074906,7818,47149,,,,,194,85,33,76,1558845,1021
600999,招商证券,资本市场服务,J67,2015-52,25/12/2015,-0.012631,7704,47508,,,,,159,48,46,65,685150,291
600999,招商证券,资本市场服务,J67,2015-53,31/12/2015,-0.042788,,,,,,,,,,,,
600999,招商证券,资本市场服务,J67,2016-02,08/01/2016,-0.147005,6029,41304,,,,,138,23,44,71,1081054,1741
600999,招商证券,资本市场服务,J67,2016-03,15/01/2016,-0.10913,5457,38256,,,,,111,39,30,42,716352,230
600999,招商证券,资本市场服务,J67,2016-04,22/01/2016,-0.017586,4519,36861,,,,,87,19,23,45,498040,220
600999,招商证券,资本市场服务,J67,2016-05,29/01/2016,-0.075309,4221,35933,,,,,128,36,42,50,718394,342
600999,招商证券,资本市场服务,J67,2016-06,05/02/2016,-0.026035,3687,28632,,,,,98,29,22,47,1081959,571
600999,招商证券,资本市场服务,J67,2016-08,19/02/2016,0.037697,3832,34609,,,,,50,15,13,22,233282,36
600999,招商证券,资本市场服务,J67,2016-09,26/02/2016,-0.03897,4470,37128,,,,,79,33,13,33,431142,90
600999,招商证券,资本市场服务,J67,2016-10,04/03/2016,0.098969,4860,38970,,,,,144,60,27,57,1469303,601
600999,招商证券,资本市场服务,J67,2016-11,11/03/2016,0.013133,4990,36878,,,,,198,58,44,96,1394488,292
600999,招商证券,资本市场服务,J67,2016-12,18/03/2016,0.075926,4604,34222,,,,,138,44,32,62,630792,270
600999,招商证券,资本市场服务,J67,2016-13,25/03/2016,0.022949,6426,45721,,,,,199,61,46,92,1111662,866
600999,招商证券,资本市场服务,J67,2016-14,01/04/2016,0.006169,4685,34664,,,,,105,31,23,51,617334,175
600999,招商证券,资本市场服务,J67,2016-15,08/04/2016,-0.039019,3779,31134,,,,,79,29,26,24,625856,108
600999,招商证券,资本市场服务,J67,2016-16,15/04/2016,0.051044,4906,37380,,,,,107,25,32,50,652693,280
600999,招商证券,资本市场服务,J67,2016-17,22/04/2016,-0.043598,3873,32301,,,,,129,48,28,53,1672637,1371
600999,招商证券,资本市场服务,J67,2016-18,29/04/2016,-0.034622,3337,29390,,,,,1632,789,24,819,736036,380
600999,招商证券,资本市场服务,J67,2016-19,06/05/2016,-0.028093,3010,26236,,,,,1072,412,19,641,336729,75
600999,招商证券,资本市场服务,J67,2016-20,13/05/2016,-0.039975,3506,26822,,,,,674,149,24,501,293216,175
600999,招商证券,资本市场服务,J67,2016-21,20/05/2016,0.008969,3319,26153,,,,,695,94,43,558,390521,254
600999,招商证券,资本市场服务,J67,2016-22,27/05/2016,-0.015238,3033,26314,,,,,523,64,96,363,419584,547
600999,招商证券,资本市场服务,J67,2016-23,03/06/2016,0.059961,3771,29213,,,,,578,38,28,512,256201,103
600999,招商证券,资本市场服务,J67,2016-24,08/06/2016,-0.010341,,,,,,,,,,,,
600999,招商证券,资本市场服务,J67,2016-25,17/06/2016,-0.03276,3058,27675,,,,,65,30,10,25,249419,109
600999,招商证券,资本市场服务,J67,2016-26,24/06/2016,0.020013,3362,26064,,,,,59,19,6,34,154820,51
600999,招商证券,资本市场服务,J67,2016-27,01/07/2016,0.048734,3569,28809,,,,,70,26,13,31,92626,57
600999,招商证券,资本市场服务,J67,2016-28,08/07/2016,0.044659,4139,32151,,,,,78,21,14,43,95998,60
600999,招商证券,资本市场服务,J67,2016-29,15/07/2016,0.010399,3721,31769,,,,,85,22,14,49,174617,405
600999,招商证券,资本市场服务,J67,2016-30,22/07/2016,-0.014866,3214,28483,,,,,45,17,5,23,70612,38
600999,招商证券,资本市场服务,J67,2016-31,29/07/2016,-0.024956,3279,27097,,,,,60,24,9,27,60685,24
600999,招商证券,资本市场服务,J67,2016-32,05/08/2016,-0.0125,3165,24852,,,,,54,24,9,21,58784,72
600999,招商证券,资本市场服务,J67,2016-33,12/08/2016,0.050633,3111,24849,,,,,59,22,7,30,75234,81
600999,招商证券,资本市场服务,J67,2016-34,19/08/2016,0.045898,5711,32988,,,,,136,45,23,68,104551,282
600999,招商证券,资本市场服务,J67,2016-35,26/08/2016,-0.025233,4056,26906,,,,,70,24,17,29,67234,67
600999,招商证券,资本市场服务,J67,2016-36,02/09/2016,0.003376,3486,25126,,,,,60,27,8,25,57979,46
600999,招商证券,资本市场服务,J67,2016-37,09/09/2016,-0.008413,3631,25709,,,,,82,29,18,35,73606,64
600999,招商证券,资本市场服务,J67,2016-38,14/09/2016,-0.027715,,,,,,,,,,,,
600999,招商证券,资本市场服务,J67,2016-39,23/09/2016,0.012216,2781,25705,,,,,43,17,5,21,57663,64
600999,招商证券,资本市场服务,J67,2016-40,30/09/2016,-0.003218,2918,26701,,,,,88,32,15,41,120839,110
600999,招商证券,资本市场服务,J67,2016-42,14/10/2016,0.001745,2977,30085,,,,,84,28,8,48,68378,47
600999,招商证券,资本市场服务,J67,2016-43,21/10/2016,0.008711,2996,27692,,,,,41,18,6,17,41988,25
600999,招商证券,资本市场服务,J67,2016-44,28/10/2016,0.047208,3819,28748,,,,,59,23,7,29,56760,35
600999,招商证券,资本市场服务,J67,2016-45,04/11/2016,0,3602,28874,,,,,59,26,8,25,94532,84
600999,招商证券,资本市场服务,J67,2016-46,11/11/2016,0.063222,3824,28275,,,,,76,44,8,24,75069,54
600999,招商证券,资本市场服务,J67,2016-47,18/11/2016,-0.031024,3939,30353,,,,,73,25,13,35,66793,124
600999,招商证券,资本市场服务,J67,2016-48,25/11/2016,0.037353,3853,28069,,,,,53,28,4,21,46601,46
600999,招商证券,资本市场服务,J67,2016-49,02/12/2016,-0.034465,3811,27705,,,,,75,25,14,36,78554,59
600999,招商证券,资本市场服务,J67,2016-50,09/12/2016,-0.059137,3544,26190,,,,,118,32,39,47,91754,121
600999,招商证券,资本市场服务,J67,2016-51,16/12/2016,-0.04983,3292,25036,,,,,90,25,32,33,59498,92
600999,招商证券,资本市场服务,J67,2016-52,23/12/2016,-0.014303,2969,23859,,,,,70,30,19,21,40576,73
600999,招商证券,资本市场服务,J67,2016-53,30/12/2016,-0.012696,2770,22466,,,,,103,24,37,42,49727,70
601006,大秦铁路,铁路运输业,G53,2014-01,03/01/2014,0.040595,2122,5241,21,37,5,91,37,21,3,13,93970,84
601006,大秦铁路,铁路运输业,G53,2014-02,10/01/2014,-0.058518,5350,12543,30,291,14,348,86,30,18,38,188876,278
601006,大秦铁路,铁路运输业,G53,2014-03,17/01/2014,-0.027624,4433,11205,9,36,6,147,90,27,28,35,124705,171
601006,大秦铁路,铁路运输业,G53,2014-04,24/01/2014,0.045455,4275,10445,7,7,2,27,63,26,11,26,151738,278
601006,大秦铁路,铁路运输业,G53,2014-05,30/01/2014,-0.013587,,,,,,,,,,,,
601006,大秦铁路,铁路运输业,G53,2014-06,07/02/2014,0.00551,1923,5982,,,,,24,16,3,5,56403,23
601006,大秦铁路,铁路运输业,G53,2014-07,14/02/2014,0.064384,6042,14683,13,46,6,183,126,69,14,43,312993,324
601006,大秦铁路,铁路运输业,G53,2014-08,21/02/2014,-0.07722,8933,42880,46,131,12,329,546,175,164,207,956786,1554
601006,大秦铁路,铁路运输业,G53,2014-09,28/02/2014,-0.051604,6684,18184,,,,,270,74,83,113,469223,993
601006,大秦铁路,铁路运输业,G53,2014-10,07/03/2014,-0.011765,6026,15911,,,,,206,79,51,76,673877,1287
601006,大秦铁路,铁路运输业,G53,2014-11,14/03/2014,-0.063988,5602,14817,,,,,286,106,92,88,501830,1017
601006,大秦铁路,铁路运输业,G53,2014-12,21/03/2014,0.046105,5783,15328,,,,,217,90,47,80,442062,714
601006,大秦铁路,铁路运输业,G53,2014-13,28/03/2014,0.015198,5488,14355,,,,,132,60,23,49,331023,255
601006,大秦铁路,铁路运输业,G53,2014-14,04/04/2014,-0.004491,5532,14886,,,,,135,46,25,64,271540,234
601006,大秦铁路,铁路运输业,G53,2014-15,11/04/2014,0.066165,5338,20427,,,,,115,53,16,46,317950,526
601006,大秦铁路,铁路运输业,G53,2014-16,18/04/2014,-0.036671,5194,14814,30,113,6,162,71,35,12,24,165782,239
601006,大秦铁路,铁路运输业,G53,2014-17,25/04/2014,-0.020498,4797,13432,,,,,118,46,14,58,312445,408
601006,大秦铁路,铁路运输业,G53,2014-18,30/04/2014,-0.004484,,,,,,,,,,,,
601006,大秦铁路,铁路运输业,G53,2014-19,09/05/2014,0.006006,4995,13146,8,8,2,25,77,30,15,32,177354,434
601006,大秦铁路,铁路运输业,G53,2014-20,16/05/2014,0.00597,4690,12100,,,,,103,30,26,47,234152,691
601006,大秦铁路,铁路运输业,G53,2014-21,23/05/2014,-0.004451,4358,11004,,,,,82,37,17,28,198822,368
601006,大秦铁路,铁路运输业,G53,2014-22,30/05/2014,0,3888,10384,,,,,61,27,9,25,184326,280
601006,大秦铁路,铁路运输业,G53,2014-23,06/06/2014,-0.004471,3096,8604,,,,,32,16,5,11,80443,96
601006,大秦铁路,铁路运输业,G53,2014-24,13/06/2014,0.017964,3803,9964,10,2,5,71,42,23,3,16,177271,296
601006,大秦铁路,铁路运输业,G53,2014-25,20/06/2014,0.008824,4850,12301,,,,,68,30,11,27,223997,309
601006,大秦铁路,铁路运输业,G53,2014-26,27/06/2014,-0.027697,4648,11965,,,,,136,60,32,44,305683,606
601006,大秦铁路,铁路运输业,G53,2014-27,04/07/2014,0.022436,4736,11771,,,,,45,21,4,20,134098,297
601006,大秦铁路,铁路运输业,G53,2014-28,11/07/2014,-0.001567,3849,10425,,,,,56,25,9,22,142216,206
601006,大秦铁路,铁路运输业,G53,2014-29,18/07/2014,0.076923,5995,15059,82,154,14,337,115,49,17,49,394436,993
601006,大秦铁路,铁路运输业,G53,2014-30,25/07/2014,0.04519,6277,15416,,,,,105,47,21,37,245612,682
601006,大秦铁路,铁路运输业,G53,2014-31,01/08/2014,-0.002789,5915,15605,,,,,91,33,23,35,212980,269
601006,大秦铁路,铁路运输业,G53,2014-32,08/08/2014,-0.011189,5507,14542,,,,,71,29,11,31,207224,353
601006,大秦铁路,铁路运输业,G53,2014-33,15/08/2014,0.032532,6065,15972,,,,,91,41,15,35,307086,626
601006,大秦铁路,铁路运输业,G53,2014-34,22/08/2014,-0.00411,5374,14487,17,55,6,197,106,36,19,51,231555,484
601006,大秦铁路,铁路运输业,G53,2014-35,29/08/2014,0.017882,5274,14431,177,281,46,1000,138,60,27,51,332217,583
601006,大秦铁路,铁路运输业,G53,2014-36,05/09/2014,0.083784,6423,16731,11,29,14,129,131,55,25,51,292716,594
601006,大秦铁路,铁路运输业,G53,2014-37,12/09/2014,-0.029925,5676,14817,,,,,105,35,29,41,325613,693
601006,大秦铁路,铁路运输业,G53,2014-38,19/09/2014,-0.006427,6157,15810,,,,,87,35,18,34,223839,281
601006,大秦铁路,铁路运输业,G53,2014-39,26/09/2014,0.006468,5296,14384,9,38,6,172,65,23,11,31,149839,140
601006,大秦铁路,铁路运输业,G53,2014-40,30/09/2014,0,,,,,,,,,,,,
601006,大秦铁路,铁路运输业,G53,2014-41,10/10/2014,0.002571,3875,10867,,,,,53,29,7,17,106026,111
601006,大秦铁路,铁路运输业,G53,2014-42,17/10/2014,-0.033333,5762,15136,11,8,5,55,168,56,52,60,299884,343
601006,大秦铁路,铁路运输业,G53,2014-43,24/10/2014,-0.007958,4787,13004,,,,,98,42,21,35,192011,245
601006,大秦铁路,铁路运输业,G53,2014-44,31/10/2014,0.066845,6050,15615,108,129,41,600,180,79,31,70,487355,545
601006,大秦铁路,铁路运输业,G53,2014-45,07/11/2014,-0.002506,6842,17026,16,70,0,154,115,47,26,42,302607,418
601006,大秦铁路,铁路运输业,G53,2014-46,14/11/2014,0.138191,7458,20972,19,112,15,235,186,95,34,57,587587,452
601006,大秦铁路,铁路运输业,G53,2014-47,21/11/2014,0.023179,9818,29920,17,91,1,228,458,167,92,199,1291558,1895
601006,大秦铁路,铁路运输业,G53,2014-48,28/11/2014,0.033441,9179,42607,21,20,4,73,169,64,35,70,451617,477
601006,大秦铁路,铁路运输业,G53,2014-49,05/12/2014,-0.010438,8932,29521,,,,,309,76,95,138,614110,852
601006,大秦铁路,铁路运输业,G53,2014-50,12/12/2014,0.078059,11773,87434,5,49,6,88,407,148,80,179,923064,1151
601006,大秦铁路,铁路运输业,G53,2014-51,19/12/2014,0.125245,12534,40488,,,,,511,166,125,220,1228217,1529
601006,大秦铁路,铁路运输业,G53,2014-52,26/12/2014,-0.056522,12797,40423,,,,,447,129,119,199,1069959,1106
601006,大秦铁路,铁路运输业,G53,2014-53,31/12/2014,-0.017512,,,,,,,,,,,,
601006,大秦铁路,铁路运输业,G53,2015-02,09/01/2015,0.061914,15098,53698,,,,,906,272,244,390,2111130,2944
601006,大秦铁路,铁路运输业,G53,2015-03,16/01/2015,0.012367,11378,35467,,,,,392,127,104,161,866382,1076
601006,大秦铁路,铁路运输业,G53,2015-04,23/01/2015,-0.058464,11190,36143,,,,,420,118,113,189,846188,1361
601006,大秦铁路,铁路运输业,G53,2015-05,30/01/2015,-0.015755,10609,34754,,,,,527,188,120,219,1245338,2465
601006,大秦铁路,铁路运输业,G53,2015-06,06/02/2015,-0.081921,10681,33609,27,92,11,252,529,159,144,226,903108,1435
601006,大秦铁路,铁路运输业,G53,2015-07,13/02/2015,0.072821,8984,29386,,,,,278,86,77,115,646033,1405
601006,大秦铁路,铁路运输业,G53,2015-08,17/02/2015,0.007648,,,,,,,,,,,,
601006,大秦铁路,铁路运输业,G53,2015-09,27/02/2015,0.012334,5608,17572,,,,,108,31,30,47,269706,456
601006,大秦铁路,铁路运输业,G53,2015-10,06/03/2015,-0.043112,9443,28178,,,,,221,56,75,90,469131,769
601006,大秦铁路,铁路运输业,G53,2015-11,13/03/2015,0.030362,8485,25924,12,61,8,203,236,75,53,108,529561,1865
601006,大秦铁路,铁路运输业,G53,2015-12,20/03/2015,0.038973,10694,34419,,,,,254,89,46,119,565349,915
601006,大秦铁路,铁路运输业,G53,2015-13,27/03/2015,-0.005489,11263,35865,,,,,529,136,162,231,825053,1215
601006,大秦铁路,铁路运输业,G53,2015-14,03/04/2015,0.028519,12842,41410,,,,,647,177,178,292,1047332,1524
601006,大秦铁路,铁路运输业,G53,2015-15,10/04/2015,0.038462,12123,39669,,,,,556,189,136,231,1454727,2098
601006,大秦铁路,铁路运输业,G53,2015-16,17/04/2015,0.151593,19340,85844,12,30,1,43,956,262,241,453,2183153,2396
601006,大秦铁路,铁路运输业,G53,2015-17,24/04/2015,0.000748,18820,80505,,,,,775,263,167,345,1845762,2186
601006,大秦铁路,铁路运输业,G53,2015-18,30/04/2015,0.044096,,,,,,,,,,,,
601006,大秦铁路,铁路运输业,G53,2015-19,08/05/2015,-0.110952,16390,69287,20,64,17,230,1094,269,337,488,1706262,3443
601006,大秦铁路,铁路运输业,G53,2015-20,15/05/2015,-0.008857,14611,58530,,,,,1009,283,306,420,1693305,3450
601006,大秦铁路,铁路运输业,G53,2015-21,22/05/2015,0.068237,14477,58071,,,,,795,237,203,355,1671642,1991
601006,大秦铁路,铁路运输业,G53,2015-22,29/05/2015,-0.073764,17106,72830,,,,,920,252,273,395,2038421,2269
601006,大秦铁路,铁路运输业,G53,2015-23,05/06/2015,0.115764,17300,69535,,,,,737,232,174,331,1354402,1527
601006,大秦铁路,铁路运输业,G53,2015-24,12/06/2015,0.025018,17580,76343,,,,,703,196,143,364,1493435,1599
601006,大秦铁路,铁路运输业,G53,2015-25,19/06/2015,-0.074659,18293,76546,,,,,934,236,222,476,1546876,1733
601006,大秦铁路,铁路运输业,G53,2015-26,26/06/2015,0.005641,14957,61229,,,,,480,155,106,219,1033143,1015
601006,大秦铁路,铁路运输业,G53,2015-27,03/07/2015,-0.133013,20031,96527,,,,,792,196,214,382,1292790,1718
601006,大秦铁路,铁路运输业,G53,2015-28,10/07/2015,0.121072,16314,79647,,,,,492,127,134,231,752355,878
601006,大秦铁路,铁路运输业,G53,2015-29,17/07/2015,-0.051937,14383,65772,,,,,547,111,182,254,844691,1023
601006,大秦铁路,铁路运输业,G53,2015-30,24/07/2015,-0.044348,11847,48345,,,,,730,163,237,330,1291446,1558
601006,大秦铁路,铁路运输业,G53,2015-31,31/07/2015,-0.070064,11489,48143,,,,,556,155,156,245,1076595,1258
601006,大秦铁路,铁路运输业,G53,2015-32,07/08/2015,0.036204,10376,43124,,,,,459,114,151,194,735241,670
601006,大秦铁路,铁路运输业,G53,2015-33,14/08/2015,0.029273,9731,39086,,,,,456,98,168,190,939937,1638
601006,大秦铁路,铁路运输业,G53,2015-34,21/08/2015,-0.117431,9011,31605,,,,,272,70,94,108,754595,1201
601006,大秦铁路,铁路运输业,G53,2015-35,28/08/2015,-0.02079,9131,35245,28,36,19,175,275,69,81,125,593569,658
601006,大秦铁路,铁路运输业,G53,2015-36,02/09/2015,0.037155,,,,,,,,,,,,
601006,大秦铁路,铁路运输业,G53,2015-37,11/09/2015,-0.048106,7143,24338,,,,,786,156,258,372,563870,399
601006,大秦铁路,铁路运输业,G53,2015-38,18/09/2015,-0.010753,7329,23901,,,,,393,104,121,168,626574,561
601006,大秦铁路,铁路运输业,G53,2015-39,25/09/2015,-0.011957,6566,20807,,,,,259,63,79,117,452008,346
601006,大秦铁路,铁路运输业,G53,2015-40,30/09/2015,-0.028603,,,,,,,,,,,,
601006,大秦铁路,铁路运输业,G53,2015-41,09/10/2015,0.028313,3103,10134,,,,,119,34,29,56,291897,179
601006,大秦铁路,铁路运输业,G53,2015-42,16/10/2015,0.034141,6000,18992,,,,,135,44,38,53,400309,283
601006,大秦铁路,铁路运输业,G53,2015-43,23/10/2015,-0.018104,6078,19710,,,,,173,37,52,84,393725,336
601006,大秦铁路,铁路运输业,G53,2015-44,30/10/2015,-0.009761,5900,18516,28,42,27,203,198,65,49,84,495018,418
601006,大秦铁路,铁路运输业,G53,2015-45,06/11/2015,0.036145,6010,19323,14,54,11,215,259,77,63,119,501995,603
601006,大秦铁路,铁路运输业,G53,2015-46,13/11/2015,-0.003171,6820,20997,9,27,1,59,172,46,51,75,501157,540
601006,大秦铁路,铁路运输业,G53,2015-47,20/11/2015,-0.007423,5616,17786,,,,,242,67,55,120,491139,628
601006,大秦铁路,铁路运输业,G53,2015-48,27/11/2015,-0.057692,6127,19668,11,48,2,83,530,143,143,244,792137,1472
601006,大秦铁路,铁路运输业,G53,2015-49,04/12/2015,0.007937,6209,19659,,,,,353,91,95,167,551179,870
601006,大秦铁路,铁路运输业,G53,2015-50,11/12/2015,-0.033746,5791,17548,,,,,284,82,68,134,878794,741
601006,大秦铁路,铁路运输业,G53,2015-51,18/12/2015,0.022119,5537,16603,,,,,232,63,66,103,719552,551
601006,大秦铁路,铁路运输业,G53,2015-52,25/12/2015,0.027335,7100,23746,,,,,312,84,77,151,811480,749
601006,大秦铁路,铁路运输业,G53,2015-53,31/12/2015,-0.044346,,,,,,,,,,,,
601006,大秦铁路,铁路运输业,G53,2016-02,08/01/2016,-0.046404,6463,20373,,,,,362,104,84,174,1009135,981
601006,大秦铁路,铁路运输业,G53,2016-03,15/01/2016,-0.105839,6867,20372,,,,,478,149,110,219,1638413,1944
601006,大秦铁路,铁路运输业,G53,2016-04,22/01/2016,0.005442,5731,17883,,,,,361,108,84,169,1116346,1901
601006,大秦铁路,铁路运输业,G53,2016-05,29/01/2016,-0.078484,5834,18238,,,,,447,135,110,202,1227467,1748
601006,大秦铁路,铁路运输业,G53,2016-06,05/02/2016,-0.013216,5440,17018,,,,,679,201,195,283,2267196,3333
601006,大秦铁路,铁路运输业,G53,2016-08,19/02/2016,0.016369,5943,16555,,,,,475,143,94,238,1576509,2773
601006,大秦铁路,铁路运输业,G53,2016-09,26/02/2016,-0.020498,6031,17557,,,,,417,124,81,212,1388190,3525
601006,大秦铁路,铁路运输业,G53,2016-10,04/03/2016,0.040359,5686,17660,,,,,439,138,90,211,1302160,2675
601006,大秦铁路,铁路运输业,G53,2016-11,11/03/2016,-0.033046,5612,16805,,,,,453,143,102,208,1194026,1976
601006,大秦铁路,铁路运输业,G53,2016-12,18/03/2016,0.041605,5629,16517,,,,,415,134,68,213,891377,1982
601006,大秦铁路,铁路运输业,G53,2016-13,25/03/2016,-0.027104,5843,17425,,,,,585,152,123,310,1322167,2751
601006,大秦铁路,铁路运输业,G53,2016-14,01/04/2016,0.020528,5950,17617,,,,,550,155,119,276,1351550,1337
601006,大秦铁路,铁路运输业,G53,2016-15,08/04/2016,-0.021552,5728,15752,,,,,434,118,110,206,1200471,1570
601006,大秦铁路,铁路运输业,G53,2016-16,15/04/2016,0.004405,6378,18642,,,,,762,169,186,407,1434449,2145
601006,大秦铁路,铁路运输业,G53,2016-17,22/04/2016,-0.040936,5356,16077,,,,,647,163,160,324,1348607,3020
601006,大秦铁路,铁路运输业,G53,2016-18,29/04/2016,-0.003049,5947,17786,,,,,2061,911,136,1014,1821533,3348
601006,大秦铁路,铁路运输业,G53,2016-19,06/05/2016,-0.010703,4749,14056,,,,,1414,515,95,804,823757,3043
601006,大秦铁路,铁路运输业,G53,2016-20,13/05/2016,-0.001546,5130,15165,,,,,1076,275,121,680,862023,2283
601006,大秦铁路,铁路运输业,G53,2016-21,20/05/2016,-0.017028,4356,13813,,,,,930,143,98,689,805439,1191
601006,大秦铁路,铁路运输业,G53,2016-22,27/05/2016,-0.001575,4390,13529,,,,,850,184,171,495,1035540,1237
601006,大秦铁路,铁路运输业,G53,2016-23,03/06/2016,0.023659,4614,14459,,,,,822,122,85,615,825744,897
601006,大秦铁路,铁路运输业,G53,2016-24,08/06/2016,-0.009245,,,,,,,,,,,,
601006,大秦铁路,铁路运输业,G53,2016-25,17/06/2016,-0.010886,4395,13865,,,,,453,153,113,187,799186,1044
601006,大秦铁路,铁路运输业,G53,2016-26,24/06/2016,-0.007862,4508,13667,,,,,511,188,107,216,723654,984
601006,大秦铁路,铁路运输业,G53,2016-27,01/07/2016,0.020602,5047,14873,,,,,510,199,113,198,573815,1092
601006,大秦铁路,铁路运输业,G53,2016-28,08/07/2016,0.007764,6649,18750,,,,,673,207,137,329,788375,1436
601006,大秦铁路,铁路运输业,G53,2016-29,15/07/2016,0.011589,5502,15851,,,,,606,181,143,282,452367,881
601006,大秦铁路,铁路运输业,G53,2016-30,22/07/2016,-0.01473,4577,14055,,,,,545,189,144,212,516479,706
601006,大秦铁路,铁路运输业,G53,2016-31,29/07/2016,0.021595,5119,15322,,,,,475,196,122,157,517228,745
601006,大秦铁路,铁路运输业,G53,2016-32,05/08/2016,-0.006504,4812,14661,,,,,338,112,86,140,308887,608
601006,大秦铁路,铁路运输业,G53,2016-33,12/08/2016,0.052373,5531,15670,,,,,377,144,69,164,395168,536
601006,大秦铁路,铁路运输业,G53,2016-34,19/08/2016,0.00311,5416,16712,,,,,310,119,64,127,260953,450
601006,大秦铁路,铁路运输业,G53,2016-35,26/08/2016,-0.018605,4569,13720,,,,,362,136,105,121,309169,472
601006,大秦铁路,铁路运输业,G53,2016-36,02/09/2016,0.004739,3811,12239,,,,,410,153,115,142,236079,382
601006,大秦铁路,铁路运输业,G53,2016-37,09/09/2016,-0.006289,3649,11957,,,,,328,128,85,115,239163,406
601006,大秦铁路,铁路运输业,G53,2016-38,14/09/2016,-0.022152,,,,,,,,,,,,
601006,大秦铁路,铁路运输业,G53,2016-39,23/09/2016,0.011327,3160,11120,,,,,312,124,92,96,191612,310
601006,大秦铁路,铁路运输业,G53,2016-40,30/09/2016,0.0144,3344,11398,,,,,264,104,53,107,176358,318
601006,大秦铁路,铁路运输业,G53,2016-42,14/10/2016,0.025237,4072,14630,,,,,300,127,70,103,263578,421
601006,大秦铁路,铁路运输业,G53,2016-43,21/10/2016,0.04,4524,14009,,,,,319,108,59,152,281599,789
601006,大秦铁路,铁路运输业,G53,2016-44,28/10/2016,0.010355,5413,16809,,,,,252,84,52,116,294664,373
601006,大秦铁路,铁路运输业,G53,2016-45,04/11/2016,0.004392,4342,13519,,,,,153,42,39,72,127623,134
601006,大秦铁路,铁路运输业,G53,2016-46,11/11/2016,0.029155,4777,14031,,,,,277,85,55,137,290694,427
601006,大秦铁路,铁路运输业,G53,2016-47,18/11/2016,-0.002833,5136,16283,,,,,276,88,64,124,203464,267
601006,大秦铁路,铁路运输业,G53,2016-48,25/11/2016,0.019886,4074,13508,,,,,140,53,27,60,137338,211
601006,大秦铁路,铁路运输业,G53,2016-49,02/12/2016,0.023677,5283,16247,,,,,294,93,63,138,400391,403
601006,大秦铁路,铁路运输业,G53,2016-50,09/12/2016,0,4499,14152,,,,,234,71,64,99,194094,263
601006,大秦铁路,铁路运输业,G53,2016-51,16/12/2016,-0.062585,4204,13652,,,,,198,69,37,92,266111,296
601006,大秦铁路,铁路运输业,G53,2016-52,23/12/2016,0.026125,4276,13569,,,,,187,57,38,92,156748,197
601006,大秦铁路,铁路运输业,G53,2016-53,30/12/2016,0.001414,3420,11586,,,,,156,53,38,65,102325,148
601088,中国神华,煤炭开采和洗选业,B06,2014-01,03/01/2014,-0.028445,2430,6236,,,,,216,56,72,88,303731,449
601088,中国神华,煤炭开采和洗选业,B06,2014-02,10/01/2014,-0.057254,6103,16057,63,193,18,311,494,166,137,191,632212,973
601088,中国神华,煤炭开采和洗选业,B06,2014-03,17/01/2014,-0.017943,5599,13963,,,,,258,103,63,92,377139,559
601088,中国神华,煤炭开采和洗选业,B06,2014-04,24/01/2014,0.009838,5252,13688,10,17,8,249,420,206,81,133,458427,518
601088,中国神华,煤炭开采和洗选业,B06,2014-05,30/01/2014,-0.036882,,,,,,,,,,,,
601088,中国神华,煤炭开采和洗选业,B06,2014-06,07/02/2014,0.008671,2933,8408,,,,,254,143,44,67,322178,357
601088,中国神华,煤炭开采和洗选业,B06,2014-07,14/02/2014,0.008596,6888,17182,,,,,395,197,59,139,504879,740
601088,中国神华,煤炭开采和洗选业,B06,2014-08,21/02/2014,0.022017,7086,18386,,,,,408,189,64,155,642557,972
601088,中国神华,煤炭开采和洗选业,B06,2014-09,28/02/2014,-0.041001,6445,17446,,,,,385,177,67,141,530871,837
601088,中国神华,煤炭开采和洗选业,B06,2014-10,07/03/2014,-0.025362,6742,18260,,,,,610,239,106,265,880643,1577
601088,中国神华,煤炭开采和洗选业,B06,2014-11,14/03/2014,-0.028996,7705,19402,,,,,578,266,92,220,884855,1025
601088,中国神华,煤炭开采和洗选业,B06,2014-12,21/03/2014,0.035222,6917,17576,,,,,184,66,29,89,375572,517
601088,中国神华,煤炭开采和洗选业,B06,2014-13,28/03/2014,0.01997,7905,19033,,,,,241,127,27,87,649673,802
601088,中国神华,煤炭开采和洗选业,B06,2014-14,04/04/2014,0.015954,7870,19242,261,235,95,976,148,74,15,59,349089,334
601088,中国神华,煤炭开采和洗选业,B06,2014-15,11/04/2014,0.074233,7219,18136,,,,,134,52,25,57,337688,361
601088,中国神华,煤炭开采和洗选业,B06,2014-16,18/04/2014,-0.046512,7466,18888,68,123,20,239,116,51,14,51,346836,438
601088,中国神华,煤炭开采和洗选业,B06,2014-17,25/04/2014,-0.020209,6772,16910,37,28,13,104,139,64,23,52,354441,451
601088,中国神华,煤炭开采和洗选业,B06,2014-18,30/04/2014,0.010669,,,,,,,,,,,,
601088,中国神华,煤炭开采和洗选业,B06,2014-19,09/05/2014,-0.006334,6552,16700,,,,,328,220,23,85,827956,1308
601088,中国神华,煤炭开采和洗选业,B06,2014-20,16/05/2014,0.01983,7615,18566,,,,,289,159,32,98,882096,1305
601088,中国神华,煤炭开采和洗选业,B06,2014-21,23/05/2014,-0.002083,5895,15041,,,,,109,57,15,37,710633,989
601088,中国神华,煤炭开采和洗选业,B06,2014-22,30/05/2014,-0.003479,5202,12608,,,,,124,55,22,47,587119,554
601088,中国神华,煤炭开采和洗选业,B06,2014-23,06/06/2014,0.000698,4032,10852,,,,,176,130,15,31,673471,1867
601088,中国神华,煤炭开采和洗选业,B06,2014-24,13/06/2014,0.004885,4947,13114,,,,,132,67,16,49,560679,1507
601088,中国神华,煤炭开采和洗选业,B06,2014-25,20/06/2014,0.008333,5451,13964,,,,,74,43,7,24,366767,429
601088,中国神华,煤炭开采和洗选业,B06,2014-26,27/06/2014,-0.004821,5446,14137,5,60,1,120,106,59,19,28,326880,494
601088,中国神华,煤炭开采和洗选业,B06,2014-27,04/07/2014,0.020761,5663,15539,5,43,0,75,87,49,10,28,201301,378
601088,中国神华,煤炭开采和洗选业,B06,2014-28,11/07/2014,0.002034,5906,14950,,,,,72,51,3,18,184941,399
601088,中国神华,煤炭开采和洗选业,B06,2014-29,18/07/2014,-0.011502,6384,16528,13,7,3,38,94,44,17,33,200229,377
601088,中国神华,煤炭开采和洗选业,B06,2014-30,25/07/2014,0.077372,6554,16700,29,44,9,94,98,42,18,38,253311,482
601088,中国神华,煤炭开采和洗选业,B06,2014-31,01/08/2014,0.063008,8161,20388,,,,,149,65,26,58,260734,534
601088,中国神华,煤炭开采和洗选业,B06,2014-32,08/08/2014,-0.014022,7948,19599,15,101,0,136,117,53,21,43,234428,610
601088,中国神华,煤炭开采和洗选业,B06,2014-33,15/08/2014,0.001293,6650,17292,,,,,105,46,22,37,169983,248
601088,中国神华,煤炭开采和洗选业,B06,2014-34,22/08/2014,-0.02195,6649,17498,10,5,4,34,162,73,24,65,359883,723
601088,中国神华,煤炭开采和洗选业,B06,2014-35,29/08/2014,-0.007261,5767,16077,238,202,108,962,125,62,15,48,281792,515
601088,中国神华,煤炭开采和洗选业,B06,2014-36,05/09/2014,0.043218,6627,16966,20,6,17,55,97,46,16,35,206178,362
601088,中国神华,煤炭开采和洗选业,B06,2014-37,12/09/2014,-0.01912,5199,14511,,,,,88,39,10,39,151255,230
601088,中国神华,煤炭开采和洗选业,B06,2014-38,19/09/2014,-0.004548,6466,16900,10,9,1,35,127,63,17,47,188157,313
601088,中国神华,煤炭开采和洗选业,B06,2014-39,26/09/2014,0.00718,5974,15475,,,,,135,56,24,55,204480,300
601088,中国神华,煤炭开采和洗选业,B06,2014-40,30/09/2014,0.008425,,,,,,,,,,,,
601088,中国神华,煤炭开采和洗选业,B06,2014-41,10/10/2014,-0.012853,4922,13488,,,,,148,55,31,62,239449,438
601088,中国神华,煤炭开采和洗选业,B06,2014-42,17/10/2014,-0.035807,7119,18806,,,,,258,89,67,102,357091,509
601088,中国神华,煤炭开采和洗选业,B06,2014-43,24/10/2014,-0.01688,6516,16968,10,14,8,101,276,91,52,133,397338,545
601088,中国神华,煤炭开采和洗选业,B06,2014-44,31/10/2014,0.040522,7152,18203,155,159,116,782,413,126,105,182,554846,963
601088,中国神华,煤炭开采和洗选业,B06,2014-45,07/11/2014,-0.009901,7385,19072,,,,,467,132,170,165,618704,552
601088,中国神华,煤炭开采和洗选业,B06,2014-46,14/11/2014,0.032667,7732,21189,,,,,639,208,170,261,674106,713
601088,中国神华,煤炭开采和洗选业,B06,2014-47,21/11/2014,-0.029697,7971,20793,,,,,718,211,284,223,792113,1050
601088,中国神华,煤炭开采和洗选业,B06,2014-48,28/11/2014,0.063872,9020,24468,7,8,6,36,581,209,148,224,917596,1630
601088,中国神华,煤炭开采和洗选业,B06,2014-49,05/12/2014,0.122577,12904,39458,,,,,498,198,90,210,994550,1533
601088,中国神华,煤炭开采和洗选业,B06,2014-50,12/12/2014,-0.018942,12156,38797,47,81,8,150,391,141,74,176,949086,1258
601088,中国神华,煤炭开采和洗选业,B06,2014-51,19/12/2014,0.077797,12199,35036,,,,,609,245,93,271,1547171,1961
601088,中国神华,煤炭开采和洗选业,B06,2014-52,26/12/2014,0.022129,14493,43522,,,,,682,287,104,291,1765540,2833
601088,中国神华,煤炭开采和洗选业,B06,2014-53,31/12/2014,0.045876,,,,,,,,,,,,
601088,中国神华,煤炭开采和洗选业,B06,2015-02,09/01/2015,0.062592,16180,57253,,,,,812,292,128,392,1698829,2416
601088,中国神华,煤炭开采和洗选业,B06,2015-03,16/01/2015,0.005566,12374,37777,,,,,549,195,106,248,1154062,1625
601088,中国神华,煤炭开采和洗选业,B06,2015-04,23/01/2015,-0.070111,12345,38164,,,,,871,299,183,389,1492457,3611
601088,中国神华,煤炭开采和洗选业,B06,2015-05,30/01/2015,-0.05506,10402,30324,6,8,2,70,910,311,169,430,1336979,2204
601088,中国神华,煤炭开采和洗选业,B06,2015-06,06/02/2015,-0.059318,9882,29295,,,,,879,302,188,389,1390770,2624
601088,中国神华,煤炭开采和洗选业,B06,2015-07,13/02/2015,0.02846,8859,26100,8,18,8,91,552,190,99,263,1036382,1863
601088,中国神华,煤炭开采和洗选业,B06,2015-08,17/02/2015,-0.00217,,,,,,,,,,,,
601088,中国神华,煤炭开采和洗选业,B06,2015-09,27/02/2015,0.011419,6923,20357,2,6,4,66,455,150,74,231,900711,2014
601088,中国神华,煤炭开采和洗选业,B06,2015-10,06/03/2015,-0.028495,11306,31897,16,33,9,146,707,269,123,315,1106840,2286
601088,中国神华,煤炭开采和洗选业,B06,2015-11,13/03/2015,0.034864,11380,31689,,,,,866,312,180,374,1269305,2715
601088,中国神华,煤炭开采和洗选业,B06,2015-12,20/03/2015,0.051337,14825,44111,,,,,766,291,128,347,1736104,3358
601088,中国神华,煤炭开采和洗选业,B06,2015-13,27/03/2015,0.003561,15778,46953,102,153,92,723,893,351,131,411,1861388,3890
601088,中国神华,煤炭开采和洗选业,B06,2015-14,03/04/2015,0.040041,16507,48951,28,45,21,106,837,325,159,353,1573088,2812
601088,中国神华,煤炭开采和洗选业,B06,2015-15,10/04/2015,0.022904,15297,48456,,,,,892,374,152,366,1942025,2492
601088,中国神华,煤炭开采和洗选业,B06,2015-16,17/04/2015,0.059552,18481,61969,,,,,1343,565,203,575,2492815,3973
601088,中国神华,煤炭开采和洗选业,B06,2015-17,24/04/2015,0.025629,22557,83154,,,,,1604,624,295,685,3769624,5389
601088,中国神华,煤炭开采和洗选业,B06,2015-18,30/04/2015,-0.004384,,,,,,,,,,,,
601088,中国神华,煤炭开采和洗选业,B06,2015-19,08/05/2015,-0.085865,18468,64524,,,,,1459,521,272,666,2700152,6184
601088,中国神华,煤炭开采和洗选业,B06,2015-20,15/05/2015,-0.018786,18227,62463,,,,,1391,467,280,644,2535758,6661
601088,中国神华,煤炭开采和洗选业,B06,2015-21,22/05/2015,0.048601,18431,62216,3,3,2,62,1705,558,342,805,2405501,6466
601088,中国神华,煤炭开采和洗选业,B06,2015-22,29/05/2015,-0.037453,21107,74861,,,,,1786,642,340,804,3261098,7227
601088,中国神华,煤炭开采和洗选业,B06,2015-23,05/06/2015,0.123054,24886,93342,,,,,1735,608,378,749,3029836,6124
601088,中国神华,煤炭开采和洗选业,B06,2015-24,12/06/2015,0.097445,34704,169429,,,,,2342,893,462,987,5114728,8169
601088,中国神华,煤炭开采和洗选业,B06,2015-25,19/06/2015,-0.149171,26771,109186,3,5,3,65,1814,597,436,781,2545103,5249
601088,中国神华,煤炭开采和洗选业,B06,2015-26,26/06/2015,-0.049472,18151,70150,,,,,1141,385,252,504,1684706,3784
601088,中国神华,煤炭开采和洗选业,B06,2015-27,03/07/2015,-0.135927,21508,87144,,,,,1158,413,237,508,1660739,4618
601088,中国神华,煤炭开采和洗选业,B06,2015-28,10/07/2015,0.282456,24993,108781,,,,,1073,389,213,471,1769026,4097
601088,中国神华,煤炭开采和洗选业,B06,2015-29,17/07/2015,-0.063383,18552,70708,1,5,0,60,755,249,165,341,1660997,2209
601088,中国神华,煤炭开采和洗选业,B06,2015-30,24/07/2015,-0.037001,15433,54052,,,,,885,279,194,412,1575858,2826
601088,中国神华,煤炭开采和洗选业,B06,2015-31,31/07/2015,-0.14004,14202,48210,5,4,4,67,888,251,191,446,1735023,2376
601088,中国神华,煤炭开采和洗选业,B06,2015-32,07/08/2015,0.04174,12623,40209,,,,,432,152,73,207,845184,1195
601088,中国神华,煤炭开采和洗选业,B06,2015-33,14/08/2015,0.146727,14392,54430,,,,,575,203,126,246,1302327,1693
601088,中国神华,煤炭开采和洗选业,B06,2015-34,21/08/2015,-0.162402,12782,41744,,,,,630,220,144,266,1119076,1878
601088,中国神华,煤炭开采和洗选业,B06,2015-35,28/08/2015,-0.10047,12708,43582,97,265,102,695,438,124,108,206,808778,971
601088,中国神华,煤炭开采和洗选业,B06,2015-36,02/09/2015,0.082952,,,,,,,,,,,,
601088,中国神华,煤炭开采和洗选业,B06,2015-37,11/09/2015,-0.072979,9913,28725,,,,,355,101,95,159,592645,1052
601088,中国神华,煤炭开采和洗选业,B06,2015-38,18/09/2015,-0.009759,9272,27339,,,,,317,102,62,153,529494,605
601088,中国神华,煤炭开采和洗选业,B06,2015-39,25/09/2015,-0.020368,8523,23386,,,,,241,84,49,108,451079,581
601088,中国神华,煤炭开采和洗选业,B06,2015-40,30/09/2015,-0.02951,,,,,,,,,,,,
601088,中国神华,煤炭开采和洗选业,B06,2015-41,09/10/2015,0.048376,4904,13788,,,,,98,45,12,41,246940,305
601088,中国神华,煤炭开采和洗选业,B06,2015-42,16/10/2015,0.039552,8256,23376,,,,,219,96,40,83,436369,612
601088,中国神华,煤炭开采和洗选业,B06,2015-43,23/10/2015,-0.023462,8450,23275,,,,,417,153,70,194,724390,1575
601088,中国神华,煤炭开采和洗选业,B06,2015-44,30/10/2015,-0.02013,8938,28252,39,45,34,285,449,147,79,223,664246,1516
601088,中国神华,煤炭开采和洗选业,B06,2015-45,06/11/2015,0.058317,8447,25368,,,,,407,139,68,200,596237,1279
601088,中国神华,煤炭开采和洗选业,B06,2015-46,13/11/2015,-0.025047,8940,25674,,,,,411,119,72,220,583678,1353
601088,中国神华,煤炭开采和洗选业,B06,2015-47,20/11/2015,0.005138,8599,24312,1,3,5,63,464,162,91,211,658893,1503
601088,中国神华,煤炭开采和洗选业,B06,2015-48,27/11/2015,-0.058147,8747,23794,,,,,598,177,103,318,656217,1632
601088,中国神华,煤炭开采和洗选业,B06,2015-49,04/12/2015,0.023745,8395,23956,,,,,544,187,106,251,1102548,3595
601088,中国神华,煤炭开采和洗选业,B06,2015-50,11/12/2015,-0.029821,7989,22626,,,,,625,178,140,307,1175762,1549
601088,中国神华,煤炭开采和洗选业,B06,2015-51,18/12/2015,0.02459,8429,23601,,,,,482,164,87,231,1273480,1289
601088,中国神华,煤炭开采和洗选业,B06,2015-52,25/12/2015,0.007333,8637,24030,,,,,602,228,92,282,1088210,1412
601088,中国神华,煤炭开采和洗选业,B06,2015-53,31/12/2015,-0.009265,,,,,,,,,,,,
601088,中国神华,煤炭开采和洗选业,B06,2016-02,08/01/2016,0.04342,9370,28662,,,,,697,224,112,361,1622518,2293
601088,中国神华,煤炭开采和洗选业,B06,2016-03,15/01/2016,-0.12356,8874,26603,,,,,489,153,94,242,1263744,1499
601088,中国神华,煤炭开采和洗选业,B06,2016-04,22/01/2016,0.003652,8147,23200,,,,,508,177,70,261,1313828,1420
601088,中国神华,煤炭开采和洗选业,B06,2016-05,29/01/2016,-0.024745,7544,21724,,,,,394,137,74,183,1087150,734
601088,中国神华,煤炭开采和洗选业,B06,2016-06,05/02/2016,-0.022388,6336,17507,,,,,352,110,63,179,1177968,565
601088,中国神华,煤炭开采和洗选业,B06,2016-08,19/02/2016,0.022137,6193,17451,,,,,241,78,42,121,631823,390
601088,中国神华,煤炭开采和洗选业,B06,2016-09,26/02/2016,-0.007468,6499,18562,,,,,288,105,51,132,875124,664
601088,中国神华,煤炭开采和洗选业,B06,2016-10,04/03/2016,0.088036,7436,21372,,,,,359,117,66,176,907880,552
601088,中国神华,煤炭开采和洗选业,B06,2016-11,11/03/2016,-0.040802,6087,18499,,,,,314,91,56,167,694952,594
601088,中国神华,煤炭开采和洗选业,B06,2016-12,18/03/2016,0.033886,5447,16465,,,,,374,94,78,202,718952,767
601088,中国神华,煤炭开采和洗选业,B06,2016-13,25/03/2016,-0.02371,5736,16686,,,,,582,180,113,289,1592213,1038
601088,中国神华,煤炭开采和洗选业,B06,2016-14,01/04/2016,0.014286,4835,14615,,,,,316,109,55,152,893765,368
601088,中国神华,煤炭开采和洗选业,B06,2016-15,08/04/2016,-0.00493,4352,13009,,,,,325,99,67,159,817257,371
601088,中国神华,煤炭开采和洗选业,B06,2016-16,15/04/2016,0.079264,6252,18219,,,,,388,141,64,183,969060,766
601088,中国神华,煤炭开采和洗选业,B06,2016-17,22/04/2016,-0.03541,5125,14891,,,,,324,113,62,149,684056,394
601088,中国神华,煤炭开采和洗选业,B06,2016-18,29/04/2016,0.004759,4669,14026,,,,,1767,845,59,863,869673,917
601088,中国神华,煤炭开采和洗选业,B06,2016-19,06/05/2016,-0.045332,4436,12829,,,,,1391,550,63,778,789094,757
601088,中国神华,煤炭开采和洗选业,B06,2016-20,13/05/2016,-0.021262,5187,16054,,,,,872,190,59,623,703338,876
601088,中国神华,煤炭开采和洗选业,B06,2016-21,20/05/2016,-0.017379,4701,13852,,,,,877,150,83,644,728644,426
601088,中国神华,煤炭开采和洗选业,B06,2016-22,27/05/2016,0.002948,4531,13526,,,,,649,119,129,401,750121,456
601088,中国神华,煤炭开采和洗选业,B06,2016-23,03/06/2016,0.021308,4687,13669,,,,,780,148,47,585,665078,736
601088,中国神华,煤炭开采和洗选业,B06,2016-24,08/06/2016,-0.002878,,,,,,,,,,,,
601088,中国神华,煤炭开采和洗选业,B06,2016-25,17/06/2016,-0.021645,4817,13636,,,,,298,87,62,149,650548,347
601088,中国神华,煤炭开采和洗选业,B06,2016-26,24/06/2016,0.010324,5204,14444,,,,,315,118,53,144,518707,311
601088,中国神华,煤炭开采和洗选业,B06,2016-27,01/07/2016,0.036496,5608,15144,,,,,338,118,50,170,389197,350
601088,中国神华,煤炭开采和洗选业,B06,2016-28,08/07/2016,0.022535,6624,17998,,,,,339,107,68,164,277546,316
601088,中国神华,煤炭开采和洗选业,B06,2016-29,15/07/2016,0.075352,7330,19917,,,,,467,199,73,195,447330,768
601088,中国神华,煤炭开采和洗选业,B06,2016-30,22/07/2016,-0.024885,7255,21483,,,,,390,136,73,181,580479,596
601088,中国神华,煤炭开采和洗选业,B06,2016-31,29/07/2016,-0.015447,6533,16883,,,,,251,87,43,121,324874,259
601088,中国神华,煤炭开采和洗选业,B06,2016-32,05/08/2016,0.015007,5950,15683,,,,,220,71,34,115,261086,224
601088,中国神华,煤炭开采和洗选业,B06,2016-33,12/08/2016,0.018817,6008,15971,,,,,278,89,49,140,282620,350
601088,中国神华,煤炭开采和洗选业,B06,2016-34,19/08/2016,-0.005937,6345,16357,,,,,316,104,49,163,276497,401
601088,中国神华,煤炭开采和洗选业,B06,2016-35,26/08/2016,-0.010617,5024,13445,,,,,205,69,26,110,201610,344
601088,中国神华,煤炭开采和洗选业,B06,2016-36,02/09/2016,0.008719,4535,13049,,,,,156,59,25,72,164893,226
601088,中国神华,煤炭开采和洗选业,B06,2016-37,09/09/2016,0.006649,4968,13925,,,,,193,69,22,102,153682,181
601088,中国神华,煤炭开采和洗选业,B06,2016-38,14/09/2016,-0.015852,,,,,,,,,,,,
601088,中国神华,煤炭开采和洗选业,B06,2016-39,23/09/2016,0.022819,4320,12600,,,,,130,49,13,68,136999,149
601088,中国神华,煤炭开采和洗选业,B06,2016-40,30/09/2016,-0.002625,4433,12756,,,,,142,67,16,59,131879,146
601088,中国神华,煤炭开采和洗选业,B06,2016-42,14/10/2016,0.021711,4916,14229,,,,,146,75,15,56,164875,203
601088,中国神华,煤炭开采和洗选业,B06,2016-43,21/10/2016,0.037991,5780,15438,,,,,253,109,31,113,294814,366
601088,中国神华,煤炭开采和洗选业,B06,2016-44,28/10/2016,0.045285,7568,22083,,,,,292,124,51,117,345792,392
601088,中国神华,煤炭开采和洗选业,B06,2016-45,04/11/2016,0.029674,6299,18089,,,,,303,111,58,134,334718,293
601088,中国神华,煤炭开采和洗选业,B06,2016-46,11/11/2016,0.023055,7142,22681,,,,,379,135,67,177,356153,504
601088,中国神华,煤炭开采和洗选业,B06,2016-47,18/11/2016,-0.04507,6452,18309,,,,,310,105,58,147,305637,408
601088,中国神华,煤炭开采和洗选业,B06,2016-48,25/11/2016,0.028909,6525,17130,,,,,244,80,48,116,234430,415
601088,中国神华,煤炭开采和洗选业,B06,2016-49,02/12/2016,-0.017202,5951,16171,,,,,268,85,56,127,304966,416
601088,中国神华,煤炭开采和洗选业,B06,2016-50,09/12/2016,0.011085,5332,14791,,,,,189,51,41,97,150360,240
601088,中国神华,煤炭开采和洗选业,B06,2016-51,16/12/2016,-0.071552,5763,16144,,,,,383,127,76,180,287447,527
601088,中国神华,煤炭开采和洗选业,B06,2016-52,23/12/2016,-0.014916,4670,13402,,,,,237,74,44,119,205461,290
601088,中国神华,煤炭开采和洗选业,B06,2016-53,30/12/2016,0.02082,5073,14338,,,,,240,81,54,105,228867,416
601166,兴业银行,货币金融服务,J66,2014-01,03/01/2014,-0.040434,4211,71841,35,20,7,65,403,145,75,183,705558,1045
601166,兴业银行,货币金融服务,J66,2014-02,10/01/2014,0.002055,10198,168812,,,,,556,198,109,249,919825,1767
601166,兴业银行,货币金融服务,J66,2014-03,17/01/2014,-0.045128,10255,170219,,,,,649,185,162,302,1034819,2041
601166,兴业银行,货币金融服务,J66,2014-04,24/01/2014,0.008593,10175,177168,,,,,611,201,133,277,1125854,1851
601166,兴业银行,货币金融服务,J66,2014-05,30/01/2014,-0.00426,,,,,,,,,,,,
601166,兴业银行,货币金融服务,J66,2014-06,07/02/2014,0,4161,74029,,,,,388,139,77,172,540759,548
601166,兴业银行,货币金融服务,J66,2014-07,14/02/2014,0.056684,13023,150948,,,,,393,154,76,163,688921,1002
601166,兴业银行,货币金融服务,J66,2014-08,21/02/2014,-0.041498,12457,154106,,,,,696,251,168,277,1056360,1606
601166,兴业银行,货币金融服务,J66,2014-09,28/02/2014,-0.036959,11894,158929,,,,,947,300,254,393,1566232,2207
601166,兴业银行,货币金融服务,J66,2014-10,07/03/2014,-0.009868,11079,136455,,,,,580,233,162,185,1208779,1999
601166,兴业银行,货币金融服务,J66,2014-11,14/03/2014,-0.011074,12549,157818,21,46,15,189,727,242,195,290,1197460,2201
601166,兴业银行,货币金融服务,J66,2014-12,21/03/2014,0.06159,12136,159604,,,,,653,293,114,246,1789181,2615
601166,兴业银行,货币金融服务,J66,2014-13,28/03/2014,0.010549,14237,192297,,,,,606,250,112,244,1475728,1412
601166,兴业银行,货币金融服务,J66,2014-14,04/04/2014,0,14025,180440,387,345,120,1324,738,257,173,308,1928398,2496
601166,兴业银行,货币金融服务,J66,2014-15,11/04/2014,0.086639,14511,163400,,,,,393,149,70,174,892738,1223
601166,兴业银行,货币金融服务,J66,2014-16,18/04/2014,-0.0317,12596,188480,,,,,352,126,80,146,834170,1399
601166,兴业银行,货币金融服务,J66,2014-17,25/04/2014,0.013889,12646,200490,,,,,446,154,89,203,699347,854
601166,兴业银行,货币金融服务,J66,2014-18,30/04/2014,-0.004892,,,,,,,,,,,,
601166,兴业银行,货币金融服务,J66,2014-19,09/05/2014,-0.029499,10773,196916,,,,,319,103,90,126,561503,1212
601166,兴业银行,货币金融服务,J66,2014-20,16/05/2014,0.010132,10550,194938,,,,,431,155,82,194,773970,1291
601166,兴业银行,货币金融服务,J66,2014-21,23/05/2014,-0.009027,10115,178508,,,,,393,136,106,151,791558,1429
601166,兴业银行,货币金融服务,J66,2014-22,30/05/2014,-0.005061,9796,164957,,,,,267,111,59,97,796981,1319
601166,兴业银行,货币金融服务,J66,2014-23,06/06/2014,-0.010173,8129,146570,,,,,347,131,66,150,980403,1573
601166,兴业银行,货币金融服务,J66,2014-24,13/06/2014,0.039054,10030,172301,25,96,10,248,408,148,87,173,861837,1100
601166,兴业银行,货币金融服务,J66,2014-25,20/06/2014,-0.013848,10220,175512,4,28,0,81,363,117,85,161,1110256,1882
601166,兴业银行,货币金融服务,J66,2014-26,27/06/2014,-0.003009,9851,171774,,,,,253,96,35,122,834371,1822
601166,兴业银行,货币金融服务,J66,2014-27,04/07/2014,0.008048,10443,171539,6,24,1,34,254,107,46,101,587872,979
601166,兴业银行,货币金融服务,J66,2014-28,11/07/2014,-0.018962,10047,151310,,,,,385,138,88,159,855159,1210
601166,兴业银行,货币金融服务,J66,2014-29,18/07/2014,0.014242,10313,148896,,,,,345,151,74,120,816764,1249
601166,兴业银行,货币金融服务,J66,2014-30,25/07/2014,0.086225,12179,147446,,,,,407,153,89,165,843211,1443
601166,兴业银行,货币金融服务,J66,2014-31,01/08/2014,0.057115,15309,155303,,,,,473,174,96,203,874912,1629
601166,兴业银行,货币金融服务,J66,2014-32,08/08/2014,-0.032967,12730,140638,,,,,481,162,126,193,1048934,3072
601166,兴业银行,货币金融服务,J66,2014-33,15/08/2014,-0.003788,11707,127359,,,,,451,162,111,178,756626,2132
601166,兴业银行,货币金融服务,J66,2014-34,22/08/2014,-0.015209,10732,144600,,,,,445,128,128,189,889131,2037
601166,兴业银行,货币金融服务,J66,2014-35,29/08/2014,-0.003861,10641,138731,81,25,29,123,427,146,89,192,1036445,1920
601166,兴业银行,货币金融服务,J66,2014-36,05/09/2014,0.02907,11728,118641,157,152,40,691,474,174,86,214,987758,1989
601166,兴业银行,货币金融服务,J66,2014-37,12/09/2014,-0.02354,9150,133893,,,,,467,160,109,198,1030406,1673
601166,兴业银行,货币金融服务,J66,2014-38,19/09/2014,-0.002893,10565,160110,,,,,517,162,138,217,998387,1420
601166,兴业银行,货币金融服务,J66,2014-39,26/09/2014,-0.01354,10447,170634,,,,,873,299,203,371,1377123,1508
601166,兴业银行,货币金融服务,J66,2014-40,30/09/2014,0.001961,,,,,,,,,,,,
601166,兴业银行,货币金融服务,J66,2014-41,10/10/2014,0.004892,7009,144422,,,,,340,124,77,139,929799,1321
601166,兴业银行,货币金融服务,J66,2014-42,17/10/2014,-0.012658,10232,175884,,,,,531,183,114,234,1079431,2443
601166,兴业银行,货币金融服务,J66,2014-43,24/10/2014,0.009862,10400,170291,,,,,418,158,86,174,1182260,1308
601166,兴业银行,货币金融服务,J66,2014-44,31/10/2014,0.060547,11211,147639,349,275,116,1151,879,365,161,353,2071806,2604
601166,兴业银行,货币金融服务,J66,2014-45,07/11/2014,-0.024862,11275,164882,14,17,6,64,987,323,281,383,1872353,2918
601166,兴业银行,货币金融服务,J66,2014-46,14/11/2014,0.025496,12704,175895,,,,,1027,384,218,425,2546494,2813
601166,兴业银行,货币金融服务,J66,2014-47,21/11/2014,-0.014733,11629,174327,,,,,1117,324,257,536,2677868,3613
601166,兴业银行,货币金融服务,J66,2014-48,28/11/2014,0.134579,16440,206573,,,,,1644,567,366,711,3896390,4937
601166,兴业银行,货币金融服务,J66,2014-49,05/12/2014,0.120264,25592,233980,13,6,1,36,1538,537,346,655,3266357,3929
601166,兴业银行,货币金融服务,J66,2014-50,12/12/2014,-0.036029,25638,232346,,,,,1206,408,286,512,3404617,3909
601166,兴业银行,货币金融服务,J66,2014-51,19/12/2014,0.105263,23844,231197,9,25,3,37,1204,433,242,529,3285856,3269
601166,兴业银行,货币金融服务,J66,2014-52,26/12/2014,0.038647,22725,243332,33,247,17,299,1044,415,195,434,2857364,3788
601166,兴业银行,货币金融服务,J66,2014-53,31/12/2014,0.096346,,,,,,,,,,,,
601166,兴业银行,货币金融服务,J66,2015-02,09/01/2015,-0.019394,23478,247278,,,,,865,288,186,391,2754443,3844
601166,兴业银行,货币金融服务,J66,2015-03,16/01/2015,0.037701,19208,216239,48,84,20,354,914,318,181,415,2294568,2592
601166,兴业银行,货币金融服务,J66,2015-04,23/01/2015,-0.079809,19657,215825,22,14,8,190,1067,269,297,501,2152782,2377
601166,兴业银行,货币金融服务,J66,2015-05,30/01/2015,-0.06343,16716,198517,,,,,963,267,244,452,2006885,2867
601166,兴业银行,货币金融服务,J66,2015-06,06/02/2015,-0.029026,17205,196713,,,,,937,237,240,460,2030791,2729
601166,兴业银行,货币金融服务,J66,2015-07,13/02/2015,0.004982,15906,201340,,,,,670,206,157,307,2400196,2860
601166,兴业银行,货币金融服务,J66,2015-08,17/02/2015,-0.000708,,,,,,,,,,,,
601166,兴业银行,货币金融服务,J66,2015-09,27/02/2015,0.009213,10680,146826,,,,,574,157,112,305,1684766,2149
601166,兴业银行,货币金融服务,J66,2015-10,06/03/2015,-0.04986,19189,230375,,,,,1079,333,255,491,2674767,5326
601166,兴业银行,货币金融服务,J66,2015-11,13/03/2015,0.218773,35004,292585,23,194,5,252,2888,1030,512,1346,7636365,8923
601166,兴业银行,货币金融服务,J66,2015-12,20/03/2015,0.03396,31236,275286,,,,,1306,439,323,544,3145455,3484
601166,兴业银行,货币金融服务,J66,2015-13,27/03/2015,-0.002933,23772,249298,,,,,994,302,213,479,2349363,3628
601166,兴业银行,货币金融服务,J66,2015-14,03/04/2015,0.097059,25944,257537,9,14,0,23,946,330,198,418,2304230,3110
601166,兴业银行,货币金融服务,J66,2015-15,10/04/2015,0.093298,23625,253185,,,,,831,302,133,396,2485572,2787
601166,兴业银行,货币金融服务,J66,2015-16,17/04/2015,0.008337,23323,278194,,,,,880,267,209,404,2337438,3397
601166,兴业银行,货币金融服务,J66,2015-17,24/04/2015,-0.059339,25974,292509,8,35,4,89,1426,405,345,676,3610093,4702
601166,兴业银行,货币金融服务,J66,2015-18,30/04/2015,0.003619,,,,,,,,,,,,
601166,兴业银行,货币金融服务,J66,2015-19,08/05/2015,-0.066461,21104,242524,,,,,1670,422,416,832,2450588,4467
601166,兴业银行,货币金融服务,J66,2015-20,15/05/2015,-0.012141,23383,252537,,,,,1808,516,412,880,3551333,5976
601166,兴业银行,货币金融服务,J66,2015-21,22/05/2015,0.09162,26242,278678,,,,,1323,454,232,637,3004468,4178
601166,兴业银行,货币金融服务,J66,2015-22,29/05/2015,-0.050154,29863,307600,,,,,1628,483,355,790,3443177,4247
601166,兴业银行,货币金融服务,J66,2015-23,05/06/2015,0.072818,28270,291032,,,,,1647,479,406,762,2728303,3102
601166,兴业银行,货币金融服务,J66,2015-24,12/06/2015,0.038342,31013,315638,,,,,1409,427,331,651,3351486,3802
601166,兴业银行,货币金融服务,J66,2015-25,19/06/2015,-0.140719,26275,273465,,,,,1852,476,532,844,3202487,4086
601166,兴业银行,货币金融服务,J66,2015-26,26/06/2015,-0.051684,21527,235646,,,,,1197,324,275,598,2137119,2553
601166,兴业银行,货币金融服务,J66,2015-27,03/07/2015,-0.035517,31627,304055,,,,,1290,365,348,577,2358404,3790
601166,兴业银行,货币金融服务,J66,2015-28,10/07/2015,0.12254,35086,328170,,,,,1641,513,402,726,3079062,4528
601166,兴业银行,货币金融服务,J66,2015-29,17/07/2015,-0.020928,26784,270164,9,15,3,48,1247,380,329,538,4014757,4497
601166,兴业银行,货币金融服务,J66,2015-30,24/07/2015,-0.04275,20527,236047,,,,,1464,369,416,679,2706980,3496
601166,兴业银行,货币金融服务,J66,2015-31,31/07/2015,-0.062161,18401,224565,,,,,1332,363,350,619,2227277,2747
601166,兴业银行,货币金融服务,J66,2015-32,07/08/2015,0.021879,15494,209465,,,,,621,180,131,310,1135779,1345
601166,兴业银行,货币金融服务,J66,2015-33,14/08/2015,-0.013854,13754,206852,,,,,709,195,184,330,1627030,1793
601166,兴业银行,货币金融服务,J66,2015-34,21/08/2015,-0.088761,14149,209695,,,,,1075,312,272,491,1568354,2004
601166,兴业银行,货币金融服务,J66,2015-35,28/08/2015,-0.010512,18881,233510,,,,,981,299,235,447,3141388,7011
601166,兴业银行,货币金融服务,J66,2015-36,02/09/2015,0.042493,,,,,,,,,,,,
601166,兴业银行,货币金融服务,J66,2015-37,11/09/2015,-0.008832,12121,189165,,,,,735,255,130,350,1059662,1232
601166,兴业银行,货币金融服务,J66,2015-38,18/09/2015,-0.005483,11528,175339,,,,,557,169,156,232,833730,885
601166,兴业银行,货币金融服务,J66,2015-39,25/09/2015,-0.013784,10259,174620,24,72,2,162,501,161,113,227,1536284,1278
601166,兴业银行,货币金融服务,J66,2015-40,30/09/2015,0.01747,,,,,,,,,,,,
601166,兴业银行,货币金融服务,J66,2015-41,09/10/2015,0.028159,5765,123817,,,,,169,55,33,81,603031,725
601166,兴业银行,货币金融服务,J66,2015-42,16/10/2015,0.016032,10190,183791,,,,,354,107,88,159,721654,763
601166,兴业银行,货币金融服务,J66,2015-43,23/10/2015,-0.007232,10144,179804,,,,,635,173,125,337,1236215,2539
601166,兴业银行,货币金融服务,J66,2015-44,30/10/2015,0.011258,10362,178752,159,150,39,609,678,225,129,324,1264815,1428
601166,兴业银行,货币金融服务,J66,2015-45,06/11/2015,0.062213,11163,172872,,,,,655,189,141,325,1046908,1492
601166,兴业银行,货币金融服务,J66,2015-46,13/11/2015,-0.01233,11937,178519,,,,,616,188,134,294,883239,1005
601166,兴业银行,货币金融服务,J66,2015-47,20/11/2015,0.025593,10527,172047,40,26,17,122,456,153,87,216,787108,1105
601166,兴业银行,货币金融服务,J66,2015-48,27/11/2015,-0.057212,10214,167816,13,108,0,198,573,156,166,251,809121,1056
601166,兴业银行,货币金融服务,J66,2015-49,04/12/2015,0.037444,10861,176221,,,,,568,200,122,246,844812,1189
601166,兴业银行,货币金融服务,J66,2015-50,11/12/2015,-0.007467,9925,167176,5,25,3,47,543,179,115,249,1338424,986
601166,兴业银行,货币金融服务,J66,2015-51,18/12/2015,0.027586,10068,170229,,,,,537,197,126,214,1423330,1565
601166,兴业银行,货币金融服务,J66,2015-52,25/12/2015,0.064063,11813,181576,,,,,621,229,101,291,1876644,1359
601166,兴业银行,货币金融服务,J66,2015-53,31/12/2015,-0.021216,,,,,,,,,,,,
601166,兴业银行,货币金融服务,J66,2016-02,08/01/2016,-0.036907,9871,179969,,,,,607,176,145,286,2811720,6034
601166,兴业银行,货币金融服务,J66,2016-03,15/01/2016,-0.061436,9990,179486,,,,,409,133,102,174,2053458,1404
601166,兴业银行,货币金融服务,J66,2016-04,22/01/2016,-0.026572,9429,172545,,,,,345,123,81,141,1231007,830
601166,兴业银行,货币金融服务,J66,2016-05,29/01/2016,-0.037284,8817,170026,,,,,317,90,90,137,1295275,1396
601166,兴业银行,货币金融服务,J66,2016-06,05/02/2016,-0.002766,7500,169453,,,,,197,71,37,89,1037980,580
601166,兴业银行,货币金融服务,J66,2016-08,19/02/2016,0.000693,8040,150782,,,,,244,69,63,112,966233,624
601166,兴业银行,货币金融服务,J66,2016-09,26/02/2016,-0.013167,7836,165168,,,,,309,114,62,133,1204665,724
601166,兴业银行,货币金融服务,J66,2016-10,04/03/2016,0.080758,8671,169447,,,,,328,107,72,149,1148738,544
601166,兴业银行,货币金融服务,J66,2016-11,11/03/2016,-0.014295,8486,163558,,,,,252,83,54,115,678966,447
601166,兴业银行,货币金融服务,J66,2016-12,18/03/2016,0.015821,8911,160906,,,,,366,125,82,159,1195115,1310
601166,兴业银行,货币金融服务,J66,2016-13,25/03/2016,0.003894,7906,157296,,,,,330,90,66,174,954020,1072
601166,兴业银行,货币金融服务,J66,2016-14,01/04/2016,0.00905,7066,150563,,,,,214,52,57,105,842367,526
601166,兴业银行,货币金融服务,J66,2016-15,08/04/2016,-0.013453,5976,138320,,,,,175,50,38,87,705937,461
601166,兴业银行,货币金融服务,J66,2016-16,15/04/2016,0.028571,6925,154130,,,,,289,79,68,142,883190,616
601166,兴业银行,货币金融服务,J66,2016-17,22/04/2016,0.018308,7250,170144,,,,,267,97,56,114,960953,986
601166,兴业银行,货币金融服务,J66,2016-18,29/04/2016,-0.00062,7982,163731,,,,,1763,780,44,939,1516373,584
601166,兴业银行,货币金融服务,J66,2016-19,06/05/2016,-0.006203,5872,143318,,,,,1165,427,25,713,475103,478
601166,兴业银行,货币金融服务,J66,2016-20,13/05/2016,-0.004994,6495,156336,,,,,751,163,56,532,487301,310
601166,兴业银行,货币金融服务,J66,2016-21,20/05/2016,0.005019,5827,158217,,,,,749,119,82,548,581147,450
601166,兴业银行,货币金融服务,J66,2016-22,27/05/2016,-0.015605,5301,150556,,,,,638,101,152,385,664088,287
601166,兴业银行,货币金融服务,J66,2016-23,03/06/2016,0.024731,6486,151118,,,,,653,95,24,534,2965496,5977
601166,兴业银行,货币金融服务,J66,2016-24,08/06/2016,-0.009282,,,,,,,,,,,,
601166,兴业银行,货币金融服务,J66,2016-25,17/06/2016,0.001948,5644,146186,,,,,149,54,25,70,354404,233
601166,兴业银行,货币金融服务,J66,2016-26,24/06/2016,-0.011666,5369,140161,,,,,221,65,64,92,418483,257
601166,兴业银行,货币金融服务,J66,2016-27,01/07/2016,0.006557,5182,143936,,,,,255,76,66,113,316275,424
601166,兴业银行,货币金融服务,J66,2016-28,08/07/2016,-0.007818,5568,143146,,,,,358,102,119,137,299294,663
601166,兴业银行,货币金融服务,J66,2016-29,15/07/2016,0.019698,5720,142706,,,,,284,95,70,119,273281,324
601166,兴业银行,货币金融服务,J66,2016-30,22/07/2016,-0.004507,5794,145638,,,,,394,114,78,202,757898,723
601166,兴业银行,货币金融服务,J66,2016-32,05/08/2016,0.003234,6182,141281,,,,,575,180,69,326,641616,1349
601166,兴业银行,货币金融服务,J66,2016-33,12/08/2016,0.043198,6397,139782,,,,,459,170,44,245,388173,861
601166,兴业银行,货币金融服务,J66,2016-34,19/08/2016,-0.008653,7526,145478,,,,,437,129,62,246,444959,986
601166,兴业银行,货币金融服务,J66,2016-35,26/08/2016,-0.006858,5862,142764,,,,,242,73,43,126,228927,344
601166,兴业银行,货币金融服务,J66,2016-36,02/09/2016,0.007533,6010,142078,,,,,302,109,63,130,458122,435
601166,兴业银行,货币金融服务,J66,2016-37,09/09/2016,-0.004984,4954,138198,,,,,253,79,63,111,192930,211
601166,兴业银行,货币金融服务,J66,2016-38,14/09/2016,-0.015028,,,,,,,,,,,,
601166,兴业银行,货币金融服务,J66,2016-39,23/09/2016,0.015893,4427,149794,,,,,118,33,22,63,110879,108
601166,兴业银行,货币金融服务,J66,2016-40,30/09/2016,-0.000626,3987,151788,,,,,96,40,20,36,90216,171
601166,兴业银行,货币金融服务,J66,2016-42,14/10/2016,0.007514,4183,166210,,,,,97,41,18,38,106840,139
601166,兴业银行,货币金融服务,J66,2016-43,21/10/2016,0.009323,4153,152071,,,,,86,34,5,47,106212,217
601166,兴业银行,货币金融服务,J66,2016-44,28/10/2016,0.001847,5143,153887,,,,,144,57,27,60,258960,342
601166,兴业银行,货币金融服务,J66,2016-45,04/11/2016,0.005532,5049,146569,,,,,108,36,18,54,164571,112
601166,兴业银行,货币金融服务,J66,2016-46,11/11/2016,-0.004279,4392,143298,,,,,186,73,32,81,200856,285
601166,兴业银行,货币金融服务,J66,2016-47,18/11/2016,-0.003683,4683,140150,,,,,172,35,47,90,156048,306
601166,兴业银行,货币金融服务,J66,2016-48,25/11/2016,0.041282,5365,137272,,,,,179,53,37,89,161523,309
601166,兴业银行,货币金融服务,J66,2016-49,02/12/2016,-0.001775,5804,147540,,,,,222,68,45,109,351855,624
601166,兴业银行,货币金融服务,J66,2016-50,09/12/2016,0.019561,4940,146717,,,,,174,61,24,89,176484,296
601166,兴业银行,货币金融服务,J66,2016-51,16/12/2016,-0.040698,5622,151102,,,,,219,62,39,118,209717,457
601166,兴业银行,货币金融服务,J66,2016-52,23/12/2016,-0.027273,4896,151134,,,,,225,60,25,140,237059,431
601166,兴业银行,货币金融服务,J66,2016-53,30/12/2016,0.005607,4014,150830,,,,,195,69,39,87,174238,307
601169,北京银行,货币金融服务,J66,2014-01,03/01/2014,-0.027963,1696,26700,,,,,118,41,31,46,188619,308
601169,北京银行,货币金融服务,J66,2014-02,10/01/2014,-0.017808,3941,62157,,,,,266,105,49,112,359738,617
601169,北京银行,货币金融服务,J66,2014-03,17/01/2014,-0.030683,4405,59862,,,,,504,152,173,179,528931,939
601169,北京银行,货币金融服务,J66,2014-04,24/01/2014,0.020144,4310,56555,,,,,238,86,57,95,298580,522
601169,北京银行,货币金融服务,J66,2014-05,30/01/2014,0.005642,,,,,,,,,,,,
601169,北京银行,货币金融服务,J66,2014-06,07/02/2014,-0.002805,1847,28798,,,,,40,21,5,14,90868,161
601169,北京银行,货币金融服务,J66,2014-07,14/02/2014,0.040788,5142,58945,,,,,181,77,32,72,241346,390
601169,北京银行,货币金融服务,J66,2014-08,21/02/2014,0.060811,7973,72227,5,69,7,214,909,276,244,389,1313692,1832
601169,北京银行,货币金融服务,J66,2014-09,28/02/2014,-0.02293,8463,68059,,,,,488,145,103,240,691770,1120
601169,北京银行,货币金融服务,J66,2014-10,07/03/2014,-0.044329,6885,64660,,,,,273,90,81,102,368455,414
601169,北京银行,货币金融服务,J66,2014-11,14/03/2014,-0.016371,6917,65388,,,,,279,85,74,120,393004,726
601169,北京银行,货币金融服务,J66,2014-12,21/03/2014,0.0319,5691,64179,,,,,262,85,62,115,410624,579
601169,北京银行,货币金融服务,J66,2014-13,28/03/2014,0.016129,6845,64249,,,,,227,97,52,78,363877,453
601169,北京银行,货币金融服务,J66,2014-14,04/04/2014,0.007937,5457,61566,,,,,124,43,19,62,245323,330
601169,北京银行,货币金融服务,J66,2014-15,11/04/2014,0.043307,5209,55603,,,,,92,36,18,38,165584,181
601169,北京银行,货币金融服务,J66,2014-16,18/04/2014,-0.046541,5047,58159,,,,,132,44,34,54,208010,248
601169,北京银行,货币金融服务,J66,2014-17,25/04/2014,-0.005277,4792,54497,,,,,125,41,34,50,219798,249
601169,北京银行,货币金融服务,J66,2014-18,30/04/2014,0.01061,,,,,,,,,,,,
601169,北京银行,货币金融服务,J66,2014-19,09/05/2014,-0.02231,4663,61846,,,,,214,63,82,69,317883,542
601169,北京银行,货币金融服务,J66,2014-20,16/05/2014,0.025503,4912,57738,,,,,139,50,39,50,250020,325
601169,北京银行,货币金融服务,J66,2014-21,23/05/2014,0.01178,5374,52331,,,,,197,70,45,82,458494,565
601169,北京银行,货币金融服务,J66,2014-22,30/05/2014,0.015524,5179,53520,,,,,82,25,22,35,296227,204
601169,北京银行,货币金融服务,J66,2014-23,06/06/2014,0.008917,3968,47080,,,,,85,34,13,38,333216,249
601169,北京银行,货币金融服务,J66,2014-24,13/06/2014,0.021465,5461,57811,,,,,104,40,21,43,362373,310
601169,北京银行,货币金融服务,J66,2014-25,20/06/2014,-0.017305,4841,56193,,,,,65,29,20,16,191114,131
601169,北京银行,货币金融服务,J66,2014-26,27/06/2014,0.006289,4318,55369,,,,,79,36,30,13,170555,184
601169,北京银行,货币金融服务,J66,2014-27,04/07/2014,0.025,4488,59297,,,,,75,39,15,21,232297,374
601169,北京银行,货币金融服务,J66,2014-28,11/07/2014,0.003659,4478,63649,,,,,79,33,14,32,213416,333
601169,北京银行,货币金融服务,J66,2014-29,18/07/2014,0.008991,5522,56611,,,,,109,46,17,46,289701,390
601169,北京银行,货币金融服务,J66,2014-30,25/07/2014,0.044313,5349,51291,,,,,58,25,13,20,138877,238
601169,北京银行,货币金融服务,J66,2014-31,01/08/2014,0.029703,6843,56111,,,,,109,43,30,36,255304,360
601169,北京银行,货币金融服务,J66,2014-32,08/08/2014,-0.010989,5196,54238,,,,,67,26,13,28,192673,284
601169,北京银行,货币金融服务,J66,2014-33,15/08/2014,-0.016667,4773,52695,2,17,0,34,76,27,14,35,187109,210
601169,北京银行,货币金融服务,J66,2014-34,22/08/2014,0.008475,4708,50349,,,,,77,31,19,27,198648,305
601169,北京银行,货币金融服务,J66,2014-35,29/08/2014,0.026611,6250,53925,266,229,72,964,215,107,32,76,558564,553
601169,北京银行,货币金融服务,J66,2014-36,05/09/2014,0.079127,7197,61987,,,,,197,85,40,72,393206,668
601169,北京银行,货币金融服务,J66,2014-37,12/09/2014,-0.029077,5263,55390,,,,,69,31,14,24,170989,241
601169,北京银行,货币金融服务,J66,2014-38,19/09/2014,0.039063,6432,61178,,,,,127,65,19,43,314457,322
601169,北京银行,货币金融服务,J66,2014-39,26/09/2014,-0.001253,6625,59778,,,,,125,59,19,47,274949,362
601169,北京银行,货币金融服务,J66,2014-40,30/09/2014,0.007528,,,,,,,,,,,,
601169,北京银行,货币金融服务,J66,2014-41,10/10/2014,-0.001245,3755,51068,,,,,56,23,9,24,145319,155
601169,北京银行,货币金融服务,J66,2014-42,17/10/2014,-0.028678,5220,62505,,,,,77,27,18,32,170539,160
601169,北京银行,货币金融服务,J66,2014-43,24/10/2014,-0.005135,4445,57720,,,,,49,22,4,23,205631,80
601169,北京银行,货币金融服务,J66,2014-44,31/10/2014,0.087742,5631,59699,139,97,35,361,147,50,20,77,407663,325
601169,北京银行,货币金融服务,J66,2014-45,07/11/2014,-0.030842,6399,64945,,,,,136,45,33,58,322929,272
601169,北京银行,货币金融服务,J66,2014-46,14/11/2014,0.011016,6455,61056,,,,,161,68,36,57,302878,302
601169,北京银行,货币金融服务,J66,2014-47,21/11/2014,-0.007264,6216,64202,23,20,1,52,229,62,48,119,370799,430
601169,北京银行,货币金融服务,J66,2014-48,28/11/2014,0.119512,7249,83782,24,58,14,215,279,87,59,133,727396,878
601169,北京银行,货币金融服务,J66,2014-49,05/12/2014,0.08061,10370,94814,,,,,451,135,118,198,864095,1036
601169,北京银行,货币金融服务,J66,2014-50,12/12/2014,-0.048387,10445,93714,,,,,475,151,117,207,1071101,1063
601169,北京银行,货币金融服务,J66,2014-51,19/12/2014,0.068856,9872,85669,12,24,3,39,423,113,110,200,987246,1058
601169,北京银行,货币金融服务,J66,2014-52,26/12/2014,0.025768,10638,83375,,,,,512,152,130,230,1119086,1223
601169,北京银行,货币金融服务,J66,2014-53,31/12/2014,0.056039,,,,,,,,,,,,
601169,北京银行,货币金融服务,J66,2015-02,09/01/2015,-0.019213,10635,95472,,,,,591,182,140,269,1641099,1765
601169,北京银行,货币金融服务,J66,2015-03,16/01/2015,0.07556,12080,88072,,,,,458,159,111,188,990643,1050
601169,北京银行,货币金融服务,J66,2015-04,23/01/2015,-0.06765,11598,78788,,,,,388,115,89,184,901521,1045
601169,北京银行,货币金融服务,J66,2015-05,30/01/2015,-0.035349,9271,72714,19,63,5,95,369,109,99,161,685596,794
601169,北京银行,货币金融服务,J66,2015-06,06/02/2015,-0.068467,9443,82760,,,,,564,123,173,268,1030908,1258
601169,北京银行,货币金融服务,J66,2015-07,13/02/2015,0.042443,8659,79637,,,,,292,99,66,127,638128,648
601169,北京银行,货币金融服务,J66,2015-08,17/02/2015,0.004965,,,,,,,,,,,,
601169,北京银行,货币金融服务,J66,2015-09,27/02/2015,0.031621,5614,46021,,,,,188,49,41,98,346305,403
601169,北京银行,货币金融服务,J66,2015-10,06/03/2015,-0.052682,8994,86591,2,9,1,19,360,110,96,154,590623,585
601169,北京银行,货币金融服务,J66,2015-11,13/03/2015,0.118301,11569,86088,43,147,15,238,704,218,160,326,1265116,1462
601169,北京银行,货币金融服务,J66,2015-12,20/03/2015,0.007233,13224,85578,,,,,948,320,234,394,1575116,1944
601169,北京银行,货币金融服务,J66,2015-13,27/03/2015,-0.031418,11690,77281,,,,,768,211,198,359,1435551,2038
601169,北京银行,货币金融服务,J66,2015-14,03/04/2015,0.02595,12558,81311,,,,,993,297,271,425,1588514,1799
601169,北京银行,货币金融服务,J66,2015-15,10/04/2015,0.081301,13146,86087,,,,,974,336,236,402,1935140,2011
601169,北京银行,货币金融服务,J66,2015-16,17/04/2015,0.057644,16322,105956,,,,,1389,470,339,580,2173657,2462
601169,北京银行,货币金融服务,J66,2015-17,24/04/2015,-0.057662,16007,97663,,,,,1675,441,441,793,2628485,3684
601169,北京银行,货币金融服务,J66,2015-18,30/04/2015,0.088852,,,,,,,,,,,,
601169,北京银行,货币金融服务,J66,2015-19,08/05/2015,0.036952,18455,122027,7,8,0,15,1855,607,403,845,3202276,5155
601169,北京银行,货币金融服务,J66,2015-20,15/05/2015,-0.028211,17717,114822,,,,,2130,655,560,915,3105781,5981
601169,北京银行,货币金融服务,J66,2015-21,22/05/2015,0.022918,16930,107598,,,,,1962,599,464,899,2378237,3719
601169,北京银行,货币金融服务,J66,2015-22,29/05/2015,-0.049291,16995,108726,,,,,1791,462,503,826,2630967,3130
601169,北京银行,货币金融服务,J66,2015-23,05/06/2015,0.099764,18741,118809,,,,,1739,529,421,789,2343528,2594
601169,北京银行,货币金融服务,J66,2015-24,12/06/2015,0.054286,21109,139833,,,,,1155,351,286,518,2365038,2532
601169,北京银行,货币金融服务,J66,2015-25,19/06/2015,-0.084011,17313,111280,,,,,1337,343,359,635,1889009,2212
601169,北京银行,货币金融服务,J66,2015-26,26/06/2015,-0.059172,14553,92634,3,16,0,43,1452,343,425,684,1918287,2215
601169,北京银行,货币金融服务,J66,2015-27,03/07/2015,-0.091195,17171,128523,,,,,1645,377,509,759,1612399,2495
601169,北京银行,货币金融服务,J66,2015-28,10/07/2015,0.135813,18669,142403,,,,,1681,458,461,762,2251121,2752
601169,北京银行,货币金融服务,J66,2015-29,17/07/2015,-0.021325,18397,120628,,,,,1741,444,468,829,2656837,3207
601169,北京银行,货币金融服务,J66,2015-30,24/07/2015,-0.053333,16241,99572,,,,,1722,390,492,840,2234944,2700
601169,北京银行,货币金融服务,J66,2015-31,31/07/2015,-0.1167,14170,95428,,,,,1688,386,562,740,1995617,2251
601169,北京银行,货币金融服务,J66,2015-32,07/08/2015,0.029613,12488,88945,,,,,735,218,208,309,1395858,1483
601169,北京银行,货币金融服务,J66,2015-33,14/08/2015,-0.017699,11803,86183,,,,,814,204,253,357,1639405,1591
601169,北京银行,货币金融服务,J66,2015-34,21/08/2015,-0.096847,11820,83577,,,,,933,209,304,420,1332434,1570
601169,北京银行,货币金融服务,J66,2015-35,28/08/2015,0.087282,14549,111293,105,113,33,423,1157,358,274,525,2336993,2251
601169,北京银行,货币金融服务,J66,2015-36,02/09/2015,0.018349,,,,,,,,,,,,
601169,北京银行,货币金融服务,J66,2015-37,11/09/2015,-0.024775,10807,88935,,,,,717,215,202,300,974918,1186
601169,北京银行,货币金融服务,J66,2015-38,18/09/2015,-0.006928,9737,78847,,,,,656,190,191,275,900761,853
601169,北京银行,货币金融服务,J66,2015-39,25/09/2015,0.006977,8651,71865,,,,,425,122,127,176,682626,573
601169,北京银行,货币金融服务,J66,2015-40,30/09/2015,-0.005774,,,,,,,,,,,,
601169,北京银行,货币金融服务,J66,2015-41,08/10/2015,0.018583,,,,,,,,,,,,
601169,北京银行,货币金融服务,J66,2015-47,20/11/2015,0.125428,9920,83426,,,,,1052,285,195,572,3068019,3020
601169,北京银行,货币金融服务,J66,2015-48,27/11/2015,-0.072948,9573,76340,2,25,1,57,759,193,219,347,960377,971
601169,北京银行,货币金融服务,J66,2015-49,04/12/2015,0.088525,9651,84961,,,,,582,166,134,282,906808,928
601169,北京银行,货币金融服务,J66,2015-50,11/12/2015,0.019076,9237,79293,,,,,451,133,98,220,1202088,791
601169,北京银行,货币金融服务,J66,2015-51,18/12/2015,0.007882,9240,78890,,,,,746,225,190,331,1792190,1375
601169,北京银行,货币金融服务,J66,2015-52,25/12/2015,0.073314,10098,79914,10,7,3,45,813,270,151,392,2198328,1570
601169,北京银行,货币金融服务,J66,2015-53,31/12/2015,-0.040984,,,,,,,,,,,,
601169,北京银行,货币金融服务,J66,2016-02,08/01/2016,-0.02754,8134,82322,,,,,392,99,115,178,1063406,588
601169,北京银行,货币金融服务,J66,2016-03,15/01/2016,-0.027344,7679,75171,,,,,408,103,89,216,1537970,1028
601169,北京银行,货币金融服务,J66,2016-04,22/01/2016,-0.007028,6984,68659,,,,,279,79,58,142,1011417,647
601169,北京银行,货币金融服务,J66,2016-05,29/01/2016,-0.056623,6245,66410,,,,,337,71,116,150,751193,335
601169,北京银行,货币金融服务,J66,2016-06,05/02/2016,0.02358,5378,65795,,,,,132,38,26,68,630168,150
601169,北京银行,货币金融服务,J66,2016-08,19/02/2016,-0.027225,5252,57265,,,,,227,73,53,101,850968,311
601169,北京银行,货币金融服务,J66,2016-09,26/02/2016,0.010764,4729,56051,,,,,187,60,43,84,650928,550
601169,北京银行,货币金融服务,J66,2016-10,04/03/2016,0.110756,6067,64465,,,,,282,94,50,138,1164872,670
601169,北京银行,货币金融服务,J66,2016-11,11/03/2016,-0.018217,6468,62119,,,,,280,97,51,132,861308,427
601169,北京银行,货币金融服务,J66,2016-12,18/03/2016,0.000977,6963,65147,,,,,510,130,132,248,1378230,881
601169,北京银行,货币金融服务,J66,2016-13,25/03/2016,-0.016585,5815,57214,,,,,264,81,58,125,1006873,724
601169,北京银行,货币金融服务,J66,2016-14,01/04/2016,-0.00496,5237,56872,,,,,260,82,71,107,909279,488
601169,北京银行,货币金融服务,J66,2016-15,08/04/2016,-0.007976,4250,51884,,,,,177,52,48,77,666232,276
601169,北京银行,货币金融服务,J66,2016-16,15/04/2016,0.030151,4939,58152,,,,,252,72,64,116,738416,338
601169,北京银行,货币金融服务,J66,2016-17,22/04/2016,-0.001951,4435,50199,,,,,169,69,26,74,480824,280
601169,北京银行,货币金融服务,J66,2016-18,29/04/2016,0.006843,5446,53710,,,,,1693,798,66,829,1369989,420
601169,北京银行,货币金融服务,J66,2016-19,06/05/2016,-0.003883,3767,48002,,,,,1265,487,38,740,518582,303
601169,北京银行,货币金融服务,J66,2016-20,13/05/2016,0.003899,4125,50590,,,,,802,188,52,562,652007,330
601169,北京银行,货币金融服务,J66,2016-21,20/05/2016,0.002913,3854,48255,,,,,807,135,78,594,827290,486
601169,北京银行,货币金融服务,J66,2016-22,27/05/2016,-0.002904,3495,46713,,,,,601,95,125,381,568622,245
601169,北京银行,货币金融服务,J66,2016-23,03/06/2016,0.038835,4585,51221,,,,,616,60,26,530,575131,239
601169,北京银行,货币金融服务,J66,2016-24,08/06/2016,-0.005607,,,,,,,,,,,,
601169,北京银行,货币金融服务,J66,2016-25,17/06/2016,-0.031015,3297,49100,,,,,123,45,20,58,291709,116
601169,北京银行,货币金融服务,J66,2016-26,24/06/2016,0.00485,3078,46234,,,,,142,45,35,62,292714,112
601169,北京银行,货币金融服务,J66,2016-27,01/07/2016,0.009653,3430,50628,,,,,204,70,40,94,214612,128
601169,北京银行,货币金融服务,J66,2016-28,08/07/2016,0.010516,4281,52734,,,,,158,40,33,85,193292,136
601169,北京银行,货币金融服务,J66,2016-29,15/07/2016,0,4448,50188,,,,,171,55,39,77,232058,157
601169,北京银行,货币金融服务,J66,2016-30,22/07/2016,-0.02093,3443,45169,,,,,253,59,66,128,227908,133
601169,北京银行,货币金融服务,J66,2016-31,29/07/2016,-0.002375,3495,46310,,,,,147,44,35,68,173779,174
601169,北京银行,货币金融服务,J66,2016-32,05/08/2016,0.008333,3312,49320,,,,,138,39,31,68,136626,121
601169,北京银行,货币金融服务,J66,2016-33,12/08/2016,0.03778,3957,49173,,,,,160,48,32,80,138990,243
601169,北京银行,货币金融服务,J66,2016-34,19/08/2016,0.007964,4860,49798,,,,,114,34,24,56,118773,84
601169,北京银行,货币金融服务,J66,2016-35,26/08/2016,0.003386,3644,47426,,,,,105,32,25,48,94807,70
601169,北京银行,货币金融服务,J66,2016-36,02/09/2016,0.020247,4066,50087,,,,,145,61,21,63,237396,155
601169,北京银行,货币金融服务,J66,2016-37,09/09/2016,0.011025,4197,51864,,,,,100,34,19,47,92146,69
601169,北京银行,货币金融服务,J66,2016-38,14/09/2016,-0.009815,,,,,,,,,,,,
601169,北京银行,货币金融服务,J66,2016-39,23/09/2016,0.004405,3222,50918,,,,,94,36,17,41,113144,164
601169,北京银行,货币金融服务,J66,2016-40,30/09/2016,-0.002193,2890,51332,,,,,94,32,15,47,79204,75
601169,北京银行,货币金融服务,J66,2016-42,14/10/2016,0.008791,4356,63929,,,,,248,89,45,114,519075,593
601169,北京银行,货币金融服务,J66,2016-43,21/10/2016,0.015251,3389,54136,,,,,94,37,15,42,136773,251
601169,北京银行,货币金融服务,J66,2016-44,28/10/2016,0.005365,3702,52111,,,,,76,28,10,38,115644,65
601169,北京银行,货币金融服务,J66,2016-45,04/11/2016,0.010672,3505,51635,,,,,110,48,11,51,194699,185
601169,北京银行,货币金融服务,J66,2016-46,11/11/2016,0.007392,3668,51178,,,,,94,31,20,43,126983,141
601169,北京银行,货币金融服务,J66,2016-47,18/11/2016,0.010482,3367,48673,,,,,154,48,18,88,154958,135
601169,北京银行,货币金融服务,J66,2016-48,25/11/2016,0.068465,3785,47904,,,,,103,48,13,42,135800,122
601169,北京银行,货币金融服务,J66,2016-49,02/12/2016,0.006796,4125,53384,,,,,92,34,18,40,179013,127
601169,北京银行,货币金融服务,J66,2016-50,09/12/2016,-0.026037,3774,52465,,,,,93,32,16,45,131631,153
601169,北京银行,货币金融服务,J66,2016-51,16/12/2016,-0.014851,3344,51561,,,,,93,30,23,40,89346,72
601169,北京银行,货币金融服务,J66,2016-52,23/12/2016,-0.025126,2915,49556,,,,,117,39,13,65,93341,174
601169,北京银行,货币金融服务,J66,2016-53,30/12/2016,0.006186,2610,51012,,,,,68,33,9,26,40040,35
601186,中国铁建,土木工程建筑业,E48,2014-01,03/01/2014,-0.036247,1677,6380,,,,,83,29,24,30,168908,369
601186,中国铁建,土木工程建筑业,E48,2014-02,10/01/2014,-0.088496,4736,22575,,,,,333,97,132,104,479760,877
601186,中国铁建,土木工程建筑业,E48,2014-03,17/01/2014,-0.002427,3798,16576,,,,,153,60,45,48,275734,553
601186,中国铁建,土木工程建筑业,E48,2014-04,24/01/2014,0.03163,4116,14999,,,,,81,28,25,28,178282,401
601186,中国铁建,土木工程建筑业,E48,2014-05,30/01/2014,-0.03066,,,,,,,,,,,,
601186,中国铁建,土木工程建筑业,E48,2014-06,07/02/2014,0.007299,1833,7998,,,,,21,5,8,8,64295,165
601186,中国铁建,土木工程建筑业,E48,2014-07,14/02/2014,0.038647,4834,17198,,,,,96,45,13,38,156991,268
601186,中国铁建,土木工程建筑业,E48,2014-08,21/02/2014,-0.013953,4931,17752,,,,,110,45,28,37,213574,337
601186,中国铁建,土木工程建筑业,E48,2014-09,28/02/2014,-0.051887,4462,16616,,,,,159,45,29,85,242917,371
601186,中国铁建,土木工程建筑业,E48,2014-10,07/03/2014,-0.004975,4391,16746,,,,,145,56,51,38,216759,361
601186,中国铁建,土木工程建筑业,E48,2014-11,14/03/2014,-0.03,4741,17125,,,,,153,63,40,50,315172,344
601186,中国铁建,土木工程建筑业,E48,2014-12,21/03/2014,0.054124,4686,17726,,,,,110,63,19,28,235989,352
601186,中国铁建,土木工程建筑业,E48,2014-13,28/03/2014,0.017115,5332,18535,,,,,206,100,31,75,435406,769
601186,中国铁建,土木工程建筑业,E48,2014-14,04/04/2014,0.055288,6375,20440,56,34,28,204,195,91,33,71,379858,554
601186,中国铁建,土木工程建筑业,E48,2014-15,11/04/2014,0.088838,6506,20316,,,,,214,91,49,74,407835,1079
601186,中国铁建,土木工程建筑业,E48,2014-16,18/04/2014,-0.056485,6658,21451,,,,,137,50,28,59,277822,595
601186,中国铁建,土木工程建筑业,E48,2014-17,25/04/2014,-0.033259,5101,18736,,,,,94,35,29,30,187041,524
601186,中国铁建,土木工程建筑业,E48,2014-18,30/04/2014,0.002294,,,,,,,,,,,,
601186,中国铁建,土木工程建筑业,E48,2014-19,09/05/2014,0.05492,7353,25552,,,,,185,78,32,75,474778,969
601186,中国铁建,土木工程建筑业,E48,2014-20,16/05/2014,-0.006508,5986,20938,,,,,99,43,21,35,226366,479
601186,中国铁建,土木工程建筑业,E48,2014-21,23/05/2014,-0.010917,4757,18430,,,,,60,30,11,19,135329,262
601186,中国铁建,土木工程建筑业,E48,2014-22,30/05/2014,-0.015453,3858,16246,,,,,71,33,12,26,156395,287
601186,中国铁建,土木工程建筑业,E48,2014-23,06/06/2014,-0.004484,3143,13823,,,,,33,10,13,10,61928,149
601186,中国铁建,土木工程建筑业,E48,2014-24,13/06/2014,0.029279,3854,16739,,,,,61,26,12,23,181647,351
601186,中国铁建,土木工程建筑业,E48,2014-25,20/06/2014,-0.004376,4397,17063,,,,,52,37,5,10,174739,446
601186,中国铁建,土木工程建筑业,E48,2014-26,27/06/2014,0.008791,3800,14844,,,,,40,17,4,19,121304,244
601186,中国铁建,土木工程建筑业,E48,2014-27,04/07/2014,0,4191,15962,,,,,46,24,11,11,113723,221
601186,中国铁建,土木工程建筑业,E48,2014-28,11/07/2014,0.045752,4903,18226,,,,,115,53,25,37,275812,788
601186,中国铁建,土木工程建筑业,E48,2014-29,18/07/2014,0.014583,5771,20213,,,,,120,61,16,43,295511,749
601186,中国铁建,土木工程建筑业,E48,2014-30,25/07/2014,0.032854,6063,20070,,,,,181,76,41,64,375906,797
601186,中国铁建,土木工程建筑业,E48,2014-31,01/08/2014,0.015905,6525,21933,,,,,162,75,37,50,342618,880
601186,中国铁建,土木工程建筑业,E48,2014-32,08/08/2014,0.018072,6424,20891,,,,,146,69,35,42,248293,500
601186,中国铁建,土木工程建筑业,E48,2014-33,15/08/2014,0.033531,6359,20835,,,,,125,63,23,39,275979,662
601186,中国铁建,土木工程建筑业,E48,2014-34,22/08/2014,-0.022901,5121,19094,,,,,105,33,28,44,211753,380
601186,中国铁建,土木工程建筑业,E48,2014-35,29/08/2014,-0.005859,4724,18708,,,,,145,63,26,56,317921,462
601186,中国铁建,土木工程建筑业,E48,2014-36,05/09/2014,0.021611,5580,20644,74,18,24,249,154,62,36,56,396161,797
601186,中国铁建,土木工程建筑业,E48,2014-37,12/09/2014,-0.001923,4824,17629,,,,,114,52,20,42,263888,497
601186,中国铁建,土木工程建筑业,E48,2014-38,19/09/2014,0.009634,6165,21396,,,,,139,59,32,48,264529,468
601186,中国铁建,土木工程建筑业,E48,2014-39,26/09/2014,-0.005725,5622,19840,,,,,152,58,48,46,230808,316
601186,中国铁建,土木工程建筑业,E48,2014-40,30/09/2014,0.003839,,,,,,,,,,,,
601186,中国铁建,土木工程建筑业,E48,2014-41,09/10/2014,0.011472,,,,,,,,,,,,
601186,中国铁建,土木工程建筑业,E48,2014-42,17/10/2014,0.017013,8467,28321,8,17,1,57,479,147,140,192,707745,944
601186,中国铁建,土木工程建筑业,E48,2014-43,24/10/2014,0.005576,7349,25756,,,,,289,110,70,109,465887,631
601186,中国铁建,土木工程建筑业,E48,2014-44,31/10/2014,0.192237,10517,45329,24,56,11,153,1019,394,201,424,2270757,2469
601186,中国铁建,土木工程建筑业,E48,2014-45,07/11/2014,0.043411,13904,73102,38,56,8,70,2026,678,371,977,4110281,3961
601186,中国铁建,土木工程建筑业,E48,2014-46,14/11/2014,0.008915,11719,62118,,,,,986,391,169,426,1794635,2102
601186,中国铁建,土木工程建筑业,E48,2014-47,21/11/2014,0.038292,11537,53896,,,,,1018,359,195,464,1831060,2135
601186,中国铁建,土木工程建筑业,E48,2014-48,28/11/2014,0.236879,17644,88163,,,,,1401,562,268,571,2741784,3727
601186,中国铁建,土木工程建筑业,E48,2014-49,05/12/2014,0.021789,19465,94294,,,,,1329,536,232,561,2395580,3403
601186,中国铁建,土木工程建筑业,E48,2014-50,08/12/2014,0.098765,,,,,,,,,,,,
601186,中国铁建,土木工程建筑业,E48,2014-51,19/12/2014,0.331971,17776,116790,34,138,13,250,1734,698,238,798,4185687,5737
601186,中国铁建,土木工程建筑业,E48,2014-52,26/12/2014,0.147239,31681,188703,,,,,3820,1404,752,1664,6425717,9271
601186,中国铁建,土木工程建筑业,E48,2014-53,31/12/2014,0.020053,,,,,,,,,,,,
601186,中国铁建,土木工程建筑业,E48,2015-02,09/01/2015,-0.036697,32263,170440,,,,,2786,989,554,1243,5998271,8821
601186,中国铁建,土木工程建筑业,E48,2015-03,16/01/2015,0.011565,24902,130267,,,,,1996,643,459,894,3718987,5559
601186,中国铁建,土木工程建筑业,E48,2015-04,23/01/2015,-0.062542,23575,119553,,,,,1938,593,489,856,2778104,4735
601186,中国铁建,土木工程建筑业,E48,2015-05,30/01/2015,-0.058824,22050,102288,,,,,1953,505,561,887,3217739,5503
601186,中国铁建,土木工程建筑业,E48,2015-06,06/02/2015,-0.09375,22073,114616,,,,,2145,522,666,957,3438254,5424
601186,中国铁建,土木工程建筑业,E48,2015-07,13/02/2015,0.054668,18763,83592,,,,,891,264,235,392,1715524,1710
601186,中国铁建,土木工程建筑业,E48,2015-08,17/02/2015,0.007177,,,,,,,,,,,,
601186,中国铁建,土木工程建筑业,E48,2015-09,27/02/2015,0.082344,12754,59051,,,,,673,181,177,315,1185269,1209
601186,中国铁建,土木工程建筑业,E48,2015-10,06/03/2015,-0.063643,19174,89943,,,,,1116,282,349,485,2065320,2928
601186,中国铁建,土木工程建筑业,E48,2015-11,13/03/2015,0.058594,18431,86490,,,,,1257,400,301,556,2428296,3152
601186,中国铁建,土木工程建筑业,E48,2015-12,20/03/2015,0.178598,29917,169316,,,,,1923,605,457,861,3736422,5352
601186,中国铁建,土木工程建筑业,E48,2015-13,27/03/2015,0.119599,38265,229224,,,,,2730,855,587,1288,5674483,9212
601186,中国铁建,土木工程建筑业,E48,2015-14,03/04/2015,0.017338,35239,218734,79,95,17,298,1986,631,444,911,4483954,6469
601186,中国铁建,土木工程建筑业,E48,2015-15,10/04/2015,-0.003299,24551,156573,,,,,1334,357,320,657,3616701,4174
601186,中国铁建,土木工程建筑业,E48,2015-16,17/04/2015,0.310535,47810,378264,,,,,4105,1148,999,1958,9984603,11913
601186,中国铁建,土木工程建筑业,E48,2015-17,24/04/2015,-0.007155,50519,412930,,,,,4194,1242,1020,1932,8116827,9749
601186,中国铁建,土木工程建筑业,E48,2015-18,30/04/2015,0.071217,,,,,,,,,,,,
601186,中国铁建,土木工程建筑业,E48,2015-19,08/05/2015,-0.125049,35140,278827,,,,,3149,725,914,1510,5056436,8394
601186,中国铁建,土木工程建筑业,E48,2015-20,15/05/2015,0.024423,36160,270649,,,,,1932,617,480,835,3149985,4839
601186,中国铁建,土木工程建筑业,E48,2015-21,22/05/2015,0.013687,29332,212676,,,,,1872,532,508,832,4134234,10117
601186,中国铁建,土木工程建筑业,E48,2015-22,29/05/2015,-0.095819,30991,239543,,,,,2273,598,624,1051,4102734,5114
601186,中国铁建,土木工程建筑业,E48,2015-23,05/06/2015,0.217726,30703,233328,,,,,1890,541,454,895,3707944,3770
601186,中国铁建,土木工程建筑业,E48,2015-24,12/06/2015,-0.125,33018,261817,,,,,2203,537,666,1000,3889805,5160
601186,中国铁建,土木工程建筑业,E48,2015-25,19/06/2015,-0.261754,26500,213493,,,,,3068,573,1157,1338,4111073,6431
601186,中国铁建,土木工程建筑业,E48,2015-26,26/06/2015,-0.08022,21260,155012,,,,,1081,273,303,505,1844591,2230
601186,中国铁建,土木工程建筑业,E48,2015-27,03/07/2015,-0.079354,29191,207615,,,,,859,218,225,416,1602368,2123
601186,中国铁建,土木工程建筑业,E48,2015-28,10/07/2015,0.400292,36011,261950,,,,,1164,367,226,571,2665077,4627
601186,中国铁建,土木工程建筑业,E48,2015-29,17/07/2015,-0.047992,26181,188593,,,,,974,240,286,448,2021837,2150
601186,中国铁建,土木工程建筑业,E48,2015-30,24/07/2015,0.005479,25493,168921,,,,,1307,349,344,614,2935887,2674
601186,中国铁建,土木工程建筑业,E48,2015-31,31/07/2015,-0.102452,18291,113186,,,,,818,189,231,398,1927816,1688
601186,中国铁建,土木工程建筑业,E48,2015-32,07/08/2015,0.017001,15734,93069,,,,,639,166,176,297,1343030,968
601186,中国铁建,土木工程建筑业,E48,2015-33,14/08/2015,0.091343,17788,105476,,,,,689,184,182,323,1542756,1138
601186,中国铁建,土木工程建筑业,E48,2015-34,21/08/2015,-0.180525,13957,76128,,,,,503,110,156,237,860463,698
601186,中国铁建,土木工程建筑业,E48,2015-35,28/08/2015,-0.118158,13775,85349,,,,,663,162,196,305,1346233,1701
601186,中国铁建,土木工程建筑业,E48,2015-36,02/09/2015,0.090083,,,,,,,,,,,,
601186,中国铁建,土木工程建筑业,E48,2015-37,11/09/2015,-0.061111,11266,59847,59,32,6,146,383,121,98,164,711266,582
601186,中国铁建,土木工程建筑业,E48,2015-38,18/09/2015,0.119083,13910,84830,,,,,746,237,196,313,1262407,1082
601186,中国铁建,土木工程建筑业,E48,2015-39,25/09/2015,-0.075347,11606,61414,,,,,499,129,152,218,742923,519
601186,中国铁建,土木工程建筑业,E48,2015-40,30/09/2015,-0.031451,,,,,,,,,,,,
601186,中国铁建,土木工程建筑业,E48,2015-41,09/10/2015,0.03321,4928,26142,,,,,117,38,29,50,232911,119
601186,中国铁建,土木工程建筑业,E48,2015-42,16/10/2015,0.107143,10492,55662,,,,,388,91,108,189,552985,440
601186,中国铁建,土木工程建筑业,E48,2015-43,23/10/2015,0.016129,12298,72387,,,,,666,187,168,311,821410,906
601186,中国铁建,土木工程建筑业,E48,2015-44,30/10/2015,-0.029206,10178,48690,,,,,340,76,99,165,463796,380
601186,中国铁建,土木工程建筑业,E48,2015-45,06/11/2015,0.075867,9777,49142,37,1,3,68,413,133,111,169,489763,509
601186,中国铁建,土木工程建筑业,E48,2015-46,13/11/2015,-0.066869,10014,44275,,,,,471,102,168,201,514915,465
601186,中国铁建,土木工程建筑业,E48,2015-47,20/11/2015,0.016938,9137,40875,,,,,522,130,137,255,754134,1119
601186,中国铁建,土木工程建筑业,E48,2015-48,27/11/2015,-0.102498,9357,72803,,,,,475,99,153,223,499600,563
601186,中国铁建,土木工程建筑业,E48,2015-49,04/12/2015,0.019986,8446,38624,,,,,330,90,103,137,447775,440
601186,中国铁建,土木工程建筑业,E48,2015-50,11/12/2015,-0.06648,7501,33668,,,,,383,99,109,175,764586,594
601186,中国铁建,土木工程建筑业,E48,2015-51,18/12/2015,0.044228,7210,32829,,,,,296,86,85,125,851163,393
601186,中国铁建,土木工程建筑业,E48,2015-52,25/12/2015,-0.002872,7444,32284,,,,,381,90,127,164,940195,553
601186,中国铁建,土木工程建筑业,E48,2015-53,31/12/2015,-0.029518,,,,,,,,,,,,
601186,中国铁建,土木工程建筑业,E48,2016-02,08/01/2016,-0.150593,7331,34674,,,,,241,68,62,111,594090,325
601186,中国铁建,土木工程建筑业,E48,2016-03,15/01/2016,-0.084716,7695,35928,,,,,266,88,62,116,858317,490
601186,中国铁建,土木工程建筑业,E48,2016-04,22/01/2016,0.069656,7802,38881,,,,,289,72,83,134,828766,367
601186,中国铁建,土木工程建筑业,E48,2016-05,29/01/2016,-0.099911,7009,32435,,,,,212,42,66,104,768822,320
601186,中国铁建,土木工程建筑业,E48,2016-06,05/02/2016,-0.019822,5564,24334,,,,,101,35,21,45,532286,190
601186,中国铁建,土木工程建筑业,E48,2016-08,19/02/2016,0.047523,6591,27785,,,,,122,53,24,45,467724,267
601186,中国铁建,土木工程建筑业,E48,2016-09,26/02/2016,-0.049228,6834,29380,,,,,127,43,25,59,365489,151
601186,中国铁建,土木工程建筑业,E48,2016-10,04/03/2016,0.103553,6380,28680,,,,,131,49,24,58,560127,313
601186,中国铁建,土木工程建筑业,E48,2016-11,11/03/2016,-0.00828,6503,29829,,,,,190,61,47,82,780453,282
601186,中国铁建,土木工程建筑业,E48,2016-12,18/03/2016,0.045455,5664,28175,,,,,129,36,41,52,568071,294
601186,中国铁建,土木工程建筑业,E48,2016-13,25/03/2016,0.005324,5782,29647,,,,,146,64,27,55,508744,338
601186,中国铁建,土木工程建筑业,E48,2016-14,01/04/2016,0.013239,4912,25403,,,,,128,53,21,54,677228,305
601186,中国铁建,土木工程建筑业,E48,2016-15,08/04/2016,-0.037456,4070,21345,,,,,130,46,31,53,652323,429
601186,中国铁建,土木工程建筑业,E48,2016-16,15/04/2016,0.035294,4521,23812,,,,,145,52,30,63,544915,366
601186,中国铁建,土木工程建筑业,E48,2016-17,22/04/2016,-0.066434,3838,20313,,,,,156,39,44,73,536358,276
601186,中国铁建,土木工程建筑业,E48,2016-18,29/04/2016,-0.021536,3539,20220,,,,,1583,796,34,753,650043,181
601186,中国铁建,土木工程建筑业,E48,2016-19,06/05/2016,-0.02488,3349,19533,,,,,1220,496,42,682,444320,206
601186,中国铁建,土木工程建筑业,E48,2016-20,13/05/2016,-0.033366,3748,21169,,,,,734,145,52,537,384295,191
601186,中国铁建,土木工程建筑业,E48,2016-21,20/05/2016,-0.006091,3473,20312,,,,,758,112,65,581,507986,766
601186,中国铁建,土木工程建筑业,E48,2016-22,27/05/2016,-0.015322,3275,20229,,,,,559,102,89,368,462658,229
601186,中国铁建,土木工程建筑业,E48,2016-23,03/06/2016,0.040456,4051,21846,,,,,587,57,23,507,370971,221
601186,中国铁建,土木工程建筑业,E48,2016-24,08/06/2016,-0.016949,,,,,,,,,,,,
601186,中国铁建,土木工程建筑业,E48,2016-25,17/06/2016,-0.034483,3514,19400,,,,,183,45,53,85,432388,221
601186,中国铁建,土木工程建筑业,E48,2016-26,24/06/2016,-0.016807,3032,17401,,,,,150,46,36,68,337259,80
601186,中国铁建,土木工程建筑业,E48,2016-27,01/07/2016,0.053419,4543,22955,,,,,293,82,91,120,310223,205
601186,中国铁建,土木工程建筑业,E48,2016-28,08/07/2016,0.018256,4558,22885,,,,,189,50,43,96,178288,118
601186,中国铁建,土木工程建筑业,E48,2016-29,15/07/2016,0.0249,4191,21999,,,,,156,36,43,77,147058,150
601186,中国铁建,土木工程建筑业,E48,2016-30,22/07/2016,-0.111759,11818,57228,,,,,1582,341,437,804,2205793,2610
601186,中国铁建,土木工程建筑业,E48,2016-31,29/07/2016,-0.007786,7572,31361,,,,,480,125,118,237,609573,432
601186,中国铁建,土木工程建筑业,E48,2016-32,05/08/2016,-0.017937,6592,27225,,,,,561,125,151,285,569515,488
601186,中国铁建,土木工程建筑业,E48,2016-33,12/08/2016,0.03653,7014,27507,,,,,407,122,71,214,375935,394
601186,中国铁建,土木工程建筑业,E48,2016-34,19/08/2016,0.085903,8060,32893,,,,,522,132,114,276,504563,829
601186,中国铁建,土木工程建筑业,E48,2016-35,26/08/2016,-0.053753,7167,29841,,,,,394,83,122,189,289753,290
601186,中国铁建,土木工程建筑业,E48,2016-36,02/09/2016,0.004287,6314,26724,,,,,398,88,95,215,414950,422
601186,中国铁建,土木工程建筑业,E48,2016-37,09/09/2016,-0.001067,6287,25989,,,,,323,74,79,170,274965,244
601186,中国铁建,土木工程建筑业,E48,2016-38,14/09/2016,-0.024573,,,,,,,,,,,,
601186,中国铁建,土木工程建筑业,E48,2016-39,23/09/2016,0.004381,5370,23196,,,,,285,86,71,128,228742,205
601186,中国铁建,土木工程建筑业,E48,2016-40,30/09/2016,-0.017448,4661,20448,,,,,221,83,57,81,215504,215
601186,中国铁建,土木工程建筑业,E48,2016-42,14/10/2016,0.073252,5505,25805,,,,,177,61,30,86,213690,207
601186,中国铁建,土木工程建筑业,E48,2016-43,21/10/2016,0.139607,7872,38246,,,,,505,184,78,243,507371,1102
601186,中国铁建,土木工程建筑业,E48,2016-44,28/10/2016,-0.07078,7473,34419,,,,,384,109,88,187,387868,370
601186,中国铁建,土木工程建筑业,E48,2016-45,04/11/2016,0.023438,6296,28698,,,,,331,95,86,150,277672,302
601186,中国铁建,土木工程建筑业,E48,2016-46,11/11/2016,0.09542,7559,34183,,,,,436,151,71,214,480840,563
601186,中国铁建,土木工程建筑业,E48,2016-47,18/11/2016,0.004355,8178,38187,,,,,361,117,72,172,465453,599
601186,中国铁建,土木工程建筑业,E48,2016-48,25/11/2016,0.082394,7715,34065,,,,,467,200,77,190,574497,901
601186,中国铁建,土木工程建筑业,E48,2016-49,02/12/2016,0.120192,10026,56334,,,,,945,308,180,457,1480530,2106
601186,中国铁建,土木工程建筑业,E48,2016-50,09/12/2016,-0.111588,10360,50100,,,,,1129,260,344,525,1197303,1853
601186,中国铁建,土木工程建筑业,E48,2016-51,16/12/2016,-0.078905,8083,37081,,,,,443,84,140,219,409350,406
601186,中国铁建,土木工程建筑业,E48,2016-52,23/12/2016,0.018357,7072,32120,,,,,327,106,79,142,421120,547
601186,中国铁建,土木工程建筑业,E48,2016-53,30/12/2016,0.026609,6857,30496,,,,,321,106,81,134,328602,323
601198,东兴证券,资本市场服务,J67,2015-09,27/02/2015,,5817,32853,39,104,13,184,330,143,58,129,2283447,1596
601198,东兴证券,资本市场服务,J67,2015-10,06/03/2015,0.610729,9398,43062,,,,,558,183,114,261,2334456,2243
601198,东兴证券,资本市场服务,J67,2015-11,13/03/2015,-0.104184,13744,59324,,,,,3468,933,978,1557,6707392,8564
601198,东兴证券,资本市场服务,J67,2015-12,20/03/2015,0.192088,14377,56199,,,,,2164,686,538,940,5858191,8263
601198,东兴证券,资本市场服务,J67,2015-13,27/03/2015,-0.032787,11753,47208,,,,,1807,511,491,805,4379729,6667
601198,东兴证券,资本市场服务,J67,2015-14,03/04/2015,0.192228,10806,45162,,,,,1130,352,266,512,4398422,4569
601198,东兴证券,资本市场服务,J67,2015-15,10/04/2015,0.202843,11419,59256,10,33,2,51,1246,477,232,537,4917030,4171
601198,东兴证券,资本市场服务,J67,2015-16,17/04/2015,-0.091957,10807,60760,,,,,1052,302,257,493,3227095,3423
601198,东兴证券,资本市场服务,J67,2015-17,24/04/2015,0.008571,10351,59353,,,,,1000,296,245,459,3187049,3122
601198,东兴证券,资本市场服务,J67,2015-18,30/04/2015,-0.009128,,,,,,,,,,,,
601198,东兴证券,资本市场服务,J67,2015-19,08/05/2015,-0.031131,7491,38388,,,,,783,246,197,340,2040571,2536
601198,东兴证券,资本市场服务,J67,2015-20,15/05/2015,-0.002623,8055,40995,,,,,690,194,195,301,1937444,2031
601198,东兴证券,资本市场服务,J67,2015-21,22/05/2015,0.219921,9321,49881,,,,,930,300,228,402,3386583,4707
601198,东兴证券,资本市场服务,J67,2015-22,29/05/2015,0.078146,13481,74828,22,72,2,117,1125,347,243,535,4158598,5231
601198,东兴证券,资本市场服务,J67,2015-23,04/06/2015,0.006248,,,,,,,,,,,,
601198,东兴证券,资本市场服务,J67,2015-24,12/06/2015,-0.039742,10969,62019,,,,,886,259,228,399,4610252,2492
601198,东兴证券,资本市场服务,J67,2015-25,19/06/2015,-0.148215,9118,46054,,,,,579,139,163,277,2061043,1826
601198,东兴证券,资本市场服务,J67,2015-26,26/06/2015,-0.093378,6908,34515,,,,,387,105,93,189,1947710,1368
601198,东兴证券,资本市场服务,J67,2015-27,03/07/2015,-0.190172,10030,43007,,,,,489,133,133,223,1585196,1809
601198,东兴证券,资本市场服务,J67,2015-28,10/07/2015,0.032003,9055,42597,,,,,724,210,208,306,2136497,2034
601198,东兴证券,资本市场服务,J67,2015-29,17/07/2015,-0.053967,9333,38675,,,,,535,139,143,253,1561606,1262
601198,东兴证券,资本市场服务,J67,2015-30,24/07/2015,0.036611,8527,35438,,,,,480,104,118,258,1231839,1039
601198,东兴证券,资本市场服务,J67,2015-31,31/07/2015,-0.116222,7433,30305,,,,,504,120,152,232,1223366,1292
601198,东兴证券,资本市场服务,J67,2015-32,07/08/2015,0.004647,6282,26344,,,,,353,78,96,179,1075584,511
601198,东兴证券,资本市场服务,J67,2015-33,14/08/2015,0.202128,8383,34133,,,,,416,159,80,177,1931383,1219
601198,东兴证券,资本市场服务,J67,2015-34,21/08/2015,-0.200462,8443,33352,43,68,6,200,475,148,117,210,2231846,1186
601198,东兴证券,资本市场服务,J67,2015-35,28/08/2015,-0.135226,6757,26814,,,,,236,58,63,115,948643,551
601198,东兴证券,资本市场服务,J67,2015-36,02/09/2015,-0.17084,,,,,,,,,,,,
601198,东兴证券,资本市场服务,J67,2015-37,11/09/2015,0.136913,6597,23622,,,,,242,77,57,108,1024952,1244
601198,东兴证券,资本市场服务,J67,2015-38,18/09/2015,-0.113341,6222,21397,,,,,339,60,107,172,1040958,1051
601198,东兴证券,资本市场服务,J67,2015-39,25/09/2015,0.005992,5303,19852,,,,,255,60,78,117,780807,548
601198,东兴证券,资本市场服务,J67,2015-40,30/09/2015,0.039709,,,,,,,,,,,,
601198,东兴证券,资本市场服务,J67,2015-41,09/10/2015,0.078931,2784,13672,,,,,146,55,34,57,430754,504
601198,东兴证券,资本市场服务,J67,2015-42,16/10/2015,0.104425,4939,21712,,,,,307,93,68,146,661852,600
601198,东兴证券,资本市场服务,J67,2015-43,23/10/2015,-0.001603,5239,22559,,,,,239,74,54,111,654792,494
601198,东兴证券,资本市场服务,J67,2015-44,30/10/2015,-0.003745,4871,20822,34,23,5,133,217,59,45,113,695155,472
601198,东兴证券,资本市场服务,J67,2015-45,06/11/2015,0.288937,7154,31612,,,,,651,203,131,317,2142428,1657
601198,东兴证券,资本市场服务,J67,2015-46,10/11/2015,0.21,,,,,,,,,,,,
601198,东兴证券,资本市场服务,J67,2015-47,20/11/2015,-0.031336,11454,53655,,,,,1367,423,307,637,7127133,5066
601198,东兴证券,资本市场服务,J67,2015-48,27/11/2015,-0.136865,10425,41420,,,,,1485,347,455,683,3099723,2729
601198,东兴证券,资本市场服务,J67,2015-49,04/12/2015,0.068781,9866,42270,,,,,1115,339,272,504,3315951,2674
601198,东兴证券,资本市场服务,J67,2015-50,11/12/2015,0.060116,10211,40131,,,,,1394,354,396,644,2863954,2976
601198,东兴证券,资本市场服务,J67,2015-51,18/12/2015,0.165758,15406,68657,,,,,1558,502,341,715,4358872,5120
601198,东兴证券,资本市场服务,J67,2015-52,25/12/2015,-0.06517,11322,47069,,,,,1100,285,315,500,3456314,3493
601198,东兴证券,资本市场服务,J67,2015-53,31/12/2015,-0.000334,,,,,,,,,,,,
601198,东兴证券,资本市场服务,J67,2016-02,08/01/2016,-0.107107,9533,37349,,,,,702,184,196,322,2573186,1670
601198,东兴证券,资本市场服务,J67,2016-03,15/01/2016,0.007848,10768,44510,,,,,729,214,166,349,2623139,1720
601198,东兴证券,资本市场服务,J67,2016-04,22/01/2016,-0.094179,9761,35521,,,,,599,142,171,286,1619483,1855
601198,东兴证券,资本市场服务,J67,2016-05,29/01/2016,-0.075727,8708,32943,,,,,570,140,175,255,1293277,1051
601198,东兴证券,资本市场服务,J67,2016-06,05/02/2016,-0.064216,5806,23804,,,,,310,50,116,144,923998,396
601198,东兴证券,资本市场服务,J67,2016-08,19/02/2016,0.078088,7083,29321,,,,,301,80,83,138,1233508,739
601198,东兴证券,资本市场服务,J67,2016-09,26/02/2016,-0.088235,7196,29345,,,,,317,73,93,151,1240146,801
601198,东兴证券,资本市场服务,J67,2016-10,04/03/2016,-0.031295,6777,27942,,,,,510,125,136,249,1724064,1071
601198,东兴证券,资本市场服务,J67,2016-11,11/03/2016,0.027833,6935,27791,,,,,432,126,92,214,1564182,1763
601198,东兴证券,资本市场服务,J67,2016-12,18/03/2016,0.13588,6742,27889,,,,,439,158,107,174,1032194,915
601198,东兴证券,资本市场服务,J67,2016-13,25/03/2016,0.097488,9116,41370,,,,,734,235,157,342,1581749,1717
601198,东兴证券,资本市场服务,J67,2016-14,01/04/2016,0.013964,8407,33434,,,,,581,184,127,270,1415090,1285
601198,东兴证券,资本市场服务,J67,2016-15,08/04/2016,-0.041699,5824,25897,,,,,287,85,67,135,1096399,1072
601198,东兴证券,资本市场服务,J67,2016-16,15/04/2016,0.077046,8642,36545,,,,,629,175,139,315,1441256,3899
601198,东兴证券,资本市场服务,J67,2016-17,22/04/2016,-0.083395,6787,28235,,,,,440,102,120,218,1054890,905
601198,东兴证券,资本市场服务,J67,2016-18,29/04/2016,-0.019005,6270,25838,,,,,1806,780,115,911,815709,539
601198,东兴证券,资本市场服务,J67,2016-19,06/05/2016,-0.029266,5625,22753,,,,,1318,455,114,749,717548,605
601198,东兴证券,资本市场服务,J67,2016-20,13/05/2016,-0.071338,5129,21904,,,,,966,183,132,651,515102,384
601198,东兴证券,资本市场服务,J67,2016-21,20/05/2016,0.014175,4884,20620,,,,,929,139,149,641,458579,285
601198,东兴证券,资本市场服务,J67,2016-22,27/05/2016,-0.008566,4732,20533,,,,,674,98,145,431,783402,1709
601198,东兴证券,资本市场服务,J67,2016-23,03/06/2016,0.094588,6174,26348,,,,,982,173,141,668,725835,836
601198,东兴证券,资本市场服务,J67,2016-24,08/06/2016,-0.009971,,,,,,,,,,,,
601198,东兴证券,资本市场服务,J67,2016-25,17/06/2016,-0.043223,5072,21221,,,,,261,67,78,116,346320,233
601198,东兴证券,资本市场服务,J67,2016-26,24/06/2016,0.011842,5481,21878,,,,,406,110,122,174,496536,288
601198,东兴证券,资本市场服务,J67,2016-27,01/07/2016,0.054183,6330,24172,,,,,370,104,92,174,424795,319
601198,东兴证券,资本市场服务,J67,2016-28,08/07/2016,0.012048,5208,22753,,,,,460,98,142,220,290957,239
601198,东兴证券,资本市场服务,J67,2016-29,15/07/2016,0.009852,5491,23096,,,,,362,95,94,173,383757,336
601198,东兴证券,资本市场服务,J67,2016-30,22/07/2016,-0.026016,4360,19847,,,,,355,84,116,155,279694,302
601198,东兴证券,资本市场服务,J67,2016-31,29/07/2016,-0.071786,4202,19088,,,,,334,68,118,148,272956,244
601198,东兴证券,资本市场服务,J67,2016-32,05/08/2016,-0.004496,3810,18027,,,,,214,47,75,92,188320,442
601198,东兴证券,资本市场服务,J67,2016-33,12/08/2016,0.020777,3888,18152,,,,,335,81,109,145,179235,369
601198,东兴证券,资本市场服务,J67,2016-34,19/08/2016,0.028761,4772,21239,,,,,280,52,89,139,238674,355
601198,东兴证券,资本市场服务,J67,2016-35,26/08/2016,-0.020215,3517,17264,,,,,233,43,84,106,159428,214
601198,东兴证券,资本市场服务,J67,2016-36,02/09/2016,0.004829,3334,16761,,,,,220,64,61,95,242420,186
601198,东兴证券,资本市场服务,J67,2016-37,09/09/2016,-0.014417,3210,16337,,,,,208,46,71,91,162591,186
601198,东兴证券,资本市场服务,J67,2016-38,14/09/2016,-0.035461,,,,,,,,,,,,
601198,东兴证券,资本市场服务,J67,2016-39,23/09/2016,0.000919,2691,15536,,,,,154,26,54,74,85527,88
601198,东兴证券,资本市场服务,J67,2016-40,30/09/2016,0.008264,2526,14780,,,,,164,45,47,72,155160,161
601198,东兴证券,资本市场服务,J67,2016-42,14/10/2016,0.050091,3738,19184,,,,,225,62,42,121,264951,236
601198,东兴证券,资本市场服务,J67,2016-43,21/10/2016,0.015178,4442,19964,,,,,251,57,62,132,331491,254
601198,东兴证券,资本市场服务,J67,2016-44,28/10/2016,-0.005126,4419,20018,,,,,227,60,52,115,303603,308
601198,东兴证券,资本市场服务,J67,2016-45,04/11/2016,0.000859,4013,18409,,,,,323,77,108,138,313357,265
601198,东兴证券,资本市场服务,J67,2016-46,11/11/2016,0.045474,4070,19874,,,,,254,70,63,121,232818,167
601198,东兴证券,资本市场服务,J67,2016-47,18/11/2016,-0.035289,4044,20226,,,,,279,66,80,133,205138,121
601198,东兴证券,资本市场服务,J67,2016-48,25/11/2016,-0.006806,3387,17933,,,,,346,72,110,164,260817,221
601198,东兴证券,资本市场服务,J67,2016-49,02/12/2016,-0.015846,3288,17626,,,,,227,50,59,118,228281,186
601198,东兴证券,资本市场服务,J67,2016-50,09/12/2016,-0.040035,3077,17087,,,,,232,47,76,109,212738,172
601198,东兴证券,资本市场服务,J67,2016-51,16/12/2016,-0.084316,2902,16157,,,,,411,68,151,192,194635,245
601198,东兴证券,资本市场服务,J67,2016-52,23/12/2016,-0.023267,2991,15843,,,,,309,68,83,158,137389,125
601198,东兴证券,资本市场服务,J67,2016-53,30/12/2016,0.016726,2873,15430,,,,,161,47,34,80,99587,156
601211,国泰君安,资本市场服务,J67,2015-26,26/06/2015,,17631,438432,6,16,2,49,5184,1688,983,2513,17923193,23773
601211,国泰君安,资本市场服务,J67,2015-27,03/07/2015,0.042988,55151,660855,,,,,7124,1627,2117,3380,17863419,25267
601211,国泰君安,资本市场服务,J67,2015-28,10/07/2015,0.058108,34448,397048,,,,,3886,972,1141,1773,7253668,7967
601211,国泰君安,资本市场服务,J67,2015-29,17/07/2015,-0.06258,29419,293764,25,85,3,119,2265,574,650,1041,4704468,3968
601211,国泰君安,资本市场服务,J67,2015-30,24/07/2015,-0.032357,21112,200313,,,,,2077,485,644,948,4680993,3490
601211,国泰君安,资本市场服务,J67,2015-31,31/07/2015,-0.071454,17832,164396,,,,,1695,369,511,815,4736229,3731
601211,国泰君安,资本市场服务,J67,2015-32,07/08/2015,-0.010993,13573,117231,,,,,987,243,280,464,3765873,2762
601211,国泰君安,资本市场服务,J67,2015-33,14/08/2015,0.037946,13807,115360,,,,,904,206,257,441,4072628,2090
601211,国泰君安,资本市场服务,J67,2015-34,21/08/2015,-0.144756,12346,110223,,,,,1259,247,397,615,3903653,3339
601211,国泰君安,资本市场服务,J67,2015-35,28/08/2015,-0.087219,12764,126472,46,71,2,237,1284,306,364,614,3758468,4610
601211,国泰君安,资本市场服务,J67,2015-36,02/09/2015,-0.114948,,,,,,,,,,,,
601211,国泰君安,资本市场服务,J67,2015-37,11/09/2015,0.050775,10104,78532,,,,,589,159,141,289,2014581,1355
601211,国泰君安,资本市场服务,J67,2015-38,18/09/2015,-0.057477,9081,72203,,,,,671,142,205,324,3728417,3823
601211,国泰君安,资本市场服务,J67,2015-39,25/09/2015,-0.007016,9517,66292,,,,,515,126,143,246,1964708,1717
601211,国泰君安,资本市场服务,J67,2015-40,30/09/2015,0.01087,,,,,,,,,,,,
601211,国泰君安,资本市场服务,J67,2015-41,09/10/2015,0.058065,4705,39045,,,,,147,38,32,77,743141,306
601211,国泰君安,资本市场服务,J67,2015-42,16/10/2015,0.069106,8961,68122,,,,,350,114,72,164,3359001,1724
601211,国泰君安,资本市场服务,J67,2015-43,23/10/2015,0.01616,9468,72343,15,90,0,161,453,109,79,265,2141152,1180
601211,国泰君安,资本市场服务,J67,2015-44,30/10/2015,0.00094,8520,66483,44,39,8,176,393,108,78,207,4015375,2988
601211,国泰君安,资本市场服务,J67,2015-45,06/11/2015,0.211737,10780,81311,20,13,3,50,958,271,221,466,7040000,4275
601211,国泰君安,资本市场服务,J67,2015-46,13/11/2015,-0.042232,12666,94077,11,8,1,76,1333,306,374,653,4229397,2624
601211,国泰君安,资本市场服务,J67,2015-47,20/11/2015,-0.005259,11702,81092,,,,,742,216,186,340,3580614,2566
601211,国泰君安,资本市场服务,J67,2015-48,27/11/2015,-0.100854,10580,97707,,,,,1131,311,307,513,16176107,11588
601211,国泰君安,资本市场服务,J67,2015-49,04/12/2015,0.033469,9405,72932,,,,,558,157,137,264,4666817,3013
601211,国泰君安,资本市场服务,J67,2015-50,11/12/2015,0.065208,10029,66500,,,,,529,171,95,263,3400773,2860
601211,国泰君安,资本市场服务,J67,2015-51,18/12/2015,0.039852,11014,73694,,,,,661,172,188,301,1658926,1501
601211,国泰君安,资本市场服务,J67,2015-52,25/12/2015,-0.026472,9528,69432,7,48,1,65,599,197,142,260,2052871,1390
601211,国泰君安,资本市场服务,J67,2015-53,31/12/2015,-0.030032,,,,,,,,,,,,
601211,国泰君安,资本市场服务,J67,2016-02,08/01/2016,-0.119665,8438,63807,,,,,404,98,119,187,2524551,5913
601211,国泰君安,资本市场服务,J67,2016-03,15/01/2016,-0.082224,8617,58520,,,,,428,122,106,200,1898868,2589
601211,国泰君安,资本市场服务,J67,2016-04,22/01/2016,-0.013982,7419,52765,,,,,339,75,86,178,1814780,2122
601211,国泰君安,资本市场服务,J67,2016-05,29/01/2016,-0.087185,7606,52847,,,,,536,116,150,270,2707245,4597
601211,国泰君安,资本市场服务,J67,2016-06,05/02/2016,-0.012658,6181,42935,,,,,287,69,85,133,2023784,1456
601211,国泰君安,资本市场服务,J67,2016-08,19/02/2016,0.022145,6590,52343,,,,,354,92,103,159,1864813,1552
601211,国泰君安,资本市场服务,J67,2016-09,26/02/2016,-0.036488,6714,57633,,,,,342,91,94,157,3101826,2696
601211,国泰君安,资本市场服务,J67,2016-10,04/03/2016,0.053846,7464,61846,,,,,571,187,97,287,4378249,6162
601211,国泰君安,资本市场服务,J67,2016-11,11/03/2016,-0.020775,7194,52774,,,,,306,89,72,145,1198251,1156
601211,国泰君安,资本市场服务,J67,2016-12,18/03/2016,0.074541,6570,51077,,,,,358,102,65,191,1199971,1398
601211,国泰君安,资本市场服务,J67,2016-13,25/03/2016,0.033084,7991,67040,,,,,536,124,119,293,1923197,2573
601211,国泰君安,资本市场服务,J67,2016-14,01/04/2016,0.011364,6821,52296,,,,,272,74,63,135,716742,538
601211,国泰君安,资本市场服务,J67,2016-15,08/04/2016,-0.035751,5313,46579,,,,,269,65,57,147,1865622,1980
601211,国泰君安,资本市场服务,J67,2016-16,15/04/2016,0.051377,6869,55361,,,,,494,157,76,261,3044817,5089
601211,国泰君安,资本市场服务,J67,2016-17,22/04/2016,-0.047355,5378,44936,,,,,356,97,57,202,1316025,1827
601211,国泰君安,资本市场服务,J67,2016-18,29/04/2016,-0.033316,5435,43816,,,,,1897,863,133,901,1934599,6417
601211,国泰君安,资本市场服务,J67,2016-19,06/05/2016,-0.015864,4393,37101,,,,,1293,456,80,757,832552,2142
601211,国泰君安,资本市场服务,J67,2016-20,13/05/2016,-0.045581,4986,41429,,,,,940,175,102,663,389426,505
601211,国泰君安,资本市场服务,J67,2016-21,20/05/2016,0.011648,4784,40794,,,,,922,158,101,663,816402,1561
601211,国泰君安,资本市场服务,J67,2016-22,27/05/2016,-0.00806,4422,39363,,,,,652,80,118,454,421713,843
601211,国泰君安,资本市场服务,J67,2016-23,03/06/2016,0.063262,5844,46320,,,,,932,110,108,714,709002,780
601211,国泰君安,资本市场服务,J67,2016-24,08/06/2016,-0.003821,,,,,,,,,,,,
601211,国泰君安,资本市场服务,J67,2016-25,17/06/2016,-0.024253,5655,40839,,,,,404,81,114,209,510680,1465
601211,国泰君安,资本市场服务,J67,2016-26,24/06/2016,-0.00578,5543,38932,,,,,389,97,94,198,513343,337
601211,国泰君安,资本市场服务,J67,2016-27,01/07/2016,0.027907,6901,44932,,,,,566,121,135,310,544363,795
601211,国泰君安,资本市场服务,J67,2016-28,08/07/2016,0.022059,6803,45014,,,,,335,108,50,177,325079,335
601211,国泰君安,资本市场服务,J67,2016-29,15/07/2016,0.014388,6202,43819,,,,,280,67,56,157,214799,234
601211,国泰君安,资本市场服务,J67,2016-30,22/07/2016,-0.013639,5376,41124,,,,,310,81,58,171,841605,1628
601211,国泰君安,资本市场服务,J67,2016-31,29/07/2016,-0.021571,4948,36975,,,,,398,115,68,215,357429,319
601211,国泰君安,资本市场服务,J67,2016-32,05/08/2016,-0.002826,4583,35291,,,,,262,97,47,118,259379,215
601211,国泰君安,资本市场服务,J67,2016-33,12/08/2016,0.043651,5033,35696,,,,,212,71,30,111,234662,477
601211,国泰君安,资本市场服务,J67,2016-34,19/08/2016,0.035307,6288,42457,,,,,512,164,107,241,426393,750
601211,国泰君安,资本市场服务,J67,2016-35,26/08/2016,-0.034103,6132,38503,,,,,307,70,74,163,376601,389
601211,国泰君安,资本市场服务,J67,2016-36,02/09/2016,0.004345,4341,34493,,,,,184,55,40,89,149088,234
601211,国泰君安,资本市场服务,J67,2016-37,09/09/2016,-0.003245,4465,35320,,,,,192,41,57,94,183617,173
601211,国泰君安,资本市场服务,J67,2016-38,14/09/2016,-0.018991,,,,,,,,,,,,
601211,国泰君安,资本市场服务,J67,2016-39,23/09/2016,-0.002765,3771,36926,,,,,203,41,59,103,156449,104
601211,国泰君安,资本市场服务,J67,2016-40,30/09/2016,-0.016084,3732,36067,,,,,210,56,70,84,166374,251
601211,国泰君安,资本市场服务,J67,2016-42,14/10/2016,-0.006201,3794,41310,,,,,269,73,66,130,197076,249
601211,国泰君安,资本市场服务,J67,2016-43,21/10/2016,0.007941,4474,41321,,,,,257,78,64,115,221542,326
601211,国泰君安,资本市场服务,J67,2016-44,28/10/2016,0.008441,5304,43730,,,,,295,88,74,133,256047,359
601211,国泰君安,资本市场服务,J67,2016-45,04/11/2016,0.012277,4756,40075,,,,,302,86,86,130,212828,288
601211,国泰君安,资本市场服务,J67,2016-46,11/11/2016,0.030871,5033,39283,,,,,330,88,105,137,233929,287
601211,国泰君安,资本市场服务,J67,2016-47,18/11/2016,-0.009626,5297,42875,,,,,361,71,122,168,210255,306
601211,国泰君安,资本市场服务,J67,2016-48,25/11/2016,0.033477,5083,40818,,,,,286,101,57,128,166908,289
601211,国泰君安,资本市场服务,J67,2016-49,02/12/2016,0.019854,7036,47652,,,,,469,192,90,187,689514,636
601211,国泰君安,资本市场服务,J67,2016-50,09/12/2016,0.004611,6138,42402,,,,,370,122,74,174,422439,471
601211,国泰君安,资本市场服务,J67,2016-51,16/12/2016,-0.039266,5832,41603,,,,,318,81,76,161,439096,430
601211,国泰君安,资本市场服务,J67,2016-52,23/12/2016,-0.010616,4213,36439,,,,,204,67,46,91,228593,223
601211,国泰君安,资本市场服务,J67,2016-53,30/12/2016,-0.002682,3553,33844,,,,,161,38,48,75,125506,170
601288,农业银行,货币金融服务,J66,2014-01,03/01/2014,-0.008065,2457,210853,,,,,52,20,6,26,155542,57
601288,农业银行,货币金融服务,J66,2014-02,10/01/2014,-0.020325,5991,472032,,,,,127,31,43,53,191829,222
601288,农业银行,货币金融服务,J66,2014-03,17/01/2014,-0.020747,5784,476343,,,,,196,59,54,83,259494,349
601288,农业银行,货币金融服务,J66,2014-04,24/01/2014,0.004237,6172,493277,,,,,175,58,42,75,232928,265
601288,农业银行,货币金融服务,J66,2014-05,30/01/2014,0.004219,,,,,,,,,,,,
601288,农业银行,货币金融服务,J66,2014-06,07/02/2014,-0.004202,2637,188550,,,,,59,25,11,23,114786,70
601288,农业银行,货币金融服务,J66,2014-07,14/02/2014,0.016878,7649,344379,,,,,149,65,28,56,210787,276
601288,农业银行,货币金融服务,J66,2014-08,21/02/2014,-0.012448,7276,385350,,,,,186,55,44,87,226307,329
601288,农业银行,货币金融服务,J66,2014-09,28/02/2014,-0.021008,7103,342189,,,,,227,93,50,84,266647,256
601288,农业银行,货币金融服务,J66,2014-10,07/03/2014,0,7327,347004,,,,,162,64,37,61,232814,286
601288,农业银行,货币金融服务,J66,2014-11,14/03/2014,0.012876,8339,416769,,,,,258,102,57,99,345985,351
601288,农业银行,货币金融服务,J66,2014-12,21/03/2014,0.016949,7793,437821,,,,,156,75,23,58,261354,284
601288,农业银行,货币金融服务,J66,2014-13,28/03/2014,0.0125,9158,478143,148,148,69,583,301,140,32,129,686304,610
601288,农业银行,货币金融服务,J66,2014-14,04/04/2014,-0.012346,7750,451547,,,,,116,42,30,44,183432,111
601288,农业银行,货币金融服务,J66,2014-15,11/04/2014,0.029167,6898,403505,,,,,110,37,19,54,157330,118
601288,农业银行,货币金融服务,J66,2014-16,18/04/2014,-0.020243,7452,432707,,,,,132,52,22,58,188800,235
601288,农业银行,货币金融服务,J66,2014-17,25/04/2014,-0.004132,6785,452841,,,,,137,50,26,61,210296,162
601288,农业银行,货币金融服务,J66,2014-18,30/04/2014,0.004149,,,,,,,,,,,,
601288,农业银行,货币金融服务,J66,2014-19,09/05/2014,-0.008264,6503,469945,23,90,9,206,229,103,39,87,509744,647
601288,农业银行,货币金融服务,J66,2014-20,16/05/2014,0.020833,7041,455007,2,26,3,58,104,42,24,38,269189,188
601288,农业银行,货币金融服务,J66,2014-21,23/05/2014,0.008163,6085,442889,,,,,59,24,11,24,273939,146
601288,农业银行,货币金融服务,J66,2014-22,30/05/2014,0.008097,6066,348159,,,,,61,28,10,23,182738,133
601288,农业银行,货币金融服务,J66,2014-23,06/06/2014,0.008032,5386,367148,,,,,55,29,6,20,190167,168
601288,农业银行,货币金融服务,J66,2014-24,13/06/2014,0.027888,6803,428786,,,,,56,26,13,17,220319,142
601288,农业银行,货币金融服务,J66,2014-25,20/06/2014,-0.027132,6613,499947,,,,,88,29,21,38,284794,187
601288,农业银行,货币金融服务,J66,2014-26,27/06/2014,0.003984,5810,441221,,,,,62,33,14,15,339672,341
601288,农业银行,货币金融服务,J66,2014-27,04/07/2014,0.006746,6500,442654,,,,,115,57,23,35,285343,393
601288,农业银行,货币金融服务,J66,2014-28,11/07/2014,-0.004237,5748,408397,,,,,62,28,6,28,133303,59
601288,农业银行,货币金融服务,J66,2014-29,18/07/2014,0.004255,5190,418129,,,,,50,17,15,18,112456,95
601288,农业银行,货币金融服务,J66,2014-30,25/07/2014,0.038136,6213,371344,,,,,98,27,28,43,167299,147
601288,农业银行,货币金融服务,J66,2014-31,01/08/2014,0.028571,8675,397983,,,,,134,38,31,65,217876,204
601288,农业银行,货币金融服务,J66,2014-32,08/08/2014,-0.007937,7546,370236,,,,,85,35,15,35,185689,191
601288,农业银行,货币金融服务,J66,2014-33,15/08/2014,0.008,6013,389599,,,,,88,41,16,31,219014,220
601288,农业银行,货币金融服务,J66,2014-34,22/08/2014,-0.015873,5966,402528,,,,,82,28,25,29,217011,207
601288,农业银行,货币金融服务,J66,2014-35,29/08/2014,-0.020161,5725,417820,182,144,79,686,138,45,24,69,317836,272
601288,农业银行,货币金融服务,J66,2014-36,05/09/2014,0.037037,6974,428648,,,,,127,59,21,47,294780,226
601288,农业银行,货币金融服务,J66,2014-37,12/09/2014,-0.007937,5483,425838,,,,,85,33,18,34,276398,158
601288,农业银行,货币金融服务,J66,2014-38,19/09/2014,0,7541,363963,,,,,253,110,38,105,448658,242
601288,农业银行,货币金融服务,J66,2014-39,26/09/2014,-0.004,7174,394092,,,,,190,70,35,85,367233,248
601288,农业银行,货币金融服务,J66,2014-40,30/09/2014,0,,,,,,,,,,,,
601288,农业银行,货币金融服务,J66,2014-41,10/10/2014,-0.004016,4690,452968,,,,,172,65,13,94,309229,177
601288,农业银行,货币金融服务,J66,2014-42,17/10/2014,-0.008065,7120,516542,,,,,186,67,42,77,430746,255
601288,农业银行,货币金融服务,J66,2014-43,24/10/2014,-0.004065,6450,505656,,,,,234,85,24,125,401130,323
601288,农业银行,货币金融服务,J66,2014-44,31/10/2014,0.044898,7187,414817,38,70,27,217,390,136,74,180,629708,756
601288,农业银行,货币金融服务,J66,2014-45,07/11/2014,-0.027344,7537,426904,,,,,718,264,124,330,1063685,1213
601288,农业银行,货币金融服务,J66,2014-46,14/11/2014,0.072289,9855,448950,,,,,702,252,147,303,1331326,1617
601288,农业银行,货币金融服务,J66,2014-47,21/11/2014,-0.037453,9861,455538,,,,,789,241,193,355,1536487,1998
601288,农业银行,货币金融服务,J66,2014-48,28/11/2014,0.108949,13450,524864,,,,,814,274,163,377,3041020,10028
601288,农业银行,货币金融服务,J66,2014-49,05/12/2014,0.161404,21686,595912,,,,,1259,448,237,574,2381731,2858
601288,农业银行,货币金融服务,J66,2014-50,12/12/2014,-0.081571,26005,597227,,,,,1354,407,309,638,2820430,3457
601288,农业银行,货币金融服务,J66,2014-51,19/12/2014,0.065789,24057,572509,14,27,3,44,960,332,207,421,1688011,2455
601288,农业银行,货币金融服务,J66,2014-52,26/12/2014,0.067901,28908,562913,,,,,1489,457,303,729,2034790,3035
601288,农业银行,货币金融服务,J66,2014-53,31/12/2014,0.072254,,,,,,,,,,,,
601288,农业银行,货币金融服务,J66,2015-02,09/01/2015,0.013477,33223,608451,,,,,1472,484,332,656,3980467,6364
601288,农业银行,货币金融服务,J66,2015-03,16/01/2015,0.047872,28035,539866,14,51,8,192,1333,420,295,618,1667526,2892
601288,农业银行,货币金融服务,J66,2015-04,23/01/2015,-0.050761,29890,541641,,,,,1535,470,369,696,1996087,4004
601288,农业银行,货币金融服务,J66,2015-05,30/01/2015,-0.074866,24283,496367,,,,,1386,451,352,583,2106617,3875
601288,农业银行,货币金融服务,J66,2015-06,06/02/2015,-0.069364,24383,520370,,,,,1753,455,463,835,2621664,6189
601288,农业银行,货币金融服务,J66,2015-07,13/02/2015,0.02795,21277,538383,,,,,1057,376,231,450,1323139,1922
601288,农业银行,货币金融服务,J66,2015-08,17/02/2015,0,,,,,,,,,,,,
601288,农业银行,货币金融服务,J66,2015-09,27/02/2015,0.009063,13187,369958,,,,,717,226,135,356,1141524,1693
601288,农业银行,货币金融服务,J66,2015-10,06/03/2015,-0.056886,23573,575773,,,,,1631,463,430,738,2164263,3575
601288,农业银行,货币金融服务,J66,2015-11,13/03/2015,0.053968,28535,514177,,,,,1911,572,438,901,2977995,6610
601288,农业银行,货币金融服务,J66,2015-12,20/03/2015,0.072289,33606,548225,,,,,2001,672,401,928,3040591,4319
601288,农业银行,货币金融服务,J66,2015-13,27/03/2015,0.022472,49278,592049,119,141,56,511,3384,1148,656,1580,5544048,7159
601288,农业银行,货币金融服务,J66,2015-14,03/04/2015,0.005495,43157,583631,15,5,5,44,2800,796,676,1328,3669025,5622
601288,农业银行,货币金融服务,J66,2015-15,10/04/2015,0.040984,39451,562061,,,,,2288,744,523,1021,3749805,6422
601288,农业银行,货币金融服务,J66,2015-16,17/04/2015,0.057743,55896,676769,,,,,3447,1069,846,1532,5325047,8036
601288,农业银行,货币金融服务,J66,2015-17,24/04/2015,-0.027295,57207,674569,,,,,3869,1129,916,1824,4985430,7304
601288,农业银行,货币金融服务,J66,2015-18,30/04/2015,0.010204,,,,,,,,,,,,
601288,农业银行,货币金融服务,J66,2015-19,08/05/2015,-0.065657,42575,585983,21,3,10,60,3789,1007,913,1869,3812862,7932
601288,农业银行,货币金融服务,J66,2015-20,15/05/2015,-0.010811,38016,571350,,,,,3189,994,760,1435,3200269,6583
601288,农业银行,货币金融服务,J66,2015-21,22/05/2015,0.035519,35807,597822,,,,,2877,833,728,1316,2928800,6006
601288,农业银行,货币金融服务,J66,2015-22,29/05/2015,-0.039578,43697,628570,,,,,3081,856,765,1460,3847679,6119
601288,农业银行,货币金融服务,J66,2015-23,05/06/2015,0.057692,46398,638784,,,,,3221,968,735,1518,3218727,4893
601288,农业银行,货币金融服务,J66,2015-24,12/06/2015,0.031169,60278,679753,,,,,2889,894,671,1324,3946644,6060
601288,农业银行,货币金融服务,J66,2015-25,19/06/2015,-0.103275,49129,631325,,,,,3714,1078,976,1660,3655262,6488
601288,农业银行,货币金融服务,J66,2015-26,26/06/2015,-0.008427,42679,558367,,,,,2610,881,554,1175,3115874,5344
601288,农业银行,货币金融服务,J66,2015-27,03/07/2015,-0.005666,61960,728042,,,,,2957,1029,624,1304,3493928,6064
601288,农业银行,货币金融服务,J66,2015-28,10/07/2015,0.174359,101247,945315,,,,,5220,1746,1056,2418,6078240,15823
601288,农业银行,货币金融服务,J66,2015-29,17/07/2015,-0.045685,64896,709219,,,,,3461,1019,953,1489,3845869,6135
601288,农业银行,货币金融服务,J66,2015-30,24/07/2015,-0.029255,41114,596498,,,,,2725,728,798,1199,2999889,4935
601288,农业银行,货币金融服务,J66,2015-31,31/07/2015,-0.057534,39494,594284,,,,,2480,630,767,1083,3179736,5141
601288,农业银行,货币金融服务,J66,2015-32,07/08/2015,0.002907,30487,565378,,,,,1384,459,333,592,1980809,3325
601288,农业银行,货币金融服务,J66,2015-33,14/08/2015,-0.005797,26645,568488,,,,,1366,399,389,578,2127704,2764
601288,农业银行,货币金融服务,J66,2015-34,21/08/2015,-0.03207,29042,601176,,,,,1605,443,400,762,2579611,3536
601288,农业银行,货币金融服务,J66,2015-35,28/08/2015,-0.093373,37950,645254,,,,,1987,561,563,863,3772985,5745
601288,农业银行,货币金融服务,J66,2015-36,02/09/2015,0.119601,,,,,,,,,,,,
601288,农业银行,货币金融服务,J66,2015-37,11/09/2015,-0.068249,24180,590499,6,10,9,79,1071,320,232,519,1508411,2115
601288,农业银行,货币金融服务,J66,2015-38,18/09/2015,0,19525,579793,,,,,764,215,209,340,1042041,1733
601288,农业银行,货币金融服务,J66,2015-39,25/09/2015,-0.009554,15275,514150,,,,,739,172,235,332,975231,1657
601288,农业银行,货币金融服务,J66,2015-40,30/09/2015,-0.025723,,,,,,,,,,,,
601288,农业银行,货币金融服务,J66,2015-41,09/10/2015,0.019802,7706,445881,,,,,212,82,36,94,483426,878
601288,农业银行,货币金融服务,J66,2015-42,16/10/2015,0.016181,14839,627641,,,,,530,171,133,226,861195,1679
601288,农业银行,货币金融服务,J66,2015-43,23/10/2015,0.006369,15189,565108,,,,,773,228,160,385,968934,1866
601288,农业银行,货币金融服务,J66,2015-44,30/10/2015,-0.006329,13665,511319,59,33,44,295,739,261,161,317,971742,1838
601288,农业银行,货币金融服务,J66,2015-45,06/11/2015,0.019108,15044,555945,8,7,2,48,881,297,185,399,1270593,2513
601288,农业银行,货币金融服务,J66,2015-46,13/11/2015,0.003125,17881,825246,,,,,848,319,134,395,1126815,1916
601288,农业银行,货币金融服务,J66,2015-47,20/11/2015,0.006231,14477,565442,,,,,686,231,147,308,889379,1727
601288,农业银行,货币金融服务,J66,2015-48,27/11/2015,-0.03096,13027,529309,,,,,651,242,134,275,831427,1414
601288,农业银行,货币金融服务,J66,2015-49,04/12/2015,0.054313,15663,574540,,,,,745,262,151,332,831796,1445
601288,农业银行,货币金融服务,J66,2015-50,11/12/2015,-0.021212,13517,537627,,,,,441,130,108,203,930185,675
601288,农业银行,货币金融服务,J66,2015-51,18/12/2015,0.01548,12659,520281,,,,,485,175,87,223,996397,846
601288,农业银行,货币金融服务,J66,2015-52,25/12/2015,-0.003049,13365,491744,,,,,740,247,156,337,1023274,931
601288,农业银行,货币金融服务,J66,2015-53,31/12/2015,-0.012232,,,,,,,,,,,,
601288,农业银行,货币金融服务,J66,2016-02,08/01/2016,-0.021672,13474,1129166,,,,,549,183,141,225,1391106,1212
601288,农业银行,货币金融服务,J66,2016-03,15/01/2016,-0.028481,12561,661622,,,,,463,158,85,220,1729398,1583
601288,农业银行,货币金融服务,J66,2016-04,22/01/2016,0.013029,11515,986109,,,,,575,184,134,257,1987099,1816
601288,农业银行,货币金融服务,J66,2016-05,29/01/2016,-0.038585,12334,590145,,,,,595,175,153,267,3041606,2754
601288,农业银行,货币金融服务,J66,2016-06,05/02/2016,-0.023411,9567,578032,,,,,331,98,80,153,1230325,581
601288,农业银行,货币金融服务,J66,2016-08,19/02/2016,0.010274,10651,423654,,,,,426,134,81,211,3460437,2841
601288,农业银行,货币金融服务,J66,2016-09,26/02/2016,0.00339,11196,460514,,,,,433,150,71,212,2394669,1291
601288,农业银行,货币金融服务,J66,2016-10,04/03/2016,0.081081,11475,502736,,,,,358,125,63,170,1159367,727
601288,农业银行,货币金融服务,J66,2016-11,11/03/2016,-0.003125,11443,468540,,,,,292,109,53,130,832193,611
601288,农业银行,货币金融服务,J66,2016-12,18/03/2016,0.009404,11198,459574,,,,,296,89,58,149,687712,1020
601288,农业银行,货币金融服务,J66,2016-13,25/03/2016,-0.018634,9842,449769,,,,,297,94,60,143,1008437,1609
601288,农业银行,货币金融服务,J66,2016-14,01/04/2016,0.012658,9411,433924,,,,,303,118,49,136,1446094,878
601288,农业银行,货币金融服务,J66,2016-15,08/04/2016,-0.0125,7665,411313,,,,,197,64,30,103,799387,544
601288,农业银行,货币金融服务,J66,2016-16,15/04/2016,0.006329,8317,433046,,,,,269,93,54,122,616997,354
601288,农业银行,货币金融服务,J66,2016-17,22/04/2016,-0.015723,7690,387720,,,,,289,90,66,133,572367,271
601288,农业银行,货币金融服务,J66,2016-18,29/04/2016,-0.003195,7732,434882,,,,,1655,831,39,785,1079075,939
601288,农业银行,货币金融服务,J66,2016-19,06/05/2016,-0.00641,6363,395358,,,,,1248,509,51,688,448253,363
601288,农业银行,货币金融服务,J66,2016-20,13/05/2016,-0.016129,7481,410163,,,,,857,201,61,595,622201,365
601288,农业银行,货币金融服务,J66,2016-21,20/05/2016,0.009836,7154,414501,,,,,875,165,68,642,705308,349
601288,农业银行,货币金融服务,J66,2016-22,27/05/2016,0.006494,7110,403806,,,,,706,124,97,485,752361,737
601288,农业银行,货币金融服务,J66,2016-23,03/06/2016,0.029032,7698,409114,,,,,605,63,21,521,429445,271
601288,农业银行,货币金融服务,J66,2016-24,08/06/2016,-0.003135,,,,,,,,,,,,
601288,农业银行,货币金融服务,J66,2016-25,17/06/2016,-0.003145,7266,441949,,,,,174,57,35,82,333964,214
601288,农业银行,货币金融服务,J66,2016-26,24/06/2016,0,7089,398761,,,,,228,63,55,110,396530,268
601288,农业银行,货币金融服务,J66,2016-27,01/07/2016,0.015773,7717,410689,,,,,199,75,33,91,335343,217
601288,农业银行,货币金融服务,J66,2016-28,08/07/2016,0.005217,9601,396111,,,,,364,113,66,185,506043,1170
601288,农业银行,货币金融服务,J66,2016-29,15/07/2016,0.016287,8571,384872,,,,,230,73,38,119,203665,200
601288,农业银行,货币金融服务,J66,2016-30,22/07/2016,-0.009615,7484,381887,,,,,260,81,59,120,200227,434
601288,农业银行,货币金融服务,J66,2016-31,29/07/2016,0.006472,7436,374043,,,,,110,32,16,62,157212,136
601288,农业银行,货币金融服务,J66,2016-32,05/08/2016,0.003215,6973,371389,,,,,139,44,21,74,130477,121
601288,农业银行,货币金融服务,J66,2016-33,12/08/2016,0.028846,7330,367054,,,,,166,57,39,70,139688,184
601288,农业银行,货币金融服务,J66,2016-34,19/08/2016,-0.009346,9041,397434,,,,,217,64,45,108,148959,144
601288,农业银行,货币金融服务,J66,2016-35,26/08/2016,0.006289,7403,400233,,,,,146,54,24,68,167181,162
601288,农业银行,货币金融服务,J66,2016-36,02/09/2016,-0.003125,7216,405643,,,,,133,37,26,70,118615,127
601288,农业银行,货币金融服务,J66,2016-37,09/09/2016,0,6638,388491,,,,,134,33,23,78,98086,99
601288,农业银行,货币金融服务,J66,2016-38,14/09/2016,-0.025078,,,,,,,,,,,,
601288,农业银行,货币金融服务,J66,2016-39,23/09/2016,0.012862,6532,403210,,,,,89,32,15,42,61976,55
601288,农业银行,货币金融服务,J66,2016-40,30/09/2016,-0.006349,5859,403819,,,,,87,30,14,43,73799,67
601288,农业银行,货币金融服务,J66,2016-42,14/10/2016,0.003195,5830,444221,,,,,111,51,17,43,85981,138
601288,农业银行,货币金融服务,J66,2016-43,21/10/2016,0,5757,438824,,,,,105,37,19,49,85028,218
601288,农业银行,货币金融服务,J66,2016-44,28/10/2016,0.009554,6493,611873,,,,,112,50,13,49,102822,98
601288,农业银行,货币金融服务,J66,2016-45,04/11/2016,-0.006309,5716,445393,,,,,90,28,26,36,76026,94
601288,农业银行,货币金融服务,J66,2016-46,11/11/2016,0.006349,6173,432219,,,,,119,51,16,52,84719,101
601288,农业银行,货币金融服务,J66,2016-47,18/11/2016,0,6291,419046,,,,,102,36,23,43,81857,154
601288,农业银行,货币金融服务,J66,2016-48,25/11/2016,0.015773,6929,374172,,,,,160,72,31,57,134936,225
601288,农业银行,货币金融服务,J66,2016-49,02/12/2016,0,7293,420147,,,,,211,70,48,93,242089,348
601288,农业银行,货币金融服务,J66,2016-50,09/12/2016,0.015528,6881,441965,,,,,194,66,30,98,137330,166
601288,农业银行,货币金融服务,J66,2016-51,16/12/2016,-0.036697,7247,437068,,,,,233,66,52,115,169450,305
601288,农业银行,货币金融服务,J66,2016-52,23/12/2016,-0.009524,6600,439437,,,,,198,61,42,95,130917,231
601288,农业银行,货币金融服务,J66,2016-53,30/12/2016,-0.00641,5702,620316,,,,,138,50,38,50,93702,190
601318,中国平安,保险业,J68,2014-01,03/01/2014,-0.034508,3859,25745,15,206,10,250,133,54,28,51,190476,194
601318,中国平安,保险业,J68,2014-02,10/01/2014,-0.01787,8956,58123,,,,,348,113,81,154,485923,599
601318,中国平安,保险业,J68,2014-03,17/01/2014,0.0326,8750,57470,12,112,14,285,318,136,66,116,503983,541
601318,中国平安,保险业,J68,2014-04,24/01/2014,-0.008076,9160,56699,,,,,266,116,36,114,415654,497
601318,中国平安,保险业,J68,2014-05,30/01/2014,-0.034296,,,,,,,,,,,,
601318,中国平安,保险业,J68,2014-06,07/02/2014,-0.023761,3457,33007,,,,,158,63,38,57,328236,317
601318,中国平安,保险业,J68,2014-07,14/02/2014,0.022507,10121,65415,,,,,298,129,35,134,573631,429
601318,中国平安,保险业,J68,2014-08,21/02/2014,-0.001024,9775,67201,,,,,328,141,68,119,649305,1065
601318,中国平安,保险业,J68,2014-09,28/02/2014,-0.013579,9471,67834,,,,,388,145,92,151,670844,984
601318,中国平安,保险业,J68,2014-10,07/03/2014,-0.024935,9252,64945,14,81,0,102,296,114,55,127,443917,395
601318,中国平安,保险业,J68,2014-11,14/03/2014,-0.022909,9828,64879,354,651,65,1478,384,171,59,154,714621,634
601318,中国平安,保险业,J68,2014-12,21/03/2014,0.022356,9604,63971,48,79,16,250,354,145,69,140,573782,678
601318,中国平安,保险业,J68,2014-13,28/03/2014,-0.003467,9373,62290,,,,,313,120,62,131,455739,512
601318,中国平安,保险业,J68,2014-14,04/04/2014,0.041477,9305,61650,,,,,262,98,63,101,444702,469
601318,中国平安,保险业,J68,2014-15,11/04/2014,0.058839,8783,58930,28,100,2,146,206,85,30,91,452566,538
601318,中国平安,保险业,J68,2014-16,18/04/2014,-0.039796,9713,62088,,,,,240,86,51,103,400952,409
601318,中国平安,保险业,J68,2014-17,25/04/2014,-0.014152,9261,60789,14,70,13,204,197,83,47,67,298657,247
601318,中国平安,保险业,J68,2014-18,30/04/2014,0.003332,,,,,,,,,,,,
601318,中国平安,保险业,J68,2014-19,09/05/2014,0.003066,9508,66371,6,16,1,51,183,79,46,58,245915,220
601318,中国平安,保险业,J68,2014-20,16/05/2014,0.006877,9170,62025,,,,,164,54,48,62,247270,211
601318,中国平安,保险业,J68,2014-21,23/05/2014,-0.003542,8421,61744,,,,,129,51,24,54,265403,253
601318,中国平安,保险业,J68,2014-22,30/05/2014,0.01244,8026,61187,,,,,124,48,17,59,310049,619
601318,中国平安,保险业,J68,2014-23,06/06/2014,-0.010532,6231,56498,,,,,160,60,26,74,326250,610
601318,中国平安,保险业,J68,2014-24,13/06/2014,0.034719,8271,67091,,,,,185,87,35,63,531482,426
601318,中国平安,保险业,J68,2014-25,20/06/2014,-0.019593,7850,68886,,,,,161,62,28,71,493388,373
601318,中国平安,保险业,J68,2014-26,27/06/2014,-0.017737,7787,68435,20,97,15,209,225,98,40,87,376184,481
601318,中国平安,保险业,J68,2014-27,04/07/2014,0.025984,8224,68965,,,,,155,70,30,55,271710,227
601318,中国平安,保险业,J68,2014-28,11/07/2014,-0.011785,8005,66070,29,156,18,314,154,57,37,60,241006,229
601318,中国平安,保险业,J68,2014-29,18/07/2014,0.01015,8187,67133,,,,,143,67,16,60,282124,366
601318,中国平安,保险业,J68,2014-30,25/07/2014,0.066064,9250,68749,,,,,160,62,14,84,350530,545
601318,中国平安,保险业,J68,2014-31,01/08/2014,0.03016,10124,72602,,,,,213,94,33,86,386782,655
601318,中国平安,保险业,J68,2014-32,08/08/2014,-0.020586,9894,70211,,,,,308,106,76,126,462798,708
601318,中国平安,保险业,J68,2014-33,15/08/2014,0.024054,9938,70571,,,,,353,137,62,154,677030,989
601318,中国平安,保险业,J68,2014-34,22/08/2014,-0.022805,9888,75157,525,435,119,1411,561,196,135,230,1034047,1496
601318,中国平安,保险业,J68,2014-35,29/08/2014,-0.008168,9365,71842,,,,,366,152,64,150,740933,2003
601318,中国平安,保险业,J68,2014-36,05/09/2014,0.038588,9622,74164,,,,,366,171,62,133,637507,792
601318,中国平安,保险业,J68,2014-37,12/09/2014,-0.022882,8382,66334,,,,,312,119,66,127,717959,1005
601318,中国平安,保险业,J68,2014-38,19/09/2014,-0.011427,9708,74525,,,,,489,198,98,193,705388,1036
601318,中国平安,保险业,J68,2014-39,26/09/2014,-0.013682,9360,72061,8,38,14,179,464,169,82,213,863173,1426
601318,中国平安,保险业,J68,2014-40,30/09/2014,-0.011241,,,,,,,,,,,,
601318,中国平安,保险业,J68,2014-41,10/10/2014,0.000968,6690,61734,,,,,202,48,37,117,374734,615
601318,中国平安,保险业,J68,2014-42,17/10/2014,-0.005317,9394,72761,,,,,391,135,86,170,675044,1045
601318,中国平安,保险业,J68,2014-43,24/10/2014,-0.002187,9036,74762,,,,,529,192,96,241,983444,1644
601318,中国平安,保险业,J68,2014-44,31/10/2014,0.046993,9831,76125,279,272,52,979,668,254,106,308,2869084,7133
601318,中国平安,保险业,J68,2014-45,06/11/2014,-0.02,,,,,,,,,,,,
601318,中国平安,保险业,J68,2014-46,14/11/2014,0.056716,12410,85399,69,222,29,528,849,346,141,362,2117236,3493
601318,中国平安,保险业,J68,2014-47,21/11/2014,-0.012351,11156,81576,6,4,0,64,1046,346,178,522,6684382,18700
601318,中国平安,保险业,J68,2014-48,28/11/2014,0.128467,14038,94622,,,,,1209,453,164,592,2391469,4415
601318,中国平安,保险业,J68,2014-49,05/12/2014,0.191416,22047,143279,53,124,13,318,1169,504,180,485,3618902,3841
601318,中国平安,保险业,J68,2014-50,12/12/2014,-0.034838,25572,153049,,,,,1273,510,201,562,4292310,5457
601318,中国平安,保险业,J68,2014-51,19/12/2014,0.138076,21275,128348,31,133,20,331,961,381,163,417,2710733,3442
601318,中国平安,保险业,J68,2014-52,26/12/2014,0.044034,21756,126313,10,32,4,67,1243,445,217,581,2998921,3754
601318,中国平安,保险业,J68,2014-53,31/12/2014,0.101755,,,,,,,,,,,,
601318,中国平安,保险业,J68,2015-02,09/01/2015,-0.02503,23621,148057,25,52,6,111,1151,349,224,578,2750716,4693
601318,中国平安,保险业,J68,2015-03,16/01/2015,0.074822,23174,134832,57,222,33,581,1287,492,192,603,2827256,3966
601318,中国平安,保险业,J68,2015-04,23/01/2015,-0.019032,25741,147976,9,13,1,26,1874,633,337,904,4023810,4533
601318,中国平安,保险业,J68,2015-05,30/01/2015,-0.097786,21837,129542,,,,,1406,444,299,663,2979381,3448
601318,中国平安,保险业,J68,2015-06,06/02/2015,-0.043008,21988,118067,,,,,1199,384,242,573,3139225,4265
601318,中国平安,保险业,J68,2015-07,13/02/2015,0.054441,18665,102197,,,,,804,325,125,354,2790259,2540
601318,中国平安,保险业,J68,2015-08,17/02/2015,0.009439,,,,,,,,,,,,
601318,中国平安,保险业,J68,2015-09,27/02/2015,-0.00425,11684,71881,,,,,494,159,79,256,1451015,1791
601318,中国平安,保险业,J68,2015-10,06/03/2015,-0.075413,18853,128858,24,126,15,287,1101,302,199,600,2557534,2841
601318,中国平安,保险业,J68,2015-11,13/03/2015,0.060942,18414,120561,28,38,8,86,797,314,138,345,1987754,2112
601318,中国平安,保险业,J68,2015-12,20/03/2015,0.137366,28501,165556,202,239,50,722,1548,685,189,674,5604314,6515
601318,中国平安,保险业,J68,2015-13,27/03/2015,-0.021553,26275,156875,116,168,30,605,1551,561,223,767,6273702,8664
601318,中国平安,保险业,J68,2015-14,03/04/2015,0.025938,26310,150462,12,7,4,38,1421,502,241,678,3824357,4543
601318,中国平安,保险业,J68,2015-15,10/04/2015,0.094397,24121,141565,,,,,1076,466,156,454,3799144,4405
601318,中国平安,保险业,J68,2015-16,17/04/2015,0.043882,29630,176128,,,,,1453,581,225,647,4379724,4827
601318,中国平安,保险业,J68,2015-17,24/04/2015,-0.056161,27208,163361,9,11,3,37,1540,584,251,705,4747261,5356
601318,中国平安,保险业,J68,2015-18,30/04/2015,0.044657,,,,,,,,,,,,
601318,中国平安,保险业,J68,2015-19,08/05/2015,-0.019851,26918,164885,81,116,15,416,2074,662,360,1052,3777953,4826
601318,中国平安,保险业,J68,2015-20,15/05/2015,-0.028654,23457,147257,,,,,2035,719,308,1008,3643425,4548
601318,中国平安,保险业,J68,2015-21,22/05/2015,0.061012,21926,147350,,,,,1683,623,253,807,3352544,3612
601318,中国平安,保险业,J68,2015-22,29/05/2015,-0.046003,24151,161096,,,,,2070,706,283,1081,4377852,5677
601318,中国平安,保险业,J68,2015-23,05/06/2015,0.017673,24178,159106,,,,,2232,832,303,1097,4548380,4670
601318,中国平安,保险业,J68,2015-24,12/06/2015,0.037148,25618,160436,,,,,1565,602,252,711,3612885,3919
601318,中国平安,保险业,J68,2015-25,19/06/2015,-0.108006,24888,154065,,,,,2225,795,372,1058,4533528,5927
601318,中国平安,保险业,J68,2015-26,26/06/2015,-0.037295,20158,138635,,,,,1333,436,206,691,2768078,3416
601318,中国平安,保险业,J68,2015-27,03/07/2015,-0.038223,28894,199496,,,,,1697,544,328,825,3010328,4582
601318,中国平安,保险业,J68,2015-28,10/07/2015,0.103518,38776,279174,,,,,3232,1058,579,1595,5393227,8885
601318,中国平安,保险业,J68,2015-29,17/07/2015,-0.021049,28086,190202,,,,,1888,642,289,957,5205091,7985
601318,中国平安,保险业,J68,2015-30,24/07/2015,0.001989,25533,169202,47,63,4,138,1960,627,320,1013,5975240,8848
601318,中国平安,保险业,J68,2015-31,31/07/2015,-0.165964,31231,181756,,,,,2997,737,607,1653,5061403,5778
601318,中国平安,保险业,J68,2015-32,07/08/2015,0.015583,22563,142090,,,,,1249,377,212,660,2319798,2935
601318,中国平安,保险业,J68,2015-33,14/08/2015,0,19870,130223,,,,,1054,290,241,523,2225392,2433
601318,中国平安,保险业,J68,2015-34,21/08/2015,-0.132783,21323,142505,128,158,39,498,1515,494,268,753,4221430,4063
601318,中国平安,保险业,J68,2015-35,28/08/2015,0.008847,28314,195426,131,118,10,409,1250,434,238,578,3746404,4025
601318,中国平安,保险业,J68,2015-36,02/09/2015,0.01113,,,,,,,,,,,,
601318,中国平安,保险业,J68,2015-37,11/09/2015,0.001334,17153,123573,,,,,558,174,106,278,2395988,2133
601318,中国平安,保险业,J68,2015-38,18/09/2015,0.024464,14274,108422,,,,,608,202,121,285,1244171,937
601318,中国平安,保险业,J68,2015-39,25/09/2015,0.02159,13090,96579,,,,,418,148,70,200,1118299,652
601318,中国平安,保险业,J68,2015-40,30/09/2015,-0.043868,,,,,,,,,,,,
601318,中国平安,保险业,J68,2015-41,09/10/2015,0.060951,7055,65587,,,,,218,66,42,110,637503,778
601318,中国平安,保险业,J68,2015-42,16/10/2015,0.035038,12065,97049,20,239,4,271,258,91,37,130,706181,570
601318,中国平安,保险业,J68,2015-43,23/10/2015,0.028667,11781,95374,,,,,338,141,35,162,719774,662
601318,中国平安,保险业,J68,2015-44,30/10/2015,-0.007115,12383,99874,244,197,53,844,538,218,79,241,1599648,1341
601318,中国平安,保险业,J68,2015-45,06/11/2015,0.080621,13438,103704,43,14,5,95,597,171,97,329,1018537,1140
601318,中国平安,保险业,J68,2015-46,13/11/2015,-0.0315,13096,104545,,,,,362,122,53,187,670701,652
601318,中国平安,保险业,J68,2015-47,20/11/2015,-0.000285,11257,96828,,,,,360,123,54,183,625901,963
601318,中国平安,保险业,J68,2015-48,27/11/2015,-0.034247,10401,91921,20,6,5,45,470,182,81,207,1085111,1280
601318,中国平安,保险业,J68,2015-49,04/12/2015,0.032801,11149,98753,,,,,455,157,85,213,1074631,1966
601318,中国平安,保险业,J68,2015-50,11/12/2015,-0.010873,10187,95939,,,,,295,98,51,146,1062921,639
601318,中国平安,保险业,J68,2015-51,18/12/2015,0.035291,10538,100930,,,,,359,156,57,146,1614677,1034
601318,中国平安,保险业,J68,2015-52,25/12/2015,0.031014,11890,105289,,,,,349,165,58,126,1001049,473
601318,中国平安,保险业,J68,2015-53,31/12/2015,-0.02439,,,,,,,,,,,,
601318,中国平安,保险业,J68,2016-02,08/01/2016,-0.057222,10873,104200,,,,,425,110,105,210,1410348,717
601318,中国平安,保险业,J68,2016-03,15/01/2016,-0.080731,10468,98191,,,,,392,108,86,198,1239590,609
601318,中国平安,保险业,J68,2016-04,22/01/2016,-0.03141,10268,92585,,,,,535,137,115,283,1862156,1571
601318,中国平安,保险业,J68,2016-05,29/01/2016,-0.001324,9881,89728,,,,,423,117,86,220,1691395,1573
601318,中国平安,保险业,J68,2016-06,05/02/2016,-0.01723,8214,71491,,,,,293,86,63,144,1100193,775
601318,中国平安,保险业,J68,2016-08,19/02/2016,0.008766,8945,80666,,,,,247,83,29,135,910779,374
601318,中国平安,保险业,J68,2016-09,26/02/2016,-0.027406,9783,87588,,,,,275,77,50,148,1035774,807
601318,中国平安,保险业,J68,2016-10,04/03/2016,0.084192,9632,94937,,,,,301,101,41,159,1397493,1369
601318,中国平安,保险业,J68,2016-11,11/03/2016,-0.016165,9851,90751,,,,,241,94,35,112,1244244,585
601318,中国平安,保险业,J68,2016-12,18/03/2016,0.034794,10155,96298,,,,,499,207,81,211,4942303,3907
601318,中国平安,保险业,J68,2016-13,25/03/2016,-0.001868,10239,94140,,,,,289,114,46,129,1317124,902
601318,中国平安,保险业,J68,2016-14,01/04/2016,-0.004367,8954,88882,,,,,257,104,34,119,1205083,769
601318,中国平安,保险业,J68,2016-15,08/04/2016,-0.02381,7608,78438,,,,,169,54,41,74,1441307,1113
601318,中国平安,保险业,J68,2016-16,15/04/2016,0.026637,8805,82327,,,,,249,91,38,120,1403845,938
601318,中国平安,保险业,J68,2016-17,22/04/2016,0.013442,8741,77956,,,,,273,84,48,141,1068935,446
601318,中国平安,保险业,J68,2016-18,29/04/2016,-0.011721,8376,83962,,,,,1704,832,37,835,1295477,713
601318,中国平安,保险业,J68,2016-19,06/05/2016,-0.019975,7007,73299,,,,,1258,491,33,734,672779,1951
601318,中国平安,保险业,J68,2016-20,13/05/2016,0.010191,7976,81512,,,,,918,230,52,636,763849,1917
601318,中国平安,保险业,J68,2016-21,20/05/2016,0.003153,7710,84652,,,,,944,172,87,685,943535,654
601318,中国平安,保险业,J68,2016-22,27/05/2016,-0.006914,6641,86700,,,,,713,114,132,467,780207,367
601318,中国平安,保险业,J68,2016-23,03/06/2016,0.023418,8045,91001,,,,,713,89,46,578,735589,452
601318,中国平安,保险业,J68,2016-24,08/06/2016,-0.005875,,,,,,,,,,,,
601318,中国平安,保险业,J68,2016-25,17/06/2016,-0.005288,7254,90278,,,,,236,82,37,117,729883,426
601318,中国平安,保险业,J68,2016-26,24/06/2016,-0.013446,6632,83966,,,,,245,59,31,155,401972,237
601318,中国平安,保险业,J68,2016-27,01/07/2016,0.019968,6850,91564,,,,,235,81,26,128,309556,133
601318,中国平安,保险业,J68,2016-28,08/07/2016,-0.001554,7493,88164,,,,,249,94,34,121,214782,220
601318,中国平安,保险业,J68,2016-29,15/07/2016,0.025488,7380,79197,,,,,177,67,24,86,193187,142
601318,中国平安,保险业,J68,2016-30,22/07/2016,-0.008898,7696,76845,,,,,184,60,31,93,253322,189
601318,中国平安,保险业,J68,2016-31,29/07/2016,0.002167,7237,74278,,,,,255,78,54,123,270699,300
601318,中国平安,保险业,J68,2016-32,05/08/2016,-0.00587,6468,71318,,,,,176,64,28,84,200570,196
601318,中国平安,保险业,J68,2016-33,12/08/2016,0.040398,7239,71880,,,,,232,85,38,109,283650,411
601318,中国平安,保险业,J68,2016-34,19/08/2016,0.031063,9645,83275,,,,,388,157,43,188,667182,456
601318,中国平安,保险业,J68,2016-35,26/08/2016,-0.012457,7946,78598,,,,,215,70,47,98,218767,211
601318,中国平安,保险业,J68,2016-36,02/09/2016,0.022587,7611,77784,,,,,257,95,39,123,234281,196
601318,中国平安,保险业,J68,2016-37,09/09/2016,0.022949,8484,77469,,,,,300,110,65,125,334033,263
601318,中国平安,保险业,J68,2016-38,14/09/2016,-0.032713,,,,,,,,,,,,
601318,中国平安,保险业,J68,2016-39,23/09/2016,0.017201,7617,76468,,,,,183,59,28,96,220188,184
601318,中国平安,保险业,J68,2016-40,30/09/2016,-0.020923,6291,71799,,,,,139,45,25,69,134435,113
601318,中国平安,保险业,J68,2016-42,14/10/2016,-0.001464,6299,78124,,,,,164,52,36,76,169300,166
601318,中国平安,保险业,J68,2016-43,21/10/2016,0.003225,5752,71342,,,,,118,59,11,48,185426,158
601318,中国平安,保险业,J68,2016-44,28/10/2016,0.009059,6772,73629,,,,,233,94,29,110,454936,356
601318,中国平安,保险业,J68,2016-45,04/11/2016,0.011584,6961,69946,,,,,317,143,26,148,273946,351
601318,中国平安,保险业,J68,2016-46,11/11/2016,0.001718,6423,71231,,,,,184,58,34,92,180572,186
601318,中国平安,保险业,J68,2016-47,18/11/2016,0.000572,6152,67843,,,,,232,75,34,123,204381,157
601318,中国平安,保险业,J68,2016-48,25/11/2016,0.050557,7914,73531,,,,,324,129,46,149,286046,731
601318,中国平安,保险业,J68,2016-49,02/12/2016,-0.013866,7920,76185,,,,,284,92,36,156,370086,244
601318,中国平安,保险业,J68,2016-50,09/12/2016,0.016267,7417,76016,,,,,223,87,26,110,297916,326
601318,中国平安,保险业,J68,2016-51,16/12/2016,-0.037439,7846,79875,,,,,283,89,39,155,335766,344
601318,中国平安,保险业,J68,2016-52,23/12/2016,-0.021139,6696,71293,,,,,345,94,66,185,269581,282
601318,中国平安,保险业,J68,2016-53,30/12/2016,0.020155,6004,68717,,,,,169,56,27,86,146555,176
601328,交通银行,货币金融服务,J66,2014-01,03/01/2014,-0.013021,2321,206007,,,,,297,113,72,112,515318,1363
601328,交通银行,货币金融服务,J66,2014-02,10/01/2014,0.002639,5326,469904,,,,,365,156,63,146,558395,1305
601328,交通银行,货币金融服务,J66,2014-03,17/01/2014,-0.021053,5305,461910,,,,,296,111,60,125,418546,757
601328,交通银行,货币金融服务,J66,2014-04,24/01/2014,0.005376,5143,451825,4,40,2,52,272,103,80,89,388885,522
601328,交通银行,货币金融服务,J66,2014-05,30/01/2014,0.010695,,,,,,,,,,,,
601328,交通银行,货币金融服务,J66,2014-06,07/02/2014,-0.002646,2270,208117,,,,,77,36,12,29,150552,175
601328,交通银行,货币金融服务,J66,2014-07,14/02/2014,0.034483,7449,400878,,,,,295,131,51,113,411088,579
601328,交通银行,货币金融服务,J66,2014-08,21/02/2014,-0.010256,7137,457559,,,,,258,95,55,108,411179,651
601328,交通银行,货币金融服务,J66,2014-09,28/02/2014,-0.018135,5849,412261,,,,,274,101,66,107,382370,465
601328,交通银行,货币金融服务,J66,2014-10,07/03/2014,-0.021108,5993,365441,,,,,332,133,82,117,567141,876
601328,交通银行,货币金融服务,J66,2014-11,14/03/2014,-0.016173,6692,390295,,,,,313,99,95,119,463640,998
601328,交通银行,货币金融服务,J66,2014-12,21/03/2014,0.032877,5953,387425,,,,,291,121,56,114,449937,700
601328,交通银行,货币金融服务,J66,2014-13,28/03/2014,0.013263,7114,414312,,,,,321,126,52,143,684193,1004
601328,交通银行,货币金融服务,J66,2014-14,04/04/2014,-0.015707,7482,416843,130,146,50,514,270,107,62,101,528763,863
601328,交通银行,货币金融服务,J66,2014-15,11/04/2014,0.034574,6536,350585,,,,,200,79,43,78,528216,697
601328,交通银行,货币金融服务,J66,2014-16,18/04/2014,-0.028278,6385,384065,,,,,219,71,65,83,293598,389
601328,交通银行,货币金融服务,J66,2014-17,25/04/2014,-0.013228,5841,399462,,,,,199,57,51,91,274861,385
601328,交通银行,货币金融服务,J66,2014-18,30/04/2014,-0.005362,,,,,,,,,,,,
601328,交通银行,货币金融服务,J66,2014-19,09/05/2014,0.002695,5701,417321,,,,,108,45,19,44,235852,355
601328,交通银行,货币金融服务,J66,2014-20,16/05/2014,0.013441,6834,419231,8,39,7,161,293,149,57,87,442525,860
601328,交通银行,货币金融服务,J66,2014-21,23/05/2014,0.01061,6131,382696,,,,,199,107,30,62,399985,645
601328,交通银行,货币金融服务,J66,2014-22,30/05/2014,0,5759,366463,,,,,165,62,41,62,337861,533
601328,交通银行,货币金融服务,J66,2014-23,06/06/2014,-0.005249,4517,314402,,,,,106,49,15,42,206571,307
601328,交通银行,货币金融服务,J66,2014-24,13/06/2014,0.023747,5463,355984,,,,,181,59,37,85,304864,416
601328,交通银行,货币金融服务,J66,2014-25,20/06/2014,-0.010309,6134,397016,,,,,110,54,16,40,221649,258
601328,交通银行,货币金融服务,J66,2014-26,27/06/2014,0.007813,5242,370326,,,,,106,48,24,34,299833,388
601328,交通银行,货币金融服务,J66,2014-27,04/07/2014,0.015504,5801,389240,,,,,227,120,34,73,548310,738
601328,交通银行,货币金融服务,J66,2014-28,11/07/2014,-0.002545,6644,383825,,,,,181,79,36,66,500958,634
601328,交通银行,货币金融服务,J66,2014-29,18/07/2014,0.013661,6369,391465,,,,,155,79,27,49,410627,786
601328,交通银行,货币金融服务,J66,2014-30,25/07/2014,0.03504,6281,368287,,,,,181,87,31,63,448374,616
601328,交通银行,货币金融服务,J66,2014-31,01/08/2014,0.164063,12569,395613,2,26,0,79,1199,468,227,504,2138733,3086
601328,交通银行,货币金融服务,J66,2014-32,08/08/2014,-0.01566,10637,376771,,,,,491,155,124,212,819135,1196
601328,交通银行,货币金融服务,J66,2014-33,15/08/2014,-0.018182,9382,382858,,,,,397,108,112,177,643564,1170
601328,交通银行,货币金融服务,J66,2014-34,22/08/2014,-0.011574,8725,385589,267,145,83,855,575,182,133,260,1143848,1240
601328,交通银行,货币金融服务,J66,2014-35,29/08/2014,-0.018735,8018,401502,,,,,306,118,63,125,594591,939
601328,交通银行,货币金融服务,J66,2014-36,05/09/2014,0.050119,8301,403917,,,,,298,141,58,99,671540,815
601328,交通银行,货币金融服务,J66,2014-37,12/09/2014,-0.018182,6965,375574,22,49,6,103,245,102,57,86,695218,757
601328,交通银行,货币金融服务,J66,2014-38,19/09/2014,0.018519,8473,433467,22,79,9,246,236,108,43,85,943464,677
601328,交通银行,货币金融服务,J66,2014-39,26/09/2014,-0.022727,8001,458523,8,43,8,178,246,86,56,104,663147,563
601328,交通银行,货币金融服务,J66,2014-40,30/09/2014,-0.002326,,,,,,,,,,,,
601328,交通银行,货币金融服务,J66,2014-41,10/10/2014,-0.006993,4976,433977,,,,,166,58,34,74,424049,264
601328,交通银行,货币金融服务,J66,2014-42,17/10/2014,-0.011737,7134,505608,,,,,211,70,58,83,505578,455
601328,交通银行,货币金融服务,J66,2014-43,24/10/2014,-0.002375,6502,462821,,,,,150,75,22,53,558743,362
601328,交通银行,货币金融服务,J66,2014-44,31/10/2014,0.05,6658,393158,173,114,64,562,354,139,69,146,1108359,745
601328,交通银行,货币金融服务,J66,2014-45,07/11/2014,-0.018141,6984,316695,,,,,234,90,51,93,748363,541
601328,交通银行,货币金融服务,J66,2014-46,14/11/2014,0.062356,8495,313622,,,,,486,227,82,177,1076615,989
601328,交通银行,货币金融服务,J66,2014-47,21/11/2014,-0.036957,8161,416583,,,,,525,173,139,213,1049286,1056
601328,交通银行,货币金融服务,J66,2014-48,28/11/2014,0.205418,10443,475362,,,,,696,248,148,300,1745027,1580
601328,交通银行,货币金融服务,J66,2014-49,05/12/2014,0.170412,18547,520799,,,,,713,240,154,319,1393517,1193
601328,交通银行,货币金融服务,J66,2014-50,12/12/2014,-0.0896,16411,510590,,,,,646,191,194,261,1132499,1243
601328,交通银行,货币金融服务,J66,2014-51,19/12/2014,0.091388,15601,494899,12,19,4,36,461,174,105,182,1301261,1625
601328,交通银行,货币金融服务,J66,2014-52,26/12/2014,0.017713,15593,469974,,,,,639,220,170,249,915436,1179
601328,交通银行,货币金融服务,J66,2014-53,31/12/2014,0.075949,,,,,,,,,,,,
601328,交通银行,货币金融服务,J66,2015-02,09/01/2015,-0.044118,16170,525848,,,,,534,181,139,214,949124,1556
601328,交通银行,货币金融服务,J66,2015-03,16/01/2015,0.109231,14457,467652,40,312,28,514,562,199,108,255,1083680,1182
601328,交通银行,货币金融服务,J66,2015-04,23/01/2015,-0.048544,15093,489416,,,,,744,256,163,325,1058958,1259
601328,交通银行,货币金融服务,J66,2015-05,30/01/2015,-0.091837,12670,458050,,,,,810,196,300,314,1082086,1532
601328,交通银行,货币金融服务,J66,2015-06,06/02/2015,-0.05297,12674,467519,,,,,647,149,222,276,944238,1357
601328,交通银行,货币金融服务,J66,2015-07,13/02/2015,0.035593,10255,465596,,,,,343,110,84,149,577756,690
601328,交通银行,货币金融服务,J66,2015-08,17/02/2015,-0.001637,,,,,,,,,,,,
601328,交通银行,货币金融服务,J66,2015-09,27/02/2015,-0.003279,6409,305084,,,,,246,67,77,102,463850,631
601328,交通银行,货币金融服务,J66,2015-10,06/03/2015,-0.041118,12065,428501,,,,,824,243,191,390,1263456,2026
601328,交通银行,货币金融服务,J66,2015-11,13/03/2015,0.078902,16243,455004,,,,,836,327,174,335,1517875,2066
601328,交通银行,货币金融服务,J66,2015-12,20/03/2015,0.030207,16042,444824,,,,,772,288,162,322,1250744,1465
601328,交通银行,货币金融服务,J66,2015-13,27/03/2015,-0.024691,15016,427742,82,59,29,272,1010,314,241,455,1771935,2267
601328,交通银行,货币金融服务,J66,2015-14,03/04/2015,0.012658,16253,443763,51,36,37,229,1218,383,307,528,1918524,2360
601328,交通银行,货币金融服务,J66,2015-15,10/04/2015,0.059375,15893,434468,,,,,829,279,173,377,1786952,2127
601328,交通银行,货币金融服务,J66,2015-16,17/04/2015,0.066372,20477,494522,,,,,1165,394,287,484,2237236,3173
601328,交通银行,货币金融服务,J66,2015-17,24/04/2015,-0.058091,20279,471466,,,,,1606,452,426,728,2404752,4283
601328,交通银行,货币金融服务,J66,2015-18,30/04/2015,0.016153,,,,,,,,,,,,
601328,交通银行,货币金融服务,J66,2015-19,08/05/2015,-0.039017,16992,435940,8,4,2,14,1758,526,423,809,2129038,4109
601328,交通银行,货币金融服务,J66,2015-20,15/05/2015,-0.004511,16515,453716,10,14,6,30,1413,500,312,601,1887774,3140
601328,交通银行,货币金融服务,J66,2015-21,22/05/2015,0.040785,16980,448278,8,28,3,107,1405,451,310,644,2076926,3090
601328,交通银行,货币金融服务,J66,2015-22,29/05/2015,-0.01016,18286,457226,,,,,1320,430,330,560,2321053,3107
601328,交通银行,货币金融服务,J66,2015-23,05/06/2015,0.231672,36792,591889,,,,,2199,860,407,932,7739753,6310
601328,交通银行,货币金融服务,J66,2015-24,12/06/2015,0.093481,47947,674950,,,,,2301,759,562,980,6051622,6960
601328,交通银行,货币金融服务,J66,2015-25,19/06/2015,-0.147357,54851,700522,3,26,11,66,6076,1515,1706,2855,20704635,18523
601328,交通银行,货币金融服务,J66,2015-26,26/06/2015,-0.025066,34234,530358,0,21,1,76,2006,549,454,1003,3394543,5042
601328,交通银行,货币金融服务,J66,2015-27,03/07/2015,0.071719,58269,773836,2,16,1,35,2172,721,424,1027,3697025,5567
601328,交通银行,货币金融服务,J66,2015-28,10/07/2015,0.073232,52585,750603,,,,,2286,563,594,1129,3579132,6821
601328,交通银行,货币金融服务,J66,2015-29,17/07/2015,-0.058824,35480,573459,,,,,2069,531,616,922,3382065,6001
601328,交通银行,货币金融服务,J66,2015-30,24/07/2015,-0.04625,25409,489354,,,,,2029,482,630,917,3029059,5188
601328,交通银行,货币金融服务,J66,2015-31,31/07/2015,-0.103539,23007,508035,,,,,1941,410,642,889,2803741,5190
601328,交通银行,货币金融服务,J66,2015-32,07/08/2015,-0.005848,16446,447319,,,,,922,191,280,451,1308062,1086
601328,交通银行,货币金融服务,J66,2015-33,14/08/2015,-0.002941,15380,469020,,,,,900,199,278,423,1664657,1322
601328,交通银行,货币金融服务,J66,2015-34,21/08/2015,-0.09587,15713,466065,,,,,1341,250,474,617,1654425,1545
601328,交通银行,货币金融服务,J66,2015-35,28/08/2015,-0.050571,18512,470908,55,22,16,183,947,235,290,422,1577765,1384
601328,交通银行,货币金融服务,J66,2015-36,02/09/2015,0.195876,,,,,,,,,,,,
601328,交通银行,货币金融服务,J66,2015-37,11/09/2015,-0.099138,14310,452447,,,,,940,210,290,440,1170916,1350
601328,交通银行,货币金融服务,J66,2015-38,18/09/2015,-0.012759,11533,426172,,,,,640,143,183,314,761016,861
601328,交通银行,货币金融服务,J66,2015-39,25/09/2015,0.012924,9478,404532,,,,,429,90,118,221,658510,537
601328,交通银行,货币金融服务,J66,2015-40,30/09/2015,-0.030303,,,,,,,,,,,,
601328,交通银行,货币金融服务,J66,2015-41,09/10/2015,0.023026,4887,316115,,,,,99,45,14,40,209915,107
601328,交通银行,货币金融服务,J66,2015-42,16/10/2015,0.0209,8660,452253,,,,,259,80,60,119,411075,211
601328,交通银行,货币金融服务,J66,2015-43,23/10/2015,0.022047,9914,426767,,,,,399,124,96,179,1991521,1128
601328,交通银行,货币金融服务,J66,2015-44,30/10/2015,-0.021572,8765,411950,,,,,330,99,100,131,461591,356
601328,交通银行,货币金融服务,J66,2015-45,06/11/2015,0.03937,9118,393859,36,19,6,109,335,94,101,140,489468,417
601328,交通银行,货币金融服务,J66,2015-46,13/11/2015,0.006061,11034,402258,,,,,352,129,67,156,573807,379
601328,交通银行,货币金融服务,J66,2015-47,20/11/2015,0.006024,9373,385369,,,,,305,100,65,140,558015,485
601328,交通银行,货币金融服务,J66,2015-48,27/11/2015,-0.068862,8225,353623,,,,,326,89,109,128,445462,324
601328,交通银行,货币金融服务,J66,2015-49,04/12/2015,0.062701,9641,375367,,,,,375,123,84,168,475151,413
601328,交通银行,货币金融服务,J66,2015-50,11/12/2015,-0.025719,7986,381508,,,,,280,96,70,114,729429,310
601328,交通银行,货币金融服务,J66,2015-51,18/12/2015,0.026398,7964,372220,7,13,4,78,224,79,52,93,563248,208
601328,交通银行,货币金融服务,J66,2015-52,25/12/2015,0.006051,8472,367164,,,,,305,97,66,142,866946,363
601328,交通银行,货币金融服务,J66,2015-53,31/12/2015,-0.031579,,,,,,,,,,,,
601328,交通银行,货币金融服务,J66,2016-02,08/01/2016,-0.063665,8244,383826,,,,,260,51,79,130,968505,494
601328,交通银行,货币金融服务,J66,2016-03,15/01/2016,-0.077944,8310,373912,,,,,241,58,71,112,735987,405
601328,交通银行,货币金融服务,J66,2016-04,22/01/2016,-0.007194,7747,370662,,,,,327,90,84,153,868243,547
601328,交通银行,货币金融服务,J66,2016-05,29/01/2016,-0.030797,7531,359690,,,,,214,75,50,89,702261,385
601328,交通银行,货币金融服务,J66,2016-06,05/02/2016,-0.028037,5586,351919,,,,,198,59,51,88,733265,208
601328,交通银行,货币金融服务,J66,2016-08,19/02/2016,0.015385,6320,315028,,,,,147,57,31,59,496433,190
601328,交通银行,货币金融服务,J66,2016-09,26/02/2016,-0.022727,6706,321023,,,,,153,54,45,54,447820,177
601328,交通银行,货币金融服务,J66,2016-10,04/03/2016,0.071705,7453,335582,,,,,187,90,24,73,653812,364
601328,交通银行,货币金融服务,J66,2016-11,11/03/2016,-0.007233,6864,316647,,,,,186,79,31,76,467073,260
601328,交通银行,货币金融服务,J66,2016-12,18/03/2016,0.030965,7331,318892,,,,,270,73,54,143,753788,466
601328,交通银行,货币金融服务,J66,2016-13,25/03/2016,-0.026502,8209,316059,,,,,600,132,186,282,1345029,792
601328,交通银行,货币金融服务,J66,2016-14,01/04/2016,0.021779,8373,316312,,,,,468,164,91,213,2585074,2916
601328,交通银行,货币金融服务,J66,2016-15,08/04/2016,-0.019538,6368,283712,,,,,184,46,41,97,722095,305
601328,交通银行,货币金融服务,J66,2016-16,15/04/2016,0.012681,6695,313364,,,,,209,65,47,97,789874,687
601328,交通银行,货币金融服务,J66,2016-17,22/04/2016,-0.026834,5418,296868,,,,,194,58,46,90,611950,289
601328,交通银行,货币金融服务,J66,2016-18,29/04/2016,-0.011029,5073,290056,,,,,1657,843,41,773,717460,351
601328,交通银行,货币金融服务,J66,2016-19,06/05/2016,-0.005576,4371,260421,,,,,1218,502,28,688,457581,185
601328,交通银行,货币金融服务,J66,2016-20,13/05/2016,-0.020561,4932,283599,,,,,766,162,48,556,613122,826
601328,交通银行,货币金融服务,J66,2016-21,20/05/2016,0.003817,4527,281630,,,,,810,118,71,621,603640,273
601328,交通银行,货币金融服务,J66,2016-22,27/05/2016,0.005703,4220,271640,,,,,563,91,90,382,405842,151
601328,交通银行,货币金融服务,J66,2016-23,03/06/2016,0.049149,5487,271363,,,,,622,73,30,519,494786,328
601328,交通银行,货币金融服务,J66,2016-24,08/06/2016,-0.001802,,,,,,,,,,,,
601328,交通银行,货币金融服务,J66,2016-25,17/06/2016,0.001805,4379,282062,,,,,103,33,24,46,251671,179
601328,交通银行,货币金融服务,J66,2016-26,24/06/2016,-0.003604,4673,262432,,,,,152,54,39,59,291574,155
601328,交通银行,货币金融服务,J66,2016-27,01/07/2016,0.023508,4955,278970,,,,,136,53,24,59,198979,114
601328,交通银行,货币金融服务,J66,2016-28,08/07/2016,0.026502,5877,271703,,,,,155,62,24,69,177577,163
601328,交通银行,货币金融服务,J66,2016-29,15/07/2016,0.013769,6175,269809,,,,,186,73,21,92,190875,178
601328,交通银行,货币金融服务,J66,2016-30,22/07/2016,-0.008897,5012,273468,,,,,113,38,22,53,121722,56
601328,交通银行,货币金融服务,J66,2016-31,29/07/2016,0.008977,4854,254853,,,,,67,36,10,21,89843,61
601328,交通银行,货币金融服务,J66,2016-32,05/08/2016,-0.001779,4257,269591,,,,,83,23,15,45,80194,50
601328,交通银行,货币金融服务,J66,2016-33,12/08/2016,0.040998,5052,267470,,,,,109,58,10,41,87922,289
601328,交通银行,货币金融服务,J66,2016-34,19/08/2016,-0.010274,6186,274078,,,,,117,50,28,39,110216,187
601328,交通银行,货币金融服务,J66,2016-35,26/08/2016,0.00692,4858,263170,,,,,73,29,11,33,135280,96
601328,交通银行,货币金融服务,J66,2016-36,02/09/2016,-0.010309,4271,272201,,,,,94,31,26,37,80641,89
601328,交通银行,货币金融服务,J66,2016-37,09/09/2016,-0.010417,4181,272221,,,,,110,33,25,52,87973,78
601328,交通银行,货币金融服务,J66,2016-38,14/09/2016,-0.033333,,,,,,,,,,,,
601328,交通银行,货币金融服务,J66,2016-39,23/09/2016,0.010889,3952,292373,,,,,135,37,46,52,140141,145
601328,交通银行,货币金融服务,J66,2016-40,30/09/2016,-0.007181,3590,295047,,,,,89,34,22,33,71153,61
601328,交通银行,货币金融服务,J66,2016-42,14/10/2016,0.001808,3525,328632,,,,,145,43,46,56,125701,168
601328,交通银行,货币金融服务,J66,2016-43,21/10/2016,0.01444,3715,295235,,,,,82,32,12,38,94727,134
601328,交通银行,货币金融服务,J66,2016-44,28/10/2016,0.005338,4056,287455,,,,,118,45,20,53,119610,103
601328,交通银行,货币金融服务,J66,2016-45,04/11/2016,0.00177,3602,281714,,,,,100,34,12,54,77347,136
601328,交通银行,货币金融服务,J66,2016-46,11/11/2016,0.0053,4183,273981,,,,,106,36,20,50,107788,138
601328,交通银行,货币金融服务,J66,2016-47,18/11/2016,0,4177,266778,,,,,107,44,21,42,105444,154
601328,交通银行,货币金融服务,J66,2016-48,25/11/2016,0.036907,5036,258499,,,,,162,57,29,76,142616,478
601328,交通银行,货币金融服务,J66,2016-49,02/12/2016,-0.010169,5155,279415,,,,,226,63,58,105,334464,363
601328,交通银行,货币金融服务,J66,2016-50,09/12/2016,0.053082,4959,280212,,,,,185,76,25,84,170806,179
601328,交通银行,货币金融服务,J66,2016-51,16/12/2016,-0.056911,5830,281671,,,,,186,50,43,93,165558,277
601328,交通银行,货币金融服务,J66,2016-52,23/12/2016,-0.003448,4431,274990,,,,,159,50,39,70,113825,183
601328,交通银行,货币金融服务,J66,2016-53,30/12/2016,-0.00173,3793,277205,,,,,61,22,11,28,55665,71
601336,新华保险,保险业,J68,2014-01,03/01/2014,-0.035402,811,9641,,,,,46,9,16,21,59363,34
601336,新华保险,保险业,J68,2014-02,10/01/2014,-0.016765,2183,23183,,,,,96,18,29,49,133156,168
601336,新华保险,保险业,J68,2014-03,17/01/2014,-0.005991,2093,22861,,,,,103,27,27,49,116052,82
601336,新华保险,保险业,J68,2014-04,24/01/2014,0.023644,2108,20931,,,,,113,40,26,47,133177,110
601336,新华保险,保险业,J68,2014-05,30/01/2014,-0.024909,,,,,,,,,,,,
601336,新华保险,保险业,J68,2014-06,07/02/2014,-0.007896,1199,17160,,,,,37,13,12,12,66885,94
601336,新华保险,保险业,J68,2014-07,14/02/2014,0.036985,2624,25484,,,,,121,41,30,50,149844,204
601336,新华保险,保险业,J68,2014-08,21/02/2014,0.00316,2879,26721,,,,,155,57,40,58,197885,291
601336,新华保险,保险业,J68,2014-09,28/02/2014,-0.031053,2273,26666,,,,,101,25,39,37,124184,176
601336,新华保险,保险业,J68,2014-10,07/03/2014,-0.025081,2159,25515,,,,,102,20,31,51,97899,94
601336,新华保险,保险业,J68,2014-11,14/03/2014,-0.058123,2244,25289,,,,,106,16,44,46,119486,89
601336,新华保险,保险业,J68,2014-12,21/03/2014,0.014163,2377,25688,,,,,133,26,17,90,141739,121
601336,新华保险,保险业,J68,2014-13,28/03/2014,-0.002993,2726,26315,189,188,57,623,160,34,45,81,227865,196
601336,新华保险,保险业,J68,2014-14,04/04/2014,0.013007,2476,23447,,,,,121,38,46,37,159998,112
601336,新华保险,保险业,J68,2014-15,11/04/2014,0.05284,2524,24255,,,,,83,19,25,39,127509,104
601336,新华保险,保险业,J68,2014-16,18/04/2014,-0.021576,2417,24915,,,,,60,16,18,26,101408,86
601336,新华保险,保险业,J68,2014-17,25/04/2014,-0.034516,2272,24749,,,,,42,13,9,20,67670,35
601336,新华保险,保险业,J68,2014-18,30/04/2014,-0.007448,,,,,,,,,,,,
601336,新华保险,保险业,J68,2014-19,09/05/2014,-0.012506,2125,25745,,,,,46,8,18,20,88892,56
601336,新华保险,保险业,J68,2014-20,16/05/2014,0.014184,2155,24945,,,,,35,5,14,16,69095,56
601336,新华保险,保险业,J68,2014-21,23/05/2014,0.002997,2171,24369,,,,,45,10,17,18,107736,101
601336,新华保险,保险业,J68,2014-22,30/05/2014,0.007968,2037,23957,,,,,32,10,5,17,65153,35
601336,新华保险,保险业,J68,2014-23,06/06/2014,0.017787,1756,23747,,,,,26,6,2,18,58825,36
601336,新华保险,保险业,J68,2014-24,13/06/2014,0.04466,2331,25871,60,185,10,266,40,12,6,22,97438,50
601336,新华保险,保险业,J68,2014-25,20/06/2014,-0.040892,1977,24698,66,183,15,292,25,5,7,13,70945,56
601336,新华保险,保险业,J68,2014-26,27/06/2014,-0.001453,1765,24797,,,,,36,5,12,19,103813,66
601336,新华保险,保险业,J68,2014-27,04/07/2014,0.057254,1767,23683,,,,,44,6,10,28,130653,90
601336,新华保险,保险业,J68,2014-28,11/07/2014,-0.009637,2005,23991,,,,,60,13,13,34,106936,74
601336,新华保险,保险业,J68,2014-29,18/07/2014,0.003707,1779,23599,,,,,53,12,13,28,86804,52
601336,新华保险,保险业,J68,2014-30,25/07/2014,0.13761,2435,24776,,,,,92,12,24,56,140765,134
601336,新华保险,保险业,J68,2014-31,01/08/2014,0.001226,2307,24731,,,,,114,32,34,48,141288,145
601336,新华保险,保险业,J68,2014-32,08/08/2014,-0.019592,2018,26003,,,,,152,31,55,66,197280,98
601336,新华保险,保险业,J68,2014-33,15/08/2014,0.036636,2199,25879,,,,,156,34,37,85,216991,153
601336,新华保险,保险业,J68,2014-34,22/08/2014,-0.017671,2065,25381,,,,,99,11,24,64,137265,54
601336,新华保险,保险业,J68,2014-35,29/08/2014,-0.008585,2056,27338,354,234,50,843,99,24,25,50,186270,71
601336,新华保险,保险业,J68,2014-36,05/09/2014,0.050722,2008,26581,,,,,62,18,11,33,101320,65
601336,新华保险,保险业,J68,2014-37,12/09/2014,-0.033359,1697,24143,,,,,68,13,16,39,98397,47
601336,新华保险,保险业,J68,2014-38,19/09/2014,-0.02233,1912,26097,,,,,52,7,16,29,85206,54
601336,新华保险,保险业,J68,2014-39,26/09/2014,0.005399,2097,26741,2,70,0,65,75,21,24,30,127631,63
601336,新华保险,保险业,J68,2014-40,30/09/2014,0.011152,,,,,,,,,,,,
601336,新华保险,保险业,J68,2014-41,10/10/2014,-0.006536,1402,24607,,,,,14,0,2,12,20620,4
601336,新华保险,保险业,J68,2014-42,17/10/2014,0.023026,2095,27014,,,,,58,9,17,32,96207,65
601336,新华保险,保险业,J68,2014-43,24/10/2014,0.055868,2963,29506,42,37,6,94,143,45,24,74,278782,191
601336,新华保险,保险业,J68,2014-44,31/10/2014,0.121051,3277,30739,146,113,37,605,102,34,21,47,221041,148
601336,新华保险,保险业,J68,2014-45,07/11/2014,-0.019015,3274,28638,,,,,100,20,27,53,220918,185
601336,新华保险,保险业,J68,2014-46,14/11/2014,0.017307,3147,27400,,,,,84,17,24,43,157546,101
601336,新华保险,保险业,J68,2014-47,21/11/2014,0.077577,2927,28607,,,,,91,21,21,49,198110,169
601336,新华保险,保险业,J68,2014-48,28/11/2014,0.322703,5751,39882,,,,,261,86,46,129,526160,583
601336,新华保险,保险业,J68,2014-49,05/12/2014,0.012175,6104,42910,34,80,28,202,358,90,86,182,833651,985
601336,新华保险,保险业,J68,2014-50,12/12/2014,-0.102358,6729,43661,9,47,7,78,443,79,117,247,866352,1109
601336,新华保险,保险业,J68,2014-51,19/12/2014,0.112454,6506,41963,,,,,272,54,72,146,692121,699
601336,新华保险,保险业,J68,2014-52,26/12/2014,0.106755,6327,42113,,,,,337,81,87,169,654545,868
601336,新华保险,保险业,J68,2014-53,31/12/2014,0.057618,,,,,,,,,,,,
601336,新华保险,保险业,J68,2015-02,09/01/2015,-0.055488,6247,44458,,,,,272,52,77,143,526476,452
601336,新华保险,保险业,J68,2015-03,16/01/2015,0.124546,6459,45533,,,,,437,98,106,233,699827,853
601336,新华保险,保险业,J68,2015-10,06/03/2015,-0.103723,8923,72441,11,39,1,113,489,103,139,247,1131916,1153
601336,新华保险,保险业,J68,2015-11,13/03/2015,0.100042,7218,51367,,,,,388,92,103,193,752335,880
601336,新华保险,保险业,J68,2015-12,20/03/2015,0.055877,7449,52784,,,,,343,66,96,181,675144,623
601336,新华保险,保险业,J68,2015-13,27/03/2015,-0.048175,8171,52661,158,177,29,566,496,109,129,258,1453422,1088
601336,新华保险,保险业,J68,2015-14,03/04/2015,0.051572,7069,49409,33,11,5,91,305,62,83,160,879444,823
601336,新华保险,保险业,J68,2015-15,10/04/2015,0.055242,5977,44296,,,,,273,52,84,137,674648,503
601336,新华保险,保险业,J68,2015-16,17/04/2015,-0.043193,6203,46230,,,,,309,65,86,158,722930,675
601336,新华保险,保险业,J68,2015-17,24/04/2015,-0.043698,5603,42757,,,,,310,47,97,166,747828,663
601336,新华保险,保险业,J68,2015-18,30/04/2015,0.016427,,,,,,,,,,,,
601336,新华保险,保险业,J68,2015-19,08/05/2015,0.129667,9126,68828,32,24,5,145,681,154,137,390,1646947,2191
601336,新华保险,保险业,J68,2015-20,15/05/2015,-0.008387,8730,61458,,,,,571,105,167,299,1230434,1655
601336,新华保险,保险业,J68,2015-21,22/05/2015,0.087396,7676,52883,,,,,370,80,110,180,607408,768
601336,新华保险,保险业,J68,2015-22,29/05/2015,-0.103096,7378,53502,12,34,3,55,329,63,104,162,635874,981
601336,新华保险,保险业,J68,2015-23,05/06/2015,0.082979,7220,54207,,,,,284,45,102,137,500917,552
601336,新华保险,保险业,J68,2015-24,12/06/2015,0.028262,7445,58613,,,,,280,91,74,115,646079,438
601336,新华保险,保险业,J68,2015-25,19/06/2015,-0.145671,6077,53827,,,,,240,59,64,117,438206,250
601336,新华保险,保险业,J68,2015-26,26/06/2015,-0.009115,4840,45761,,,,,106,22,35,49,256015,165
601336,新华保险,保险业,J68,2015-27,03/07/2015,-0.091631,8144,63171,,,,,221,40,92,89,284666,206
601336,新华保险,保险业,J68,2015-28,10/07/2015,0.108419,8008,64136,,,,,427,86,145,196,567005,701
601336,新华保险,保险业,J68,2015-29,17/07/2015,-0.083841,6708,53316,,,,,367,64,135,168,584445,519
601336,新华保险,保险业,J68,2015-30,24/07/2015,-0.036762,6773,51994,,,,,477,75,166,236,819719,786
601336,新华保险,保险业,J68,2015-31,31/07/2015,-0.127081,6565,50874,,,,,411,76,127,208,695940,505
601336,新华保险,保险业,J68,2015-32,07/08/2015,0.023023,4999,45440,,,,,244,51,61,132,637479,649
601336,新华保险,保险业,J68,2015-33,14/08/2015,0.017959,4469,43181,,,,,192,36,47,109,523005,278
601336,新华保险,保险业,J68,2015-34,21/08/2015,-0.173738,5221,46130,,,,,367,65,125,177,2679943,1899
601336,新华保险,保险业,J68,2015-35,28/08/2015,0.003534,6202,50854,182,122,35,474,185,53,38,94,581106,349
601336,新华保险,保险业,J68,2015-36,02/09/2015,0.01273,,,,,,,,,,,,
601336,新华保险,保险业,J68,2015-37,11/09/2015,-0.012838,3312,40390,,,,,107,18,30,59,390322,117
601336,新华保险,保险业,J68,2015-38,18/09/2015,0.006773,3040,35771,,,,,74,13,21,40,585858,452
601336,新华保险,保险业,J68,2015-39,25/09/2015,0.026642,2789,33598,,,,,50,12,15,23,414712,412
601336,新华保险,保险业,J68,2015-40,30/09/2015,-0.060813,,,,,,,,,,,,
601336,新华保险,保险业,J68,2015-41,09/10/2015,0.075914,1629,26519,,,,,42,9,12,21,185737,53
601336,新华保险,保险业,J68,2015-42,16/10/2015,0.066926,2568,33856,,,,,43,8,9,26,171620,88
601336,新华保险,保险业,J68,2015-43,23/10/2015,0.083637,2987,36918,,,,,167,55,36,76,341580,343
601336,新华保险,保险业,J68,2015-44,30/10/2015,-0.046444,3047,37752,,,,,220,71,60,89,424045,346
601336,新华保险,保险业,J68,2015-45,06/11/2015,0.185176,3934,42564,136,112,46,523,202,52,31,119,491200,264
601336,新华保险,保险业,J68,2015-46,13/11/2015,-0.049236,3760,41564,11,8,0,38,193,59,39,95,495893,200
601336,新华保险,保险业,J68,2015-47,20/11/2015,-0.004803,3609,42926,,,,,115,27,32,56,439234,287
601336,新华保险,保险业,J68,2015-48,27/11/2015,-0.064415,3468,40299,12,13,1,53,86,14,31,41,222568,94
601336,新华保险,保险业,J68,2015-49,04/12/2015,0.113703,4288,46152,,,,,267,57,74,136,383922,247
601336,新华保险,保险业,J68,2015-50,11/12/2015,-0.040475,4080,44408,,,,,233,57,68,108,913327,499
601336,新华保险,保险业,J68,2015-51,18/12/2015,0.088982,4892,49395,,,,,170,26,36,108,921959,387
601336,新华保险,保险业,J68,2015-52,25/12/2015,0.047793,5016,48156,,,,,148,43,31,74,648187,181
601336,新华保险,保险业,J68,2015-53,31/12/2015,-0.039728,,,,,,,,,,,,
601336,新华保险,保险业,J68,2016-02,08/01/2016,-0.130818,4075,43490,,,,,132,20,38,74,569945,178
601336,新华保险,保险业,J68,2016-03,15/01/2016,-0.1342,3914,43190,,,,,143,27,49,67,753812,319
601336,新华保险,保险业,J68,2016-04,22/01/2016,-0.003818,3550,39452,,,,,156,31,52,73,578929,222
601336,新华保险,保险业,J68,2016-05,29/01/2016,-0.059274,3188,35889,,,,,120,20,33,67,661980,165
601336,新华保险,保险业,J68,2016-06,05/02/2016,-0.002444,2455,29935,,,,,42,8,12,22,457844,60
601336,新华保险,保险业,J68,2016-08,19/02/2016,0.030493,2640,30911,,,,,46,7,14,25,374026,47
601336,新华保险,保险业,J68,2016-09,26/02/2016,-0.056275,2817,37045,,,,,89,19,25,45,386484,147
601336,新华保险,保险业,J68,2016-10,04/03/2016,0.058231,2905,41702,,,,,59,7,19,33,393758,64
601336,新华保险,保险业,J68,2016-11,11/03/2016,-0.055026,2500,40624,,,,,68,13,21,34,428587,60
601336,新华保险,保险业,J68,2016-12,18/03/2016,0.077268,2715,39617,,,,,61,13,16,32,426528,70
601336,新华保险,保险业,J68,2016-13,25/03/2016,0.036902,3434,40878,,,,,108,21,18,69,821797,221
601336,新华保险,保险业,J68,2016-14,01/04/2016,0.006266,3423,39317,,,,,147,41,29,77,1111567,175
601336,新华保险,保险业,J68,2016-15,08/04/2016,-0.035866,2399,33929,,,,,65,11,22,32,413623,65
601336,新华保险,保险业,J68,2016-16,15/04/2016,0.042108,2428,35832,,,,,68,13,24,31,420022,81
601336,新华保险,保险业,J68,2016-17,22/04/2016,-0.020079,2126,30990,,,,,75,15,22,38,406091,563
601336,新华保险,保险业,J68,2016-18,29/04/2016,0.00936,2393,34514,,,,,1504,687,15,802,345116,23
601336,新华保险,保险业,J68,2016-19,06/05/2016,-0.030075,1939,29978,,,,,1097,412,19,666,247016,139
601336,新华保险,保险业,J68,2016-20,13/05/2016,0.018863,2181,33496,,,,,629,136,13,480,329206,133
601336,新华保险,保险业,J68,2016-21,20/05/2016,0.024093,2232,34246,,,,,687,96,44,547,353322,47
601336,新华保险,保险业,J68,2016-22,27/05/2016,-0.021793,2032,33860,,,,,516,66,107,343,349338,39
601336,新华保险,保险业,J68,2016-23,03/06/2016,0.063544,2444,36391,,,,,535,30,9,496,235484,694
601336,新华保险,保险业,J68,2016-24,08/06/2016,-0.019519,,,,,,,,,,,,
601336,新华保险,保险业,J68,2016-25,17/06/2016,-0.027677,2010,34619,,,,,54,29,4,21,181802,33
601336,新华保险,保险业,J68,2016-26,24/06/2016,-0.01573,1683,32208,,,,,65,34,9,22,216757,51
601336,新华保险,保险业,J68,2016-27,01/07/2016,0.030188,1918,33781,,,,,67,33,14,20,78615,19
601336,新华保险,保险业,J68,2016-28,08/07/2016,-0.001724,1769,31275,,,,,52,22,7,23,22762,12
601336,新华保险,保险业,J68,2016-29,15/07/2016,0.039467,2002,32347,,,,,49,11,10,28,41731,30
601336,新华保险,保险业,J68,2016-30,22/07/2016,-0.03346,1924,33517,,,,,88,17,38,33,100209,54
601336,新华保险,保险业,J68,2016-31,29/07/2016,-0.023815,1771,32499,,,,,72,13,19,40,58027,32
601336,新华保险,保险业,J68,2016-32,05/08/2016,0.001761,1727,33531,,,,,57,18,15,24,52761,24
601336,新华保险,保险业,J68,2016-33,12/08/2016,0.09415,3227,39764,,,,,274,74,58,142,304001,423
601336,新华保险,保险业,J68,2016-34,19/08/2016,0.022171,3869,40675,,,,,187,45,46,96,180251,962
601336,新华保险,保险业,J68,2016-35,26/08/2016,-0.032987,2591,38068,,,,,107,27,34,46,67877,77
601336,新华保险,保险业,J68,2016-36,02/09/2016,-0.00257,2244,39275,,,,,124,41,33,50,127586,177
601336,新华保险,保险业,J68,2016-37,09/09/2016,0.003748,2302,37896,,,,,111,26,15,70,71183,27
601336,新华保险,保险业,J68,2016-38,14/09/2016,-0.04154,,,,,,,,,,,,
601336,新华保险,保险业,J68,2016-39,23/09/2016,0.021183,1802,38251,,,,,39,11,3,25,36840,14
601336,新华保险,保险业,J68,2016-40,30/09/2016,-0.017406,1656,36892,,,,,40,7,11,22,24693,5
601336,新华保险,保险业,J68,2016-42,14/10/2016,0.021839,1677,37548,,,,,29,2,5,22,29158,22
601336,新华保险,保险业,J68,2016-43,21/10/2016,-0.007362,1744,37392,,,,,39,4,12,23,38066,74
601336,新华保险,保险业,J68,2016-44,28/10/2016,0.013397,1750,37847,,,,,35,5,14,16,29179,28
601336,新华保险,保险业,J68,2016-45,04/11/2016,0.012512,1827,35079,,,,,40,11,11,18,60094,22
601336,新华保险,保险业,J68,2016-46,11/11/2016,0.048729,1986,35118,,,,,32,9,4,19,29733,87
601336,新华保险,保险业,J68,2016-47,18/11/2016,-0.017341,1905,36108,,,,,47,12,8,27,33532,30
601336,新华保险,保险业,J68,2016-48,25/11/2016,0.078281,2155,36585,,,,,62,16,7,39,32890,26
601336,新华保险,保险业,J68,2016-49,02/12/2016,-0.044692,2001,36428,,,,,52,15,12,25,47996,119
601336,新华保险,保险业,J68,2016-50,09/12/2016,0.027894,1817,38235,,,,,44,9,4,31,25560,39
601336,新华保险,保险业,J68,2016-51,16/12/2016,-0.062607,1695,39993,,,,,65,6,14,45,41338,37
601336,新华保险,保险业,J68,2016-52,23/12/2016,0.007294,1628,41656,,,,,41,3,6,32,33065,44
601336,新华保险,保险业,J68,2016-53,30/12/2016,-0.009278,1585,39050,,,,,50,9,11,30,18044,11
601377,兴业证券,资本市场服务,J67,2014-01,03/01/2014,-0.028541,1051,5021,,,,,18,6,6,6,28380,24
601377,兴业证券,资本市场服务,J67,2014-02,10/01/2014,-0.020675,2643,11928,,,,,63,28,19,16,98378,82
601377,兴业证券,资本市场服务,J67,2014-03,17/01/2014,0.02,2433,11457,,,,,47,23,12,12,55318,25
601377,兴业证券,资本市场服务,J67,2014-04,24/01/2014,0.027233,2565,12105,96,319,13,370,77,33,17,27,113304,102
601377,兴业证券,资本市场服务,J67,2014-05,30/01/2014,-0.036055,,,,,,,,,,,,
601377,兴业证券,资本市场服务,J67,2014-06,07/02/2014,0.0033,1240,6331,,,,,21,12,3,6,47822,57
601377,兴业证券,资本市场服务,J67,2014-07,14/02/2014,0.012061,3200,15010,,,,,61,20,17,24,119911,108
601377,兴业证券,资本市场服务,J67,2014-08,21/02/2014,-0.053088,3123,14815,,,,,102,33,30,39,131557,168
601377,兴业证券,资本市场服务,J67,2014-09,28/02/2014,-0.005721,3205,14453,,,,,70,18,23,29,111164,190
601377,兴业证券,资本市场服务,J67,2014-10,07/03/2014,-0.042578,3298,14512,,,,,76,23,20,33,91165,92
601377,兴业证券,资本市场服务,J67,2014-11,14/03/2014,-0.046875,3151,14085,,,,,74,14,19,41,108924,108
601377,兴业证券,资本市场服务,J67,2014-12,21/03/2014,0.026482,3081,13387,,,,,93,32,23,38,136174,203
601377,兴业证券,资本市场服务,J67,2014-13,28/03/2014,0.067568,5616,17144,,,,,162,64,32,66,327366,472
601377,兴业证券,资本市场服务,J67,2014-14,04/04/2014,0.048331,4093,14337,,,,,103,27,25,51,144312,122
601377,兴业证券,资本市场服务,J67,2014-15,11/04/2014,0.054885,4268,14205,65,57,9,209,107,45,12,50,213645,132
601377,兴业证券,资本市场服务,J67,2014-16,18/04/2014,-0.038502,3844,14420,,,,,55,25,13,17,104634,74
601377,兴业证券,资本市场服务,J67,2014-17,25/04/2014,-0.032468,3611,13878,,,,,48,14,12,22,95086,74
601377,兴业证券,资本市场服务,J67,2014-18,30/04/2014,-0.035794,,,,,,,,,,,,
601377,兴业证券,资本市场服务,J67,2014-19,09/05/2014,0.055684,3776,14150,26,161,4,221,64,23,16,25,118834,86
601377,兴业证券,资本市场服务,J67,2014-20,16/05/2014,-0.049451,4207,14931,,,,,73,35,18,20,139123,109
601377,兴业证券,资本市场服务,J67,2014-21,23/05/2014,-0.009249,3168,13522,,,,,38,17,11,10,77056,49
601377,兴业证券,资本市场服务,J67,2014-22,30/05/2014,-0.002334,2823,12566,,,,,38,18,9,11,86096,76
601377,兴业证券,资本市场服务,J67,2014-23,06/06/2014,-0.036257,2440,10895,,,,,57,24,19,14,130083,131
601377,兴业证券,资本市场服务,J67,2014-24,13/06/2014,0.015777,2883,12418,,,,,28,17,3,8,59006,37
601377,兴业证券,资本市场服务,J67,2014-25,20/06/2014,-0.031063,2758,12838,,,,,51,20,5,26,119626,112
601377,兴业证券,资本市场服务,J67,2014-26,26/06/2014,0.041096,,,,,,,,,,,,
601377,兴业证券,资本市场服务,J67,2014-27,04/07/2014,0.077751,6957,20576,,,,,205,76,38,91,484212,491
601377,兴业证券,资本市场服务,J67,2014-28,11/07/2014,-0.009989,4293,15915,,,,,88,40,18,30,205740,190
601377,兴业证券,资本市场服务,J67,2014-29,18/07/2014,0.001121,3872,15148,,,,,74,34,9,31,155940,138
601377,兴业证券,资本市场服务,J67,2014-30,25/07/2014,0.092945,4660,15765,,,,,117,39,27,51,277355,291
601377,兴业证券,资本市场服务,J67,2014-31,01/08/2014,0.077869,6761,19932,,,,,174,63,39,72,414081,426
601377,兴业证券,资本市场服务,J67,2014-32,08/08/2014,-0.015209,5195,17503,19,46,3,97,131,54,28,49,277779,270
601377,兴业证券,资本市场服务,J67,2014-33,15/08/2014,0.047297,4832,16951,,,,,111,45,19,47,252345,251
601377,兴业证券,资本市场服务,J67,2014-34,22/08/2014,0.018433,7126,21230,299,422,51,1036,299,123,57,119,758459,866
601377,兴业证券,资本市场服务,J67,2014-35,29/08/2014,-0.023529,5977,19000,,,,,147,42,47,58,336752,349
601377,兴业证券,资本市场服务,J67,2014-36,05/09/2014,0.114921,6750,21283,,,,,185,84,29,72,570579,613
601377,兴业证券,资本市场服务,J67,2014-37,12/09/2014,-0.014131,6569,20698,,,,,212,88,44,80,754135,848
601377,兴业证券,资本市场服务,J67,2014-38,19/09/2014,0.015177,9444,29182,,,,,588,190,134,264,1389755,1848
601377,兴业证券,资本市场服务,J67,2014-39,26/09/2014,0.05814,11497,34619,,,,,432,171,97,164,1132285,1148
601377,兴业证券,资本市场服务,J67,2014-40,30/09/2014,0.006279,,,,,,,,,,,,
601377,兴业证券,资本市场服务,J67,2014-41,10/10/2014,-0.020281,6410,22611,,,,,164,47,54,63,407360,497
601377,兴业证券,资本市场服务,J67,2014-42,17/10/2014,0.019108,10137,32447,,,,,314,128,71,115,811771,717
601377,兴业证券,资本市场服务,J67,2014-43,24/10/2014,-0.046875,10094,30505,,,,,323,92,104,127,541843,630
601377,兴业证券,资本市场服务,J67,2014-44,31/10/2014,0.057377,10017,33962,106,90,24,425,464,153,101,210,910796,1150
601377,兴业证券,资本市场服务,J67,2014-45,07/11/2014,0.16124,14101,45516,,,,,741,264,170,307,1642060,1717
601377,兴业证券,资本市场服务,J67,2014-46,14/11/2014,0.104139,23579,86214,,,,,2234,805,415,1014,6480965,4907
601377,兴业证券,资本市场服务,J67,2014-47,21/11/2014,0.117291,20362,66765,60,110,23,367,1268,455,245,568,4009309,6453
601377,兴业证券,资本市场服务,J67,2014-48,28/11/2014,0.232684,29549,118050,,,,,1859,609,391,859,3186800,4311
601377,兴业证券,资本市场服务,J67,2014-49,05/12/2014,0.299385,32365,141240,,,,,1985,665,428,892,3796265,5319
601377,兴业证券,资本市场服务,J67,2014-50,12/12/2014,-0.058108,37217,183332,,,,,2062,595,510,957,3501835,5320
601377,兴业证券,资本市场服务,J67,2014-51,19/12/2014,0.067432,31971,138034,26,22,3,51,1416,437,335,644,2673242,3523
601377,兴业证券,资本市场服务,J67,2014-52,26/12/2014,0.024866,26237,102451,,,,,1376,373,353,650,2727888,4018
601377,兴业证券,资本市场服务,J67,2014-53,31/12/2014,-0.008525,,,,,,,,,,,,
601377,兴业证券,资本市场服务,J67,2015-02,09/01/2015,-0.049603,22771,90937,,,,,1089,308,273,508,1831819,2249
601377,兴业证券,资本市场服务,J67,2015-03,16/01/2015,-0.022965,18124,70503,,,,,1015,256,291,468,1690701,2663
601377,兴业证券,资本市场服务,J67,2015-04,23/01/2015,-0.064815,20628,85546,,,,,1382,334,360,688,3028928,4254
601377,兴业证券,资本市场服务,J67,2015-05,30/01/2015,-0.040366,18866,73663,,,,,876,245,216,415,1679156,2564
601377,兴业证券,资本市场服务,J67,2015-06,06/02/2015,-0.013492,16179,60195,7,18,1,26,744,202,196,346,1408392,2043
601377,兴业证券,资本市场服务,J67,2015-07,13/02/2015,0.090909,19727,70874,,,,,919,291,229,399,1987378,2610
601377,兴业证券,资本市场服务,J67,2015-08,17/02/2015,0.024336,,,,,,,,,,,,
601377,兴业证券,资本市场服务,J67,2015-09,27/02/2015,0.035277,12028,45144,,,,,410,145,89,176,916263,1400
601377,兴业证券,资本市场服务,J67,2015-10,06/03/2015,-0.039638,19304,71141,46,78,12,260,646,177,181,288,1443612,2343
601377,兴业证券,资本市场服务,J67,2015-11,13/03/2015,0.023896,17532,70101,121,78,25,449,798,275,163,360,1715559,2638
601377,兴业证券,资本市场服务,J67,2015-12,20/03/2015,0.089109,20046,87699,,,,,912,279,227,406,1860494,3842
601377,兴业证券,资本市场服务,J67,2015-13,27/03/2015,-0.024026,18690,85204,,,,,816,250,215,351,1707040,3285
601377,兴业证券,资本市场服务,J67,2015-14,03/04/2015,0.111776,21135,92883,14,20,0,34,888,277,235,376,2023533,4239
601377,兴业证券,资本市场服务,J67,2015-15,10/04/2015,0.064034,20899,99646,,,,,1118,362,236,520,3163553,5111
601377,兴业证券,资本市场服务,J67,2015-16,17/04/2015,-0.015748,21234,114609,28,16,3,47,1721,426,419,876,3579481,5423
601377,兴业证券,资本市场服务,J67,2015-17,24/04/2015,0.016,22966,126234,,,,,1704,455,433,816,3390546,5291
601377,兴业证券,资本市场服务,J67,2015-18,30/04/2015,-0.021935,,,,,,,,,,,,
601377,兴业证券,资本市场服务,J67,2015-19,08/05/2015,-0.033928,16458,81290,,,,,1215,301,333,581,2110140,3404
601377,兴业证券,资本市场服务,J67,2015-20,15/05/2015,-0.030952,16119,79090,,,,,1345,302,403,640,1882242,2918
601377,兴业证券,资本市场服务,J67,2015-21,22/05/2015,0.055283,16702,84037,,,,,1333,304,397,632,2014419,2808
601377,兴业证券,资本市场服务,J67,2015-22,29/05/2015,-0.063631,18158,98576,,,,,1375,320,370,685,2173309,3043
601377,兴业证券,资本市场服务,J67,2015-23,05/06/2015,0.056733,16695,87964,,,,,1368,333,381,654,1882373,2378
601377,兴业证券,资本市场服务,J67,2015-24,12/06/2015,0.00767,17394,81287,,,,,814,227,246,341,1597333,1701
601377,兴业证券,资本市场服务,J67,2015-25,19/06/2015,-0.128806,15259,68765,,,,,812,198,248,366,1674191,1799
601377,兴业证券,资本市场服务,J67,2015-26,26/06/2015,-0.088038,12344,53682,,,,,647,145,201,301,986707,2268
601377,兴业证券,资本市场服务,J67,2015-27,03/07/2015,-0.095063,14567,73261,,,,,637,163,151,323,919525,1926
601377,兴业证券,资本市场服务,J67,2015-28,10/07/2015,0.060261,14702,75160,,,,,955,207,304,444,1194511,1939
601377,兴业证券,资本市场服务,J67,2015-29,17/07/2015,-0.093702,13528,62564,,,,,755,187,256,312,1338421,1481
601377,兴业证券,资本市场服务,J67,2015-30,24/07/2015,-0.022881,11556,49856,,,,,498,134,127,237,950807,880
601377,兴业证券,资本市场服务,J67,2015-31,31/07/2015,-0.095403,10143,44496,,,,,534,121,174,239,823444,834
601377,兴业证券,资本市场服务,J67,2015-32,07/08/2015,-0.012464,9046,37782,,,,,419,96,125,198,1282373,1705
601377,兴业证券,资本市场服务,J67,2015-33,14/08/2015,0.091262,10137,42333,,,,,331,95,83,153,1014421,684
601377,兴业证券,资本市场服务,J67,2015-34,21/08/2015,-0.183274,10511,41992,,,,,401,93,138,170,841615,788
601377,兴业证券,资本市场服务,J67,2015-35,28/08/2015,-0.102397,10217,42576,51,86,12,344,406,97,131,178,906523,1202
601377,兴业证券,资本市场服务,J67,2015-36,02/09/2015,-0.006068,,,,,,,,,,,,
601377,兴业证券,资本市场服务,J67,2015-37,11/09/2015,0.014652,7841,29441,,,,,180,68,39,73,537931,493
601377,兴业证券,资本市场服务,J67,2015-38,18/09/2015,-0.054152,7570,26705,,,,,184,41,61,82,1127055,2942
601377,兴业证券,资本市场服务,J67,2015-39,25/09/2015,-0.002545,7117,24293,,,,,152,55,37,60,497378,478
601377,兴业证券,资本市场服务,J67,2015-40,30/09/2015,-0.001276,,,,,,,,,,,,
601377,兴业证券,资本市场服务,J67,2015-41,09/10/2015,0.066411,3853,14261,,,,,49,15,15,19,170011,125
601377,兴业证券,资本市场服务,J67,2015-42,16/10/2015,0.091018,7400,26979,,,,,195,61,50,84,1487189,1692
601377,兴业证券,资本市场服务,J67,2015-43,23/10/2015,0.005488,7344,28141,,,,,216,39,69,108,448765,377
601377,兴业证券,资本市场服务,J67,2015-44,30/10/2015,-0.010917,7029,26866,,,,,233,76,59,98,916040,686
601377,兴业证券,资本市场服务,J67,2015-45,06/11/2015,0.303532,9446,41220,15,5,4,41,503,164,72,267,1276679,1796
601377,兴业证券,资本市场服务,J67,2015-46,13/11/2015,0.084674,16112,82009,,,,,1137,320,302,515,2046095,2686
601377,兴业证券,资本市场服务,J67,2015-47,20/11/2015,-0.062451,13178,62887,,,,,881,210,263,408,1222908,1622
601377,兴业证券,资本市场服务,J67,2015-48,27/11/2015,-0.115737,11644,50159,,,,,666,132,214,320,1903964,1449
601377,兴业证券,资本市场服务,J67,2015-49,04/12/2015,0.062147,11115,49548,,,,,527,166,120,241,940031,1345
601377,兴业证券,资本市场服务,J67,2015-50,11/12/2015,0,9891,41382,,,,,493,121,128,244,1196595,815
601377,兴业证券,资本市场服务,J67,2015-51,18/12/2015,0.076241,12598,56991,,,,,867,239,215,413,3769528,2750
601377,兴业证券,资本市场服务,J67,2015-52,25/12/2015,-0.052718,12458,55962,,,,,1522,320,462,740,5078372,4132
601377,兴业证券,资本市场服务,J67,2015-53,28/12/2015,-0.043478,,,,,,,,,,,,
601377,兴业证券,资本市场服务,J67,2016-02,08/01/2016,-0.097569,9253,42197,,,,,922,188,268,466,4689487,3529
601377,兴业证券,资本市场服务,J67,2016-03,15/01/2016,-0.128205,10054,42764,,,,,873,194,277,402,3914861,5138
601377,兴业证券,资本市场服务,J67,2016-04,22/01/2016,0.028186,9143,36372,,,,,591,156,144,291,2632385,2990
601377,兴业证券,资本市场服务,J67,2016-05,29/01/2016,-0.083433,8602,33041,,,,,570,125,187,258,1913798,1357
601377,兴业证券,资本市场服务,J67,2016-06,05/02/2016,0.014304,9206,35504,,,,,715,179,166,370,3345790,1499
601377,兴业证券,资本市场服务,J67,2016-08,19/02/2016,0.064103,8529,31721,,,,,417,134,77,206,1872171,773
601377,兴业证券,资本市场服务,J67,2016-09,26/02/2016,-0.077108,8566,32618,,,,,532,127,149,256,2040404,1131
601377,兴业证券,资本市场服务,J67,2016-10,04/03/2016,0.052219,8048,32206,,,,,421,108,90,223,1648667,639
601377,兴业证券,资本市场服务,J67,2016-11,11/03/2016,-0.045906,7642,27604,,,,,393,94,130,169,1065869,565
601377,兴业证券,资本市场服务,J67,2016-12,18/03/2016,0.097529,7628,29958,,,,,266,67,82,117,845377,418
601377,兴业证券,资本市场服务,J67,2016-13,25/03/2016,0.046209,9611,40800,,,,,349,95,108,146,1217822,730
601377,兴业证券,资本市场服务,J67,2016-14,01/04/2016,-0.010193,8392,32737,,,,,355,79,111,165,1472263,797
601377,兴业证券,资本市场服务,J67,2016-15,08/04/2016,-0.033181,6793,27262,,,,,264,63,63,138,1875213,2525
601377,兴业证券,资本市场服务,J67,2016-16,15/04/2016,0.059172,8519,33434,,,,,326,80,90,156,1172860,455
601377,兴业证券,资本市场服务,J67,2016-17,22/04/2016,-0.056983,6966,26480,,,,,283,70,86,127,1105074,993
601377,兴业证券,资本市场服务,J67,2016-18,29/04/2016,-0.031991,6305,23692,,,,,1670,746,71,853,1118069,681
601377,兴业证券,资本市场服务,J67,2016-19,06/05/2016,-0.022032,5463,22013,,,,,1237,454,52,731,708850,240
601377,兴业证券,资本市场服务,J67,2016-20,13/05/2016,-0.041302,5886,22971,,,,,806,179,49,578,732624,229
601377,兴业证券,资本市场服务,J67,2016-21,20/05/2016,0.01436,6181,23650,,,,,765,130,73,562,662246,229
601377,兴业证券,资本市场服务,J67,2016-22,27/05/2016,-0.014342,5182,20842,,,,,588,73,112,403,507147,224
601377,兴业证券,资本市场服务,J67,2016-23,03/06/2016,0.063492,6584,25976,,,,,761,74,97,590,891709,586
601377,兴业证券,资本市场服务,J67,2016-24,08/06/2016,-0.014925,,,,,,,,,,,,
601377,兴业证券,资本市场服务,J67,2016-25,17/06/2016,-0.083333,7846,35318,,,,,931,172,309,450,2106071,2321
601377,兴业证券,资本市场服务,J67,2016-26,24/06/2016,-0.006887,7043,29250,,,,,441,90,135,216,1008684,695
601377,兴业证券,资本市场服务,J67,2016-27,01/07/2016,0.023578,6481,26192,,,,,380,87,100,193,511696,568
601377,兴业证券,资本市场服务,J67,2016-28,08/07/2016,0.042005,6976,28172,,,,,402,79,113,210,563941,803
601377,兴业证券,资本市场服务,J67,2016-29,15/07/2016,0.042913,8245,34168,,,,,426,95,111,220,541419,1016
601377,兴业证券,资本市场服务,J67,2016-30,22/07/2016,-0.021197,6308,25167,,,,,274,80,73,121,343129,283
601377,兴业证券,资本市场服务,J67,2016-31,29/07/2016,-0.017834,6385,24819,,,,,224,53,56,115,321410,583
601377,兴业证券,资本市场服务,J67,2016-32,05/08/2016,-0.014267,5064,20908,,,,,187,53,41,93,247491,317
601377,兴业证券,资本市场服务,J67,2016-33,12/08/2016,0.036842,5404,20749,,,,,162,48,35,79,158111,175
601377,兴业证券,资本市场服务,J67,2016-34,19/08/2016,0.019036,6673,25521,,,,,275,67,80,128,232792,429
601377,兴业证券,资本市场服务,J67,2016-35,26/08/2016,-0.019925,6018,21769,,,,,198,45,50,103,279768,283
601377,兴业证券,资本市场服务,J67,2016-36,02/09/2016,0.006353,5351,20101,,,,,166,39,29,98,123246,116
601377,兴业证券,资本市场服务,J67,2016-37,09/09/2016,-0.007576,5212,20066,,,,,295,56,56,183,178828,135
601377,兴业证券,资本市场服务,J67,2016-38,14/09/2016,-0.035623,,,,,,,,,,,,
601377,兴业证券,资本市场服务,J67,2016-39,23/09/2016,0.003958,4064,17487,,,,,210,29,44,137,164405,170
601377,兴业证券,资本市场服务,J67,2016-40,30/09/2016,-0.00657,4066,16677,,,,,132,27,31,74,104259,107
601377,兴业证券,资本市场服务,J67,2016-42,14/10/2016,0.019841,4318,18133,,,,,103,34,23,46,109337,99
601377,兴业证券,资本市场服务,J67,2016-43,21/10/2016,0.010376,4679,18284,,,,,135,29,36,70,145940,144
601377,兴业证券,资本市场服务,J67,2016-44,28/10/2016,0.008986,5612,20430,,,,,210,41,40,129,142777,147
601377,兴业证券,资本市场服务,J67,2016-45,04/11/2016,0.033079,5805,21506,,,,,214,58,54,102,193426,338
601377,兴业证券,资本市场服务,J67,2016-46,11/11/2016,0.051724,6305,22771,,,,,368,96,48,224,279516,351
601377,兴业证券,资本市场服务,J67,2016-47,18/11/2016,0.002342,7283,27922,,,,,379,104,69,206,309591,311
601377,兴业证券,资本市场服务,J67,2016-48,25/11/2016,0.023364,6811,24331,,,,,207,62,50,95,227512,225
601377,兴业证券,资本市场服务,J67,2016-49,02/12/2016,-0.031963,6559,24216,,,,,297,58,86,153,347483,309
601377,兴业证券,资本市场服务,J67,2016-50,09/12/2016,-0.042453,5745,21291,,,,,269,34,107,128,195452,242
601377,兴业证券,资本市场服务,J67,2016-51,16/12/2016,-0.043103,4743,18931,,,,,156,30,51,75,105137,120
601377,兴业证券,资本市场服务,J67,2016-52,23/12/2016,-0.010296,4104,17165,,,,,166,32,59,75,94695,123
601377,兴业证券,资本市场服务,J67,2016-53,30/12/2016,-0.005202,3798,15888,,,,,191,46,68,77,87128,95
601390,中国中铁,土木工程建筑业,E48,2014-01,03/01/2014,-0.022388,2382,6763,,,,,114,38,35,41,295304,645
601390,中国中铁,土木工程建筑业,E48,2014-02,10/01/2014,-0.091603,7651,60829,,,,,509,120,198,191,757117,1224
601390,中国中铁,土木工程建筑业,E48,2014-03,17/01/2014,0,5896,20007,,,,,163,48,39,76,238237,405
601390,中国中铁,土木工程建筑业,E48,2014-04,24/01/2014,0.033613,5576,16898,,,,,105,40,21,44,172781,296
601390,中国中铁,土木工程建筑业,E48,2014-05,30/01/2014,-0.020325,,,,,,,,,,,,
601390,中国中铁,土木工程建筑业,E48,2014-06,07/02/2014,0,2216,8653,,,,,32,13,5,14,56281,51
601390,中国中铁,土木工程建筑业,E48,2014-07,14/02/2014,0.037344,7271,20235,,,,,91,42,20,29,181700,271
601390,中国中铁,土木工程建筑业,E48,2014-08,21/02/2014,-0.012,7143,19797,,,,,106,44,20,42,178226,196
601390,中国中铁,土木工程建筑业,E48,2014-09,28/02/2014,-0.036437,6611,19153,,,,,141,58,29,54,196651,211
601390,中国中铁,土木工程建筑业,E48,2014-10,07/03/2014,0,6269,19179,,,,,139,69,29,41,177644,197
601390,中国中铁,土木工程建筑业,E48,2014-11,14/03/2014,-0.016807,5974,19031,,,,,121,46,28,47,183488,174
601390,中国中铁,土木工程建筑业,E48,2014-12,21/03/2014,0.047009,6274,20247,,,,,121,55,22,44,224960,219
601390,中国中铁,土木工程建筑业,E48,2014-13,28/03/2014,0.008163,6963,20959,,,,,134,69,17,48,279831,300
601390,中国中铁,土木工程建筑业,E48,2014-14,04/04/2014,0.036437,8118,22522,91,60,29,287,162,88,18,56,366803,379
601390,中国中铁,土木工程建筑业,E48,2014-15,11/04/2014,0.054688,7412,21125,,,,,141,65,19,57,263370,275
601390,中国中铁,土木工程建筑业,E48,2014-16,18/04/2014,-0.040741,7220,21338,,,,,115,50,29,36,192865,280
601390,中国中铁,土木工程建筑业,E48,2014-17,25/04/2014,-0.027027,6275,19241,,,,,87,28,25,34,154704,182
601390,中国中铁,土木工程建筑业,E48,2014-18,30/04/2014,-0.003968,,,,,,,,,,,,
601390,中国中铁,土木工程建筑业,E48,2014-19,09/05/2014,0.031873,7843,23248,,,,,109,49,21,39,284316,420
601390,中国中铁,土木工程建筑业,E48,2014-20,16/05/2014,0,7048,21565,,,,,104,43,27,34,176019,344
601390,中国中铁,土木工程建筑业,E48,2014-21,23/05/2014,-0.007722,5794,18482,,,,,87,35,20,32,133220,232
601390,中国中铁,土木工程建筑业,E48,2014-22,30/05/2014,-0.003891,5497,17397,,,,,134,42,43,49,191505,296
601390,中国中铁,土木工程建筑业,E48,2014-23,06/06/2014,0,4196,14841,,,,,103,42,26,35,132016,155
601390,中国中铁,土木工程建筑业,E48,2014-24,13/06/2014,0.019531,5174,17339,,,,,167,55,52,60,199734,254
601390,中国中铁,土木工程建筑业,E48,2014-25,20/06/2014,-0.019157,6017,18712,,,,,141,65,34,42,218543,202
601390,中国中铁,土木工程建筑业,E48,2014-26,27/06/2014,0,5115,16928,,,,,169,64,47,58,242017,345
601390,中国中铁,土木工程建筑业,E48,2014-27,04/07/2014,0.007813,5279,17831,,,,,171,60,52,59,260291,416
601390,中国中铁,土木工程建筑业,E48,2014-28,11/07/2014,0.027132,6329,19745,,,,,120,57,23,40,260235,439
601390,中国中铁,土木工程建筑业,E48,2014-29,18/07/2014,0.018868,7024,22365,,,,,115,53,29,33,243939,304
601390,中国中铁,土木工程建筑业,E48,2014-30,25/07/2014,0.040741,7934,24250,,,,,127,52,24,51,372517,491
601390,中国中铁,土木工程建筑业,E48,2014-31,01/08/2014,0.017794,8878,26490,,,,,206,86,38,82,458110,723
601390,中国中铁,土木工程建筑业,E48,2014-32,08/08/2014,0.023077,9249,26787,23,54,3,111,225,101,51,73,486594,823
601390,中国中铁,土木工程建筑业,E48,2014-33,15/08/2014,0.01049,8353,24083,,,,,160,64,33,63,308038,531
601390,中国中铁,土木工程建筑业,E48,2014-34,22/08/2014,-0.013841,7727,22665,,,,,177,48,64,65,312571,399
601390,中国中铁,土木工程建筑业,E48,2014-35,29/08/2014,-0.014035,7233,22335,,,,,165,60,41,64,387447,501
601390,中国中铁,土木工程建筑业,E48,2014-36,05/09/2014,0.042705,8347,24645,104,63,15,351,187,80,34,73,364585,419
601390,中国中铁,土木工程建筑业,E48,2014-37,12/09/2014,0.006826,7197,21602,,,,,179,72,39,68,335340,515
601390,中国中铁,土木工程建筑业,E48,2014-38,19/09/2014,0.040678,10196,29789,,,,,394,139,84,171,782472,973
601390,中国中铁,土木工程建筑业,E48,2014-39,26/09/2014,0.003257,9399,28596,,,,,322,112,74,136,604685,794
601390,中国中铁,土木工程建筑业,E48,2014-40,30/09/2014,0.016234,,,,,,,,,,,,
601390,中国中铁,土木工程建筑业,E48,2014-41,10/10/2014,-0.003195,6690,21537,,,,,229,82,63,84,463344,533
601390,中国中铁,土木工程建筑业,E48,2014-42,17/10/2014,0.038462,11206,36278,,,,,459,160,98,201,865456,1179
601390,中国中铁,土木工程建筑业,E48,2014-43,24/10/2014,-0.015432,10989,32821,,,,,328,116,71,141,588304,827
601390,中国中铁,土木工程建筑业,E48,2014-44,31/10/2014,0.297806,19762,72479,97,138,13,359,1541,609,279,653,3752274,3623
601390,中国中铁,土木工程建筑业,E48,2014-45,07/11/2014,0.019324,23739,88577,,,,,1564,608,285,671,4034817,3204
601390,中国中铁,土木工程建筑业,E48,2014-46,14/11/2014,0.009479,20388,73310,,,,,889,360,189,340,1458433,1869
601390,中国中铁,土木工程建筑业,E48,2014-47,21/11/2014,0.035211,19254,67113,,,,,1033,430,223,380,1490804,2033
601390,中国中铁,土木工程建筑业,E48,2014-48,28/11/2014,0.154195,26734,97449,16,28,1,46,1252,477,263,512,1886940,3027
601390,中国中铁,土木工程建筑业,E48,2014-49,05/12/2014,-0.035363,26691,100879,,,,,1299,391,407,501,1885243,2223
601390,中国中铁,土木工程建筑业,E48,2014-50,12/12/2014,0.364562,40941,169973,,,,,1795,632,351,812,4926781,10227
601390,中国中铁,土木工程建筑业,E48,2014-51,19/12/2014,0.361194,58796,258368,17,4,4,79,2903,1064,550,1289,5009476,5668
601390,中国中铁,土木工程建筑业,E48,2014-52,26/12/2014,0.001096,68125,314560,,,,,3703,1312,817,1574,5697809,8120
601390,中国中铁,土木工程建筑业,E48,2014-53,31/12/2014,0.01862,,,,,,,,,,,,
601390,中国中铁,土木工程建筑业,E48,2015-02,09/01/2015,-0.072043,52981,228281,,,,,2197,701,572,924,3522921,4169
601390,中国中铁,土木工程建筑业,E48,2015-03,16/01/2015,-0.012746,40582,170484,,,,,2022,629,529,864,3129661,4830
601390,中国中铁,土木工程建筑业,E48,2015-04,23/01/2015,-0.048122,38434,159718,,,,,1441,426,377,638,2287929,2388
601390,中国中铁,土木工程建筑业,E48,2015-05,30/01/2015,0.003699,39700,155223,,,,,2197,599,596,1002,5401779,6628
601390,中国中铁,土木工程建筑业,E48,2015-07,13/02/2015,0.039312,33096,150821,23,102,12,173,2605,699,658,1248,5345189,6421
601390,中国中铁,土木工程建筑业,E48,2015-08,17/02/2015,-0.013002,,,,,,,,,,,,
601390,中国中铁,土木工程建筑业,E48,2015-09,27/02/2015,0.027545,23407,89891,,,,,1478,312,432,734,2358307,2741
601390,中国中铁,土木工程建筑业,E48,2015-10,06/03/2015,-0.04662,34854,137569,,,,,2295,584,667,1044,5179918,8979
601390,中国中铁,土木工程建筑业,E48,2015-11,13/03/2015,0.01956,29810,122677,,,,,1656,461,452,743,2631195,2891
601390,中国中铁,土木工程建筑业,E48,2015-12,20/03/2015,0.23741,56732,268495,,,,,3417,1111,728,1578,8956832,16352
601390,中国中铁,土木工程建筑业,E48,2015-13,27/03/2015,0.213178,97237,552458,,,,,5854,1955,1221,2678,15321391,24960
601390,中国中铁,土木工程建筑业,E48,2015-14,03/04/2015,0.007987,84234,440200,32,69,7,132,4817,1502,1130,2185,14114612,20881
601390,中国中铁,土木工程建筑业,E48,2015-15,10/04/2015,0.006339,64677,337507,28,1,5,60,3402,1031,783,1588,10172362,13164
601390,中国中铁,土木工程建筑业,E48,2015-16,17/04/2015,0.417323,124243,794344,,,,,8474,2426,1951,4097,25306358,31643
601390,中国中铁,土木工程建筑业,E48,2015-17,24/04/2015,0.071111,149623,1093563,,,,,11975,3693,2894,5388,25320412,37737
601390,中国中铁,土木工程建筑业,E48,2015-18,30/04/2015,0.10529,,,,,,,,,,,,
601390,中国中铁,土木工程建筑业,E48,2015-19,08/05/2015,-0.085406,117639,870381,23,29,2,76,9773,2443,2878,4452,15615221,29021
601390,中国中铁,土木工程建筑业,E48,2015-20,15/05/2015,0.031811,107246,811277,,,,,6840,2019,1538,3283,11774191,22482
601390,中国中铁,土木工程建筑业,E48,2015-21,22/05/2015,-0.002984,85373,674311,,,,,5830,1529,1590,2711,8902841,14304
601390,中国中铁,土木工程建筑业,E48,2015-22,29/05/2015,-0.106733,86307,727677,,,,,6062,1458,1715,2889,22588776,22646
601390,中国中铁,土木工程建筑业,E48,2015-23,05/06/2015,0.264098,91266,738123,,,,,6354,1854,1454,3046,12138008,19891
601390,中国中铁,土木工程建筑业,E48,2015-24,12/06/2015,-0.150265,104960,899381,,,,,7309,1651,2389,3269,13358932,20324
601390,中国中铁,土木工程建筑业,E48,2015-25,19/06/2015,-0.217641,76106,656995,,,,,6114,1251,2085,2778,9876130,21581
601390,中国中铁,土木工程建筑业,E48,2015-26,26/06/2015,-0.081388,54019,441656,,,,,2481,644,692,1145,4303951,6542
601390,中国中铁,土木工程建筑业,E48,2015-27,03/07/2015,-0.221496,71848,571120,,,,,3536,772,1106,1658,4848550,8324
601390,中国中铁,土木工程建筑业,E48,2015-28,10/07/2015,0.396455,76335,630713,,,,,2395,680,603,1112,3402690,4256
601390,中国中铁,土木工程建筑业,E48,2015-29,17/07/2015,-0.042084,60142,452618,,,,,2031,526,618,887,3497066,4992
601390,中国中铁,土木工程建筑业,E48,2015-30,24/07/2015,0.039749,58203,401785,,,,,2328,676,499,1153,5021155,5743
601390,中国中铁,土木工程建筑业,E48,2015-31,31/07/2015,-0.118712,42393,286435,,,,,1672,415,488,769,2321968,2949
601390,中国中铁,土木工程建筑业,E48,2015-32,07/08/2015,0.019787,37847,238897,,,,,1500,357,450,693,2613081,3934
601390,中国中铁,土木工程建筑业,E48,2015-33,14/08/2015,0.127612,44586,275593,,,,,1316,382,338,596,2947455,3355
601390,中国中铁,土木工程建筑业,E48,2015-34,21/08/2015,-0.179351,35193,208461,,,,,1051,228,346,477,1891853,2443
601390,中国中铁,土木工程建筑业,E48,2015-35,28/08/2015,-0.118548,31218,210479,,,,,1194,257,376,561,3686687,8446
601390,中国中铁,土木工程建筑业,E48,2015-36,02/09/2015,0.1043,,,,,,,,,,,,
601390,中国中铁,土木工程建筑业,E48,2015-37,11/09/2015,-0.07208,25373,154745,,,,,975,232,292,451,1952059,2775
601390,中国中铁,土木工程建筑业,E48,2015-39,25/09/2015,0.022321,28493,168812,21,35,14,125,1282,318,355,609,2515628,2714
601390,中国中铁,土木工程建筑业,E48,2015-40,30/09/2015,-0.044541,,,,,,,,,,,,
601390,中国中铁,土木工程建筑业,E48,2015-41,09/10/2015,0.031993,10023,51891,,,,,317,73,85,159,723434,830
601390,中国中铁,土木工程建筑业,E48,2015-42,16/10/2015,0.091231,22708,120108,,,,,798,229,214,355,1174957,1544
601390,中国中铁,土木工程建筑业,E48,2015-43,23/10/2015,0.046266,29989,181552,,,,,1632,434,425,773,2725133,2920
601390,中国中铁,土木工程建筑业,E48,2015-44,30/10/2015,-0.044996,21304,115991,,,,,1121,239,388,494,1098509,1513
601390,中国中铁,土木工程建筑业,E48,2015-45,06/11/2015,0.081235,22726,120678,80,47,38,268,1151,321,308,522,1409240,2027
601390,中国中铁,土木工程建筑业,E48,2015-46,13/11/2015,-0.061608,21451,109786,,,,,1167,262,372,533,1103520,1312
601390,中国中铁,土木工程建筑业,E48,2015-47,20/11/2015,0.01281,18326,97267,,,,,925,224,291,410,978162,1221
601390,中国中铁,土木工程建筑业,E48,2015-48,27/11/2015,-0.095652,17612,95705,,,,,1160,228,384,548,982197,1196
601390,中国中铁,土木工程建筑业,E48,2015-49,04/12/2015,0.017483,16534,88186,,,,,1051,269,304,478,1116791,1674
601390,中国中铁,土木工程建筑业,E48,2015-50,11/12/2015,-0.071306,15048,76938,,,,,1195,222,439,534,1802902,1689
601390,中国中铁,土木工程建筑业,E48,2015-51,18/12/2015,0.051804,15706,80629,,,,,1035,264,281,490,1921644,2113
601390,中国中铁,土木工程建筑业,E48,2015-52,25/12/2015,-0.021988,15591,75527,,,,,1229,235,390,604,1536017,1628
601390,中国中铁,土木工程建筑业,E48,2015-53,31/12/2015,-0.017986,,,,,,,,,,,,
601390,中国中铁,土木工程建筑业,E48,2016-02,08/01/2016,-0.148352,14529,76040,,,,,746,149,235,362,1665058,1200
601390,中国中铁,土木工程建筑业,E48,2016-03,15/01/2016,-0.097849,14572,75552,,,,,774,151,267,356,1694139,1113
601390,中国中铁,土木工程建筑业,E48,2016-04,22/01/2016,0.058403,15197,80325,,,,,624,144,179,301,1379735,1185
601390,中国中铁,土木工程建筑业,E48,2016-05,29/01/2016,-0.103604,13707,68781,,,,,692,146,211,335,2006165,1073
601390,中国中铁,土木工程建筑业,E48,2016-06,05/02/2016,-0.028894,11132,52638,,,,,357,57,120,180,1155303,423
601390,中国中铁,土木工程建筑业,E48,2016-08,19/02/2016,0.031048,11815,49421,,,,,315,52,99,164,705831,375
601390,中国中铁,土木工程建筑业,E48,2016-09,26/02/2016,-0.053952,12231,55331,,,,,293,69,87,137,585723,264
601390,中国中铁,土木工程建筑业,E48,2016-10,04/03/2016,0.054377,11448,55590,,,,,325,68,95,162,997203,434
601390,中国中铁,土木工程建筑业,E48,2016-11,11/03/2016,-0.002516,10967,53310,,,,,315,91,79,145,867701,339
601390,中国中铁,土木工程建筑业,E48,2016-12,18/03/2016,0.032787,10334,51129,,,,,478,99,138,241,961277,905
601390,中国中铁,土木工程建筑业,E48,2016-13,25/03/2016,-0.007326,10947,57244,,,,,421,93,130,198,786844,447
601390,中国中铁,土木工程建筑业,E48,2016-14,01/04/2016,0.00984,9655,46331,,,,,368,86,103,179,1231474,434
601390,中国中铁,土木工程建筑业,E48,2016-15,08/04/2016,-0.029233,8361,40244,,,,,320,73,83,164,947864,451
601390,中国中铁,土木工程建筑业,E48,2016-16,15/04/2016,0.027604,9056,45098,,,,,391,87,119,185,956217,551
601390,中国中铁,土木工程建筑业,E48,2016-17,22/04/2016,-0.062271,8058,36993,,,,,398,87,123,188,929721,475
601390,中国中铁,土木工程建筑业,E48,2016-18,29/04/2016,-0.026042,7735,35610,,,,,1809,841,101,867,847820,327
601390,中国中铁,土木工程建筑业,E48,2016-19,06/05/2016,-0.014706,6769,32859,,,,,1309,507,78,724,566128,261
601390,中国中铁,土木工程建筑业,E48,2016-20,13/05/2016,-0.033921,7886,37741,,,,,927,207,97,623,609940,667
601390,中国中铁,土木工程建筑业,E48,2016-21,20/05/2016,-0.007022,7435,35336,,,,,1017,136,149,732,793251,456
601390,中国中铁,土木工程建筑业,E48,2016-22,27/05/2016,-0.016973,7182,33232,,,,,882,128,211,543,1076290,478
601390,中国中铁,土木工程建筑业,E48,2016-23,03/06/2016,0.034532,8283,38695,,,,,786,97,86,603,684207,528
601390,中国中铁,土木工程建筑业,E48,2016-24,08/06/2016,-0.015299,,,,,,,,,,,,
601390,中国中铁,土木工程建筑业,E48,2016-25,17/06/2016,-0.04661,7855,34539,,,,,458,102,127,229,838170,570
601390,中国中铁,土木工程建筑业,E48,2016-26,24/06/2016,-0.023704,7811,31969,,,,,416,82,128,206,659362,393
601390,中国中铁,土木工程建筑业,E48,2016-27,01/07/2016,0.051593,8380,40735,,,,,490,131,111,248,470868,503
601390,中国中铁,土木工程建筑业,E48,2016-28,08/07/2016,0.008658,8392,40188,,,,,279,74,71,134,265539,191
601390,中国中铁,土木工程建筑业,E48,2016-29,15/07/2016,0.011445,8169,38936,,,,,288,64,71,153,342631,638
601390,中国中铁,土木工程建筑业,E48,2016-30,22/07/2016,-0.019802,8615,37241,,,,,281,70,66,145,325664,407
601390,中国中铁,土木工程建筑业,E48,2016-31,29/07/2016,-0.012987,8604,36284,,,,,263,65,69,129,336293,270
601390,中国中铁,土木工程建筑业,E48,2016-32,05/08/2016,-0.004386,8216,34528,,,,,230,53,61,116,254528,219
601390,中国中铁,土木工程建筑业,E48,2016-33,12/08/2016,0.036123,9064,36564,,,,,302,78,79,145,271180,238
601390,中国中铁,土木工程建筑业,E48,2016-34,19/08/2016,0.144907,11577,53728,,,,,589,172,95,322,798693,1757
601390,中国中铁,土木工程建筑业,E48,2016-35,26/08/2016,-0.06391,14313,67881,,,,,746,178,208,360,800277,1162
601390,中国中铁,土木工程建筑业,E48,2016-36,02/09/2016,0.017403,10025,46447,,,,,438,106,106,226,501276,935
601390,中国中铁,土木工程建筑业,E48,2016-37,09/09/2016,-0.001316,9394,43502,,,,,428,93,98,237,366721,626
601390,中国中铁,土木工程建筑业,E48,2016-38,14/09/2016,-0.038208,,,,,,,,,,,,
601390,中国中铁,土木工程建筑业,E48,2016-39,23/09/2016,-0.00274,7713,34449,,,,,340,62,115,163,264586,218
601390,中国中铁,土木工程建筑业,E48,2016-40,30/09/2016,-0.03022,7131,30752,,,,,314,73,91,150,225484,241
601390,中国中铁,土木工程建筑业,E48,2016-42,14/10/2016,0.110482,9081,41539,,,,,308,94,59,155,406404,298
601390,中国中铁,土木工程建筑业,E48,2016-43,21/10/2016,0.149235,15513,78604,,,,,891,340,143,408,925262,2089
601390,中国中铁,土木工程建筑业,E48,2016-44,28/10/2016,-0.076582,12863,62721,,,,,351,110,88,153,423590,535
601390,中国中铁,土木工程建筑业,E48,2016-45,04/11/2016,0.045673,11208,52632,,,,,371,133,73,165,355103,299
601390,中国中铁,土木工程建筑业,E48,2016-46,11/11/2016,0.021839,11579,54373,,,,,400,93,122,185,342942,405
601390,中国中铁,土木工程建筑业,E48,2016-47,18/11/2016,0.03712,13455,70469,,,,,403,111,80,212,455844,453
601390,中国中铁,土木工程建筑业,E48,2016-48,25/11/2016,0.02603,11774,59823,,,,,428,130,91,207,427043,523
601390,中国中铁,土木工程建筑业,E48,2016-49,02/12/2016,0.052854,14944,87885,,,,,630,203,131,296,1171356,829
601390,中国中铁,土木工程建筑业,E48,2016-50,09/12/2016,-0.085341,11999,64653,,,,,478,125,134,219,477601,398
601390,中国中铁,土木工程建筑业,E48,2016-51,16/12/2016,-0.063666,9804,51263,,,,,343,66,123,154,322815,400
601390,中国中铁,土木工程建筑业,E48,2016-52,23/12/2016,0.030481,9515,46335,,,,,232,86,52,94,255401,340
601390,中国中铁,土木工程建筑业,E48,2016-53,30/12/2016,0.007964,8652,41906,,,,,243,96,52,95,210865,305
601398,工商银行,货币金融服务,J66,2014-01,03/01/2014,-0.005587,2501,439852,,,,,142,42,37,63,361463,378
601398,工商银行,货币金融服务,J66,2014-02,10/01/2014,-0.008427,6020,952686,,,,,304,76,101,127,360896,567
601398,工商银行,货币金融服务,J66,2014-03,17/01/2014,-0.033994,6764,979943,,,,,698,191,226,281,868820,1342
601398,工商银行,货币金融服务,J66,2014-04,24/01/2014,-0.002933,6512,939885,,,,,352,112,98,142,614977,878
601398,工商银行,货币金融服务,J66,2014-05,30/01/2014,0.002941,,,,,,,,,,,,
601398,工商银行,货币金融服务,J66,2014-06,07/02/2014,-0.002933,2579,380451,,,,,84,31,28,25,139493,140
601398,工商银行,货币金融服务,J66,2014-07,14/02/2014,0.008824,7722,680474,,,,,210,68,38,104,262717,410
601398,工商银行,货币金融服务,J66,2014-08,21/02/2014,0.002915,7638,778338,,,,,200,66,47,87,250381,368
601398,工商银行,货币金融服务,J66,2014-09,28/02/2014,-0.02907,6813,692456,,,,,244,77,74,93,271098,260
601398,工商银行,货币金融服务,J66,2014-10,07/03/2014,-0.002994,6578,630213,,,,,205,74,49,82,248916,344
601398,工商银行,货币金融服务,J66,2014-11,14/03/2014,-0.027027,7967,668290,,,,,307,85,102,120,335263,378
601398,工商银行,货币金融服务,J66,2014-12,21/03/2014,0.030864,6801,653463,,,,,225,89,46,90,300202,344
601398,工商银行,货币金融服务,J66,2014-13,28/03/2014,0.035928,8754,828853,180,167,86,708,274,98,40,136,541681,464
601398,工商银行,货币金融服务,J66,2014-14,04/04/2014,-0.008671,8093,754994,,,,,128,40,39,49,259794,388
601398,工商银行,货币金融服务,J66,2014-15,11/04/2014,0.026239,7016,717119,,,,,97,42,14,41,134177,176
601398,工商银行,货币金融服务,J66,2014-16,18/04/2014,-0.014205,7609,746090,,,,,144,43,41,60,227283,286
601398,工商银行,货币金融服务,J66,2014-17,25/04/2014,-0.005764,6967,889995,,,,,132,23,48,61,167647,184
601398,工商银行,货币金融服务,J66,2014-18,30/04/2014,-0.002899,,,,,,,,,,,,
601398,工商银行,货币金融服务,J66,2014-19,09/05/2014,0.002907,6540,954242,,,,,111,33,35,43,159259,124
601398,工商银行,货币金融服务,J66,2014-20,16/05/2014,0.008696,7157,845354,,,,,124,36,39,49,193439,277
601398,工商银行,货币金融服务,J66,2014-21,23/05/2014,0.011494,6726,747200,,,,,111,42,21,48,352283,502
601398,工商银行,货币金融服务,J66,2014-22,30/05/2014,0.011364,7008,698525,,,,,110,35,28,47,166032,165
601398,工商银行,货币金融服务,J66,2014-23,06/06/2014,0.014045,6672,615211,,,,,144,58,26,60,409123,492
601398,工商银行,货币金融服务,J66,2014-24,13/06/2014,0.036011,8964,736620,,,,,215,81,52,82,331820,325
601398,工商银行,货币金融服务,J66,2014-25,20/06/2014,-0.007567,9168,844396,,,,,215,80,51,84,390572,668
601398,工商银行,货币金融服务,J66,2014-26,27/06/2014,-0.017391,7482,805977,,,,,126,47,28,51,259357,196
601398,工商银行,货币金融服务,J66,2014-27,04/07/2014,0.00885,6809,838413,,,,,81,36,13,32,159739,90
601398,工商银行,货币金融服务,J66,2014-28,11/07/2014,0.005848,6838,793659,,,,,84,35,10,39,181420,65
601398,工商银行,货币金融服务,J66,2014-29,18/07/2014,0.002907,6387,820620,,,,,60,26,14,20,157195,88
601398,工商银行,货币金融服务,J66,2014-30,25/07/2014,0.02029,6952,749277,,,,,98,40,21,37,271862,116
601398,工商银行,货币金融服务,J66,2014-31,01/08/2014,0.019886,8762,714517,26,112,10,354,139,66,21,52,292999,103
601398,工商银行,货币金融服务,J66,2014-32,08/08/2014,-0.022284,7714,691530,,,,,132,39,26,67,324604,275
601398,工商银行,货币金融服务,J66,2014-33,15/08/2014,0.002849,7405,756341,,,,,97,45,8,44,236604,175
601398,工商银行,货币金融服务,J66,2014-34,22/08/2014,-0.002841,6917,680083,,,,,93,36,18,39,188031,129
601398,工商银行,货币金融服务,J66,2014-35,29/08/2014,-0.014245,6296,742455,195,112,66,604,158,49,29,80,494512,276
601398,工商银行,货币金融服务,J66,2014-36,05/09/2014,0.043353,7521,668741,,,,,168,76,20,72,426239,225
601398,工商银行,货币金融服务,J66,2014-37,12/09/2014,-0.01108,6281,701823,,,,,124,48,17,59,463954,230
601398,工商银行,货币金融服务,J66,2014-38,19/09/2014,-0.002801,7296,817382,,,,,123,56,19,48,340584,88
601398,工商银行,货币金融服务,J66,2014-39,26/09/2014,-0.002809,7222,632278,,,,,169,62,41,66,270482,138
601398,工商银行,货币金融服务,J66,2014-40,30/09/2014,-0.005634,,,,,,,,,,,,
601398,工商银行,货币金融服务,J66,2014-41,10/10/2014,-0.005666,4772,669012,,,,,92,43,15,34,154649,133
601398,工商银行,货币金融服务,J66,2014-42,17/10/2014,0.002849,6948,571512,,,,,149,48,37,64,218135,113
601398,工商银行,货币金融服务,J66,2014-43,24/10/2014,0,6349,677415,,,,,110,50,16,44,186105,90
601398,工商银行,货币金融服务,J66,2014-44,31/10/2014,0.039773,6821,575411,77,106,40,403,153,56,18,79,1005588,312
601398,工商银行,货币金融服务,J66,2014-45,07/11/2014,-0.02459,7246,522801,,,,,270,101,46,123,663601,349
601398,工商银行,货币金融服务,J66,2014-46,14/11/2014,0.058824,9424,546457,,,,,348,120,100,128,900955,602
601398,工商银行,货币金融服务,J66,2014-47,21/11/2014,-0.013228,8539,861086,,,,,323,111,61,151,746220,408
601398,工商银行,货币金融服务,J66,2014-48,28/11/2014,0.08311,10971,897221,,,,,320,134,46,140,974045,587
601398,工商银行,货币金融服务,J66,2014-49,05/12/2014,0.136139,19189,729322,,,,,620,208,108,304,1698348,1082
601398,工商银行,货币金融服务,J66,2014-50,12/12/2014,-0.082789,22641,774112,1,15,1,32,652,229,146,277,1441863,2254
601398,工商银行,货币金融服务,J66,2014-51,19/12/2014,0.047506,19990,735902,,,,,665,233,151,281,1101912,1341
601398,工商银行,货币金融服务,J66,2014-52,26/12/2014,0.047619,24561,644671,,,,,951,348,199,404,1735956,2008
601398,工商银行,货币金融服务,J66,2014-53,31/12/2014,0.054113,,,,,,,,,,,,
601398,工商银行,货币金融服务,J66,2015-02,09/01/2015,0.002053,28149,813565,,,,,974,338,225,411,1387202,1766
601398,工商银行,货币金融服务,J66,2015-03,16/01/2015,0.055328,21797,583442,6,11,0,18,730,268,153,309,1289522,2058
601398,工商银行,货币金融服务,J66,2015-04,23/01/2015,-0.03301,23965,643282,,,,,1026,356,248,422,2036564,14081
601398,工商银行,货币金融服务,J66,2015-05,30/01/2015,-0.088353,20695,666061,,,,,1047,271,288,488,1560890,2960
601398,工商银行,货币金融服务,J66,2015-06,06/02/2015,-0.052863,19966,726193,,,,,1199,329,311,559,2004176,3609
601398,工商银行,货币金融服务,J66,2015-07,13/02/2015,0.032558,17358,843258,,,,,870,350,150,370,1836321,3277
601398,工商银行,货币金融服务,J66,2015-08,17/02/2015,0.011261,,,,,,,,,,,,
601398,工商银行,货币金融服务,J66,2015-09,27/02/2015,0.020045,11803,617674,,,,,519,209,69,241,1131662,1167
601398,工商银行,货币金融服务,J66,2015-10,06/03/2015,-0.052402,18230,1062113,,,,,655,223,133,299,2122269,4948
601398,工商银行,货币金融服务,J66,2015-11,13/03/2015,0.052995,19471,824178,,,,,671,262,121,288,1251139,2059
601398,工商银行,货币金融服务,J66,2015-12,20/03/2015,0.032823,21316,854925,,,,,751,308,148,295,1343848,2396
601398,工商银行,货币金融服务,J66,2015-13,27/03/2015,-0.002119,23822,871385,91,61,21,302,1382,497,243,642,2346899,3616
601398,工商银行,货币金融服务,J66,2015-14,03/04/2015,0.03397,27564,914395,32,37,8,179,1036,343,212,481,1813856,2520
601398,工商银行,货币金融服务,J66,2015-15,10/04/2015,0.047228,24220,857163,,,,,774,287,142,345,1479651,2736
601398,工商银行,货币金融服务,J66,2015-16,17/04/2015,0.105882,35833,1040910,,,,,1070,384,211,475,2235940,2511
601398,工商银行,货币金融服务,J66,2015-17,24/04/2015,-0.054965,35492,1035877,,,,,1774,535,405,834,2845999,4060
601398,工商银行,货币金融服务,J66,2015-18,30/04/2015,0.015009,,,,,,,,,,,,
601398,工商银行,货币金融服务,J66,2015-19,08/05/2015,-0.048059,26655,872963,23,23,9,135,1448,407,317,724,2187821,4299
601398,工商银行,货币金融服务,J66,2015-20,15/05/2015,-0.013592,23820,880734,,,,,1637,515,360,762,2109304,4515
601398,工商银行,货币金融服务,J66,2015-21,22/05/2015,0.049213,23055,926879,,,,,1100,348,258,494,1454961,2574
601398,工商银行,货币金融服务,J66,2015-22,29/05/2015,-0.04878,26737,990609,,,,,1802,493,380,929,3296251,9093
601398,工商银行,货币金融服务,J66,2015-23,05/06/2015,0.04931,26204,1009945,,,,,1445,431,345,669,1705235,2728
601398,工商银行,货币金融服务,J66,2015-24,12/06/2015,0.022556,29878,1000462,,,,,1374,434,304,636,1832725,2650
601398,工商银行,货币金融服务,J66,2015-25,19/06/2015,-0.086397,25105,980678,,,,,1580,435,429,716,1901113,2483
601398,工商银行,货币金融服务,J66,2015-26,26/06/2015,0.002012,22986,871281,,,,,1246,391,309,546,1612433,3104
601398,工商银行,货币金融服务,J66,2015-27,03/07/2015,0.066265,34159,1129484,,,,,1716,572,379,765,1776667,2922
601398,工商银行,货币金融服务,J66,2015-28,10/07/2015,0.091412,55427,1247831,,,,,2663,777,627,1259,2904328,5313
601398,工商银行,货币金融服务,J66,2015-29,17/07/2015,-0.059567,33976,1085867,,,,,2087,506,572,1009,2724113,4671
601398,工商银行,货币金融服务,J66,2015-30,24/07/2015,-0.021113,20934,967540,,,,,1570,406,472,692,1533147,2686
601398,工商银行,货币金融服务,J66,2015-31,31/07/2015,-0.052941,21038,932801,,,,,1569,387,458,724,1696433,2507
601398,工商银行,货币金融服务,J66,2015-32,07/08/2015,0.00207,15867,898688,,,,,834,215,208,411,1143908,2531
601398,工商银行,货币金融服务,J66,2015-33,14/08/2015,-0.014463,14762,949120,,,,,826,222,252,352,1121428,1176
601398,工商银行,货币金融服务,J66,2015-34,21/08/2015,-0.048218,15412,973931,,,,,1151,277,375,499,1718527,1445
601398,工商银行,货币金融服务,J66,2015-35,28/08/2015,-0.068282,20255,1010402,26,13,10,96,1126,291,336,499,2881091,2398
601398,工商银行,货币金融服务,J66,2015-36,02/09/2015,0.170213,,,,,,,,,,,,
601398,工商银行,货币金融服务,J66,2015-37,11/09/2015,-0.105051,17464,989307,11,14,5,45,1749,419,504,826,1599589,3074
601398,工商银行,货币金融服务,J66,2015-38,18/09/2015,0.004515,13622,943369,,,,,1253,312,285,656,1096101,1562
601398,工商银行,货币金融服务,J66,2015-39,25/09/2015,0,10470,865868,,,,,511,125,151,235,970953,651
601398,工商银行,货币金融服务,J66,2015-40,30/09/2015,-0.029213,,,,,,,,,,,,
601398,工商银行,货币金融服务,J66,2015-41,09/10/2015,0.027778,5173,684249,,,,,99,31,26,42,204616,92
601398,工商银行,货币金融服务,J66,2015-42,16/10/2015,0.013514,9268,963643,,,,,257,71,62,124,643654,3509
601398,工商银行,货币金融服务,J66,2015-43,23/10/2015,0.024444,10922,900844,,,,,837,244,195,398,1771396,1874
601398,工商银行,货币金融服务,J66,2015-44,30/10/2015,-0.008677,9678,895667,,,,,681,222,154,305,609700,678
601398,工商银行,货币金融服务,J66,2015-45,06/11/2015,0.017505,10192,847415,30,30,9,117,592,172,152,268,650909,724
601398,工商银行,货币金融服务,J66,2015-46,13/11/2015,-0.010753,10712,1318273,,,,,452,124,80,248,565258,857
601398,工商银行,货币金融服务,J66,2015-47,20/11/2015,0.013043,9463,917473,,,,,352,116,63,173,478994,450
601398,工商银行,货币金融服务,J66,2015-48,27/11/2015,-0.017167,8709,875079,,,,,363,117,94,152,359940,288
601398,工商银行,货币金融服务,J66,2015-49,04/12/2015,0.024017,9972,946639,,,,,458,156,114,188,472544,548
601398,工商银行,货币金融服务,J66,2015-50,11/12/2015,-0.021322,8766,891919,,,,,275,50,98,127,749840,524
601398,工商银行,货币金融服务,J66,2015-51,18/12/2015,0.006536,8559,894177,,,,,270,95,55,120,924066,615
601398,工商银行,货币金融服务,J66,2015-52,25/12/2015,0.006494,8936,849562,5,14,9,82,323,113,76,134,671869,511
601398,工商银行,货币金融服务,J66,2015-53,31/12/2015,-0.015054,,,,,,,,,,,,
601398,工商银行,货币金融服务,J66,2016-02,08/01/2016,-0.026201,9518,1522384,,,,,507,150,124,233,1295729,1240
601398,工商银行,货币金融服务,J66,2016-03,15/01/2016,-0.05157,9171,1006989,,,,,425,99,114,212,965931,735
601398,工商银行,货币金融服务,J66,2016-04,22/01/2016,-0.002364,7962,1244717,,,,,309,103,70,136,688230,535
601398,工商银行,货币金融服务,J66,2016-05,29/01/2016,-0.028436,7834,897235,,,,,382,93,102,187,853261,883
601398,工商银行,货币金融服务,J66,2016-06,05/02/2016,-0.021951,6737,896343,,,,,355,106,84,165,1009149,902
601398,工商银行,货币金融服务,J66,2016-08,19/02/2016,0.002494,8711,725412,,,,,230,77,63,90,809912,492
601398,工商银行,货币金融服务,J66,2016-09,26/02/2016,0,7836,779544,,,,,277,80,76,121,886259,813
601398,工商银行,货币金融服务,J66,2016-10,04/03/2016,0.072139,8363,810972,,,,,392,116,96,180,1317512,1276
601398,工商银行,货币金融服务,J66,2016-11,11/03/2016,0.006961,8661,772167,,,,,328,116,50,162,627156,402
601398,工商银行,货币金融服务,J66,2016-12,18/03/2016,-0.009217,8055,754306,,,,,284,83,72,129,640345,395
601398,工商银行,货币金融服务,J66,2016-13,25/03/2016,-0.004651,7472,776757,,,,,242,63,52,127,705824,475
601398,工商银行,货币金融服务,J66,2016-14,01/04/2016,0.004673,7624,763891,,,,,305,100,62,143,1433017,765
601398,工商银行,货币金融服务,J66,2016-15,08/04/2016,-0.009302,5562,682309,,,,,191,58,46,87,777236,693
601398,工商银行,货币金融服务,J66,2016-16,15/04/2016,0.00939,6118,731097,,,,,247,94,62,91,1886943,2135
601398,工商银行,货币金融服务,J66,2016-17,22/04/2016,-0.004651,5721,687937,,,,,187,61,47,79,494330,274
601398,工商银行,货币金融服务,J66,2016-18,29/04/2016,-0.004673,5553,721683,,,,,1648,814,55,779,747541,545
601398,工商银行,货币金融服务,J66,2016-19,06/05/2016,-0.004695,4922,649837,,,,,1213,483,46,684,369563,295
601398,工商银行,货币金融服务,J66,2016-20,13/05/2016,-0.004717,6065,683707,,,,,869,199,60,610,584139,255
601398,工商银行,货币金融服务,J66,2016-21,20/05/2016,0.007109,5795,682061,,,,,778,135,60,583,567655,363
601398,工商银行,货币金融服务,J66,2016-22,27/05/2016,0.009412,5455,630481,,,,,647,111,105,431,488564,282
601398,工商银行,货币金融服务,J66,2016-23,03/06/2016,0.018648,5976,645529,,,,,624,55,35,534,496380,378
601398,工商银行,货币金融服务,J66,2016-24,08/06/2016,0.004577,,,,,,,,,,,,
601398,工商银行,货币金融服务,J66,2016-25,17/06/2016,-0.004556,6006,720262,,,,,179,55,43,81,393518,214
601398,工商银行,货币金融服务,J66,2016-26,24/06/2016,0.006865,5982,703124,,,,,171,63,25,83,418186,267
601398,工商银行,货币金融服务,J66,2016-27,01/07/2016,0.015909,6241,711327,,,,,143,61,15,67,219101,210
601398,工商银行,货币金融服务,J66,2016-28,08/07/2016,0.011924,8813,695058,,,,,245,85,47,113,273210,341
601398,工商银行,货币金融服务,J66,2016-29,15/07/2016,0.006993,8567,677812,,,,,98,47,13,38,94263,107
601398,工商银行,货币金融服务,J66,2016-30,22/07/2016,-0.009259,7182,657058,,,,,230,68,44,118,197772,100
601398,工商银行,货币金融服务,J66,2016-31,29/07/2016,0.004673,6632,650499,,,,,133,43,24,66,113508,81
601398,工商银行,货币金融服务,J66,2016-32,05/08/2016,0.006977,5628,662932,,,,,121,49,26,46,100522,108
601398,工商银行,货币金融服务,J66,2016-33,12/08/2016,0.039261,6788,677723,,,,,164,62,25,77,139769,227
601398,工商银行,货币金融服务,J66,2016-34,19/08/2016,-0.013333,8023,695383,,,,,242,78,75,89,195103,420
601398,工商银行,货币金融服务,J66,2016-35,26/08/2016,0.013514,6646,705355,,,,,125,42,17,66,85460,113
601398,工商银行,货币金融服务,J66,2016-36,02/09/2016,0.006667,6068,724875,,,,,111,39,18,54,115411,132
601398,工商银行,货币金融服务,J66,2016-37,09/09/2016,-0.011038,5904,704814,,,,,254,64,58,132,179098,169
601398,工商银行,货币金融服务,J66,2016-38,14/09/2016,-0.024554,,,,,,,,,,,,
601398,工商银行,货币金融服务,J66,2016-39,23/09/2016,0.016018,5341,770400,,,,,79,37,9,33,74803,129
601398,工商银行,货币金融服务,J66,2016-40,30/09/2016,-0.002252,4925,763572,,,,,110,41,16,53,81692,72
601398,工商银行,货币金融服务,J66,2016-42,14/10/2016,-0.002257,5049,849561,,,,,68,22,11,35,61189,38
601398,工商银行,货币金融服务,J66,2016-43,21/10/2016,-0.002262,4916,758522,,,,,116,35,20,61,109025,346
601398,工商银行,货币金融服务,J66,2016-44,28/10/2016,0.006803,5133,953058,,,,,164,61,28,75,245209,910
601398,工商银行,货币金融服务,J66,2016-45,04/11/2016,-0.006757,4844,721889,,,,,109,30,16,63,85857,78
601398,工商银行,货币金融服务,J66,2016-46,11/11/2016,0,5129,736549,,,,,132,32,38,62,98931,105
601398,工商银行,货币金融服务,J66,2016-47,18/11/2016,-0.004535,5068,695432,,,,,170,54,43,73,120140,119
601398,工商银行,货币金融服务,J66,2016-48,25/11/2016,0.025057,5880,661545,,,,,110,31,16,63,91048,153
601398,工商银行,货币金融服务,J66,2016-49,02/12/2016,0.004444,6644,716639,,,,,93,39,9,45,111629,85
601398,工商银行,货币金融服务,J66,2016-50,09/12/2016,0.015487,5801,702230,,,,,97,27,13,57,102161,100
601398,工商银行,货币金融服务,J66,2016-51,16/12/2016,-0.034858,6526,712700,,,,,175,47,39,89,97657,185
601398,工商银行,货币金融服务,J66,2016-52,23/12/2016,-0.006772,5031,727771,,,,,92,33,11,48,67663,74
601398,工商银行,货币金融服务,J66,2016-53,30/12/2016,0.002273,4673,998135,,,,,78,27,16,35,47734,65
601601,中国太保,保险业,J68,2014-01,03/01/2014,-0.043173,1575,3887,29,69,7,149,79,26,20,33,124513,282
601601,中国太保,保险业,J68,2014-02,10/01/2014,-0.038353,4055,9671,,,,,152,55,28,69,212826,346
601601,中国太保,保险业,J68,2014-03,17/01/2014,-0.00176,3613,8884,75,143,33,446,100,40,14,46,148496,149
601601,中国太保,保险业,J68,2014-04,24/01/2014,-0.001175,3891,9745,,,,,133,50,28,55,219771,316
601601,中国太保,保险业,J68,2014-05,30/01/2014,-0.037059,,,,,,,,,,,,
601601,中国太保,保险业,J68,2014-06,07/02/2014,-0.015272,2043,5994,,,,,61,25,14,22,133682,233
601601,中国太保,保险业,J68,2014-07,14/02/2014,0.027295,5864,13437,,,,,172,55,49,68,267036,366
601601,中国太保,保险业,J68,2014-08,21/02/2014,-0.009662,5468,13554,,,,,141,61,26,54,215128,299
601601,中国太保,保险业,J68,2014-09,28/02/2014,-0.018902,4797,12691,11,19,4,55,158,42,37,79,227510,352
601601,中国太保,保险业,J68,2014-10,07/03/2014,-0.022374,5162,12858,4,6,2,41,213,44,81,88,290343,464
601601,中国太保,保险业,J68,2014-11,14/03/2014,-0.039415,5250,12904,,,,,263,52,95,116,329113,420
601601,中国太保,保险业,J68,2014-12,21/03/2014,0.026473,4917,12240,,,,,220,69,45,106,410037,650
601601,中国太保,保险业,J68,2014-13,28/03/2014,0.015474,5136,13061,,,,,152,67,14,71,306220,484
601601,中国太保,保险业,J68,2014-14,04/04/2014,0.011429,5139,12589,348,279,60,991,99,37,19,43,227787,208
601601,中国太保,保险业,J68,2014-15,11/04/2014,0.08914,5512,13123,,,,,100,31,20,49,259983,577
601601,中国太保,保险业,J68,2014-16,18/04/2014,-0.050144,5499,13044,,,,,111,32,39,40,174937,175
601601,中国太保,保险业,J68,2014-17,25/04/2014,-0.012743,4597,11662,156,145,41,645,69,18,14,37,149271,512
601601,中国太保,保险业,J68,2014-18,30/04/2014,0.002459,,,,,,,,,,,,
601601,中国太保,保险业,J68,2014-19,09/05/2014,-0.010423,3954,9862,7,8,0,44,60,23,18,19,135022,114
601601,中国太保,保险业,J68,2014-20,16/05/2014,0.008055,4458,10687,31,67,5,131,49,17,18,14,102423,60
601601,中国太保,保险业,J68,2014-21,23/05/2014,0.00799,3800,9496,,,,,43,18,10,15,120203,95
601601,中国太保,保险业,J68,2014-22,30/05/2014,0.023171,3907,10084,,,,,66,32,10,24,170486,315
601601,中国太保,保险业,J68,2014-23,06/06/2014,0.009535,3346,8703,,,,,42,15,9,18,114903,152
601601,中国太保,保险业,J68,2014-24,13/06/2014,0.0366,3939,10326,,,,,41,13,5,23,92407,74
601601,中国太保,保险业,J68,2014-25,20/06/2014,0.027335,4581,11265,,,,,69,27,12,30,193843,236
601601,中国太保,保险业,J68,2014-26,27/06/2014,-0.025499,3885,10787,20,43,6,96,73,32,18,23,185224,270
601601,中国太保,保险业,J68,2014-27,04/07/2014,0.036974,4183,10463,,,,,75,22,19,34,143873,152
601601,中国太保,保险业,J68,2014-28,11/07/2014,-0.03017,3669,9843,21,38,4,145,112,49,22,41,200048,133
601601,中国太保,保险业,J68,2014-29,18/07/2014,0.035633,3662,9584,3,19,1,51,66,29,12,25,146215,102
601601,中国太保,保险业,J68,2014-30,25/07/2014,0.093802,4909,11785,8,11,1,48,59,29,8,22,151451,199
601601,中国太保,保险业,J68,2014-31,01/08/2014,0.004594,5450,12711,,,,,64,26,13,25,142314,109
601601,中国太保,保险业,J68,2014-32,08/08/2014,-0.016768,4848,11980,,,,,67,20,18,29,140726,127
601601,中国太保,保险业,J68,2014-33,15/08/2014,0.059432,4602,12008,,,,,61,19,12,30,125915,92
601601,中国太保,保险业,J68,2014-34,22/08/2014,-0.019512,4419,11474,,,,,78,33,12,33,138767,122
601601,中国太保,保险业,J68,2014-35,29/08/2014,-0.042786,4059,11623,447,306,72,1191,109,28,18,63,165455,196
601601,中国太保,保险业,J68,2014-36,05/09/2014,0.068087,3852,10829,,,,,50,13,11,26,75435,110
601601,中国太保,保险业,J68,2014-37,12/09/2014,-0.040876,3258,9193,,,,,54,17,12,25,95755,118
601601,中国太保,保险业,J68,2014-38,19/09/2014,-0.008625,4289,11473,,,,,124,44,24,56,152611,133
601601,中国太保,保险业,J68,2014-39,26/09/2014,-0.012282,4022,11561,8,40,11,178,72,13,16,43,121636,120
601601,中国太保,保险业,J68,2014-40,30/09/2014,0.005699,,,,,,,,,,,,
601601,中国太保,保险业,J68,2014-41,10/10/2014,-0.000515,2710,8102,,,,,37,10,8,19,63001,69
601601,中国太保,保险业,J68,2014-42,17/10/2014,-0.009278,3905,10554,,,,,69,25,17,27,113525,96
601601,中国太保,保险业,J68,2014-43,24/10/2014,-0.004162,3604,10303,14,6,2,37,73,30,8,35,141679,131
601601,中国太保,保险业,J68,2014-44,31/10/2014,0.043365,4020,11761,233,212,67,995,121,32,21,68,251957,241
601601,中国太保,保险业,J68,2014-45,07/11/2014,0.006009,3936,10968,,,,,77,24,15,38,171823,147
601601,中国太保,保险业,J68,2014-46,14/11/2014,0.061722,4956,13586,,,,,144,38,30,76,314022,278
601601,中国太保,保险业,J68,2014-47,21/11/2014,-0.011252,4671,13504,,,,,185,54,31,100,377476,421
601601,中国太保,保险业,J68,2014-48,28/11/2014,0.14367,6879,18291,19,85,11,143,253,66,53,134,471272,440
601601,中国太保,保险业,J68,2014-49,05/12/2014,0.106136,8271,22884,19,33,3,55,246,69,44,133,444512,376
601601,中国太保,保险业,J68,2014-50,12/12/2014,-0.08021,9135,25190,2,7,2,65,299,81,65,153,655944,574
601601,中国太保,保险业,J68,2014-51,19/12/2014,0.085167,8107,22199,,,,,227,72,48,107,428206,379
601601,中国太保,保险业,J68,2014-52,26/12/2014,0.123545,8468,23523,,,,,360,125,57,178,738747,602
601601,中国太保,保险业,J68,2014-53,31/12/2014,0.079545,,,,,,,,,,,,
601601,中国太保,保险业,J68,2015-02,09/01/2015,-0.042724,9301,27112,,,,,481,142,128,211,1168695,1095
601601,中国太保,保险业,J68,2015-03,16/01/2015,0.09088,9384,26586,64,131,33,494,401,107,89,205,556410,771
601601,中国太保,保险业,J68,2015-04,23/01/2015,0.080937,11079,34159,,,,,774,230,176,368,1532951,1355
601601,中国太保,保险业,J68,2015-05,30/01/2015,-0.083653,12685,38510,,,,,804,227,199,378,1370205,2019
601601,中国太保,保险业,J68,2015-06,06/02/2015,-0.067345,10794,31209,,,,,507,119,161,227,815306,1357
601601,中国太保,保险业,J68,2015-07,13/02/2015,0.067715,8881,26298,,,,,325,81,113,131,411807,484
601601,中国太保,保险业,J68,2015-08,17/02/2015,0.046288,,,,,,,,,,,,
601601,中国太保,保险业,J68,2015-09,27/02/2015,-0.011491,6021,18710,,,,,164,48,45,71,336506,691
601601,中国太保,保险业,J68,2015-10,06/03/2015,-0.083115,10310,29834,,,,,464,103,129,232,703753,1041
601601,中国太保,保险业,J68,2015-11,13/03/2015,0.038035,10006,29048,,,,,375,109,84,182,618566,1718
601601,中国太保,保险业,J68,2015-12,20/03/2015,0.035115,9623,29330,,,,,394,113,106,175,859951,2128
601601,中国太保,保险业,J68,2015-13,27/03/2015,-0.053392,10719,31127,,,,,642,189,176,277,1098745,1684
601601,中国太保,保险业,J68,2015-14,03/04/2015,0.062636,13627,40831,242,190,50,846,508,144,119,245,975774,886
601601,中国太保,保险业,J68,2015-15,10/04/2015,0.051906,11392,34162,,,,,465,143,91,231,1131807,1315
601601,中国太保,保险业,J68,2015-16,17/04/2015,0.008921,12585,36455,,,,,778,217,159,402,1179875,1288
601601,中国太保,保险业,J68,2015-17,24/04/2015,-0.038961,12827,38598,,,,,873,220,230,423,1607372,2324
601601,中国太保,保险业,J68,2015-18,30/04/2015,0.00115,,,,,,,,,,,,
601601,中国太保,保险业,J68,2015-19,08/05/2015,-0.010913,14321,48263,83,76,20,404,1165,257,334,574,1884304,2739
601601,中国太保,保险业,J68,2015-20,15/05/2015,-0.028746,13210,40958,,,,,1167,284,320,563,1395551,2631
601601,中国太保,保险业,J68,2015-21,22/05/2015,0.031988,12098,37173,,,,,868,208,236,424,1056898,1512
601601,中国太保,保险业,J68,2015-22,29/05/2015,-0.066338,12533,39316,49,212,12,320,771,199,176,396,1229150,1664
601601,中国太保,保险业,J68,2015-23,05/06/2015,0.051815,12447,37942,1,7,0,39,830,192,262,376,1108579,1433
601601,中国太保,保险业,J68,2015-24,12/06/2015,0.015339,12903,39767,,,,,684,196,181,307,1017229,1344
601601,中国太保,保险业,J68,2015-25,19/06/2015,-0.155433,12031,37296,,,,,1173,264,350,559,1141584,2337
601601,中国太保,保险业,J68,2015-26,26/06/2015,-0.034744,9921,31291,,,,,567,123,187,257,602753,1006
601601,中国太保,保险业,J68,2015-27,03/07/2015,-0.021383,11677,40300,,,,,521,130,163,228,544897,964
601601,中国太保,保险业,J68,2015-28,10/07/2015,0.133285,13157,48769,,,,,683,180,189,314,632006,977
601601,中国太保,保险业,J68,2015-29,17/07/2015,-0.053021,10569,34822,,,,,555,144,169,242,668967,1210
601601,中国太保,保险业,J68,2015-30,24/07/2015,-0.033138,9686,29740,15,4,0,34,703,151,221,331,884929,1519
601601,中国太保,保险业,J68,2015-31,31/07/2015,-0.110318,9074,28713,,,,,576,119,191,266,709832,859
601601,中国太保,保险业,J68,2015-32,07/08/2015,0.007223,8268,24196,,,,,389,75,108,206,591831,584
601601,中国太保,保险业,J68,2015-33,14/08/2015,0.008765,7532,22905,,,,,332,60,118,154,721295,460
601601,中国太保,保险业,J68,2015-34,21/08/2015,-0.129937,7952,23776,,,,,532,100,157,275,315843,788
601601,中国太保,保险业,J68,2015-35,28/08/2015,0.012256,9028,27431,,,,,331,86,80,165,259341,486
601601,中国太保,保险业,J68,2015-36,02/09/2015,0.028251,,,,,,,,,,,,
601601,中国太保,保险业,J68,2015-37,11/09/2015,-0.006106,5408,17569,32,57,12,236,127,40,25,62,122171,144
601601,中国太保,保险业,J68,2015-38,18/09/2015,0.038175,5360,16571,,,,,116,45,24,47,413833,210
601601,中国太保,保险业,J68,2015-39,25/09/2015,-0.03973,4234,14333,12,4,3,40,129,46,18,65,209121,163
601601,中国太保,保险业,J68,2015-40,30/09/2015,-0.023327,,,,,,,,,,,,
601601,中国太保,保险业,J68,2015-41,09/10/2015,0.079766,2769,10221,,,,,84,23,30,31,76771,95
601601,中国太保,保险业,J68,2015-42,16/10/2015,0.03172,4205,14605,,,,,45,11,10,24,136435,58
601601,中国太保,保险业,J68,2015-43,23/10/2015,0.026294,4433,14670,,,,,74,31,16,27,498155,234
601601,中国太保,保险业,J68,2015-44,30/10/2015,-0.027986,4013,14175,,,,,101,37,29,35,371579,192
601601,中国太保,保险业,J68,2015-45,06/11/2015,0.126926,5755,18441,208,121,43,601,183,49,48,86,381589,369
601601,中国太保,保险业,J68,2015-46,13/11/2015,-0.04534,5597,17459,,,,,144,37,40,67,423824,403
601601,中国太保,保险业,J68,2015-47,20/11/2015,0.020731,4627,15875,,,,,113,39,19,55,308135,171
601601,中国太保,保险业,J68,2015-48,27/11/2015,-0.02548,4173,14595,,,,,98,38,23,37,220278,97
601601,中国太保,保险业,J68,2015-49,04/12/2015,0.054187,5072,16434,,,,,94,35,20,39,213903,120
601601,中国太保,保险业,J68,2015-50,11/12/2015,-0.021927,3894,14339,,,,,82,21,25,36,489725,127
601601,中国太保,保险业,J68,2015-51,18/12/2015,0.025358,4214,14594,,,,,117,39,21,57,520952,195
601601,中国太保,保险业,J68,2015-52,25/12/2015,0.089606,5046,16144,,,,,163,48,26,89,453942,239
601601,中国太保,保险业,J68,2015-53,31/12/2015,-0.050658,,,,,,,,,,,,
601601,中国太保,保险业,J68,2016-02,08/01/2016,-0.080042,3740,14538,,,,,68,18,18,32,215732,80
601601,中国太保,保险业,J68,2016-03,15/01/2016,-0.036158,3535,13603,,,,,91,29,20,42,329767,116
601601,中国太保,保险业,J68,2016-04,22/01/2016,-0.06526,3293,13216,,,,,178,31,62,85,455820,395
601601,中国太保,保险业,J68,2016-05,29/01/2016,-0.027174,3154,12592,,,,,99,27,30,42,307739,83
601601,中国太保,保险业,J68,2016-06,05/02/2016,-0.014611,2419,10694,,,,,70,22,17,31,460831,66
601601,中国太保,保险业,J68,2016-08,19/02/2016,0.018317,2762,11734,,,,,37,13,9,15,212635,55
601601,中国太保,保险业,J68,2016-09,26/02/2016,0.001713,2961,13082,,,,,52,12,14,26,268254,63
601601,中国太保,保险业,J68,2016-10,04/03/2016,0.075673,2975,13159,,,,,79,31,18,30,325026,74
601601,中国太保,保险业,J68,2016-11,11/03/2016,-0.021065,2905,13393,,,,,55,22,13,20,224238,65
601601,中国太保,保险业,J68,2016-12,18/03/2016,0.020706,3120,13594,,,,,104,30,30,44,447974,108
601601,中国太保,保险业,J68,2016-13,25/03/2016,0.045744,3260,13925,,,,,94,39,13,42,1510168,274
601601,中国太保,保险业,J68,2016-14,01/04/2016,0.003043,3370,14923,,,,,110,41,16,53,653893,110
601601,中国太保,保险业,J68,2016-15,08/04/2016,-0.01441,2443,11788,,,,,65,19,17,29,412780,156
601601,中国太保,保险业,J68,2016-16,15/04/2016,0.018853,2845,12746,,,,,125,39,34,52,483291,154
601601,中国太保,保险业,J68,2016-17,22/04/2016,0.044184,3500,13234,,,,,158,58,27,73,582990,469
601601,中国太保,保险业,J68,2016-18,29/04/2016,-0.001447,3169,12916,,,,,1591,769,23,799,537323,120
601601,中国太保,保险业,J68,2016-19,06/05/2016,-0.054328,7020,15900,,,,,1117,444,11,662,247073,105
601601,中国太保,保险业,J68,2016-20,13/05/2016,0.018384,11273,21080,,,,,735,153,31,551,329610,879
601601,中国太保,保险业,J68,2016-21,20/05/2016,0.013915,8727,18271,,,,,795,138,78,579,713040,318
601601,中国太保,保险业,J68,2016-22,27/05/2016,-0.011128,2335,11264,,,,,526,58,97,371,274718,129
601601,中国太保,保险业,J68,2016-23,03/06/2016,0.015754,2670,11849,,,,,519,30,15,474,198492,62
601601,中国太保,保险业,J68,2016-24,08/06/2016,-0.001846,,,,,,,,,,,,
601601,中国太保,保险业,J68,2016-25,17/06/2016,0.00259,2171,11125,,,,,75,27,15,33,283672,108
601601,中国太保,保险业,J68,2016-26,24/06/2016,-0.014022,2042,9815,,,,,136,50,27,59,220002,70
601601,中国太保,保险业,J68,2016-27,01/07/2016,0.011602,2081,9151,,,,,148,36,44,68,101854,168
601601,中国太保,保险业,J68,2016-28,08/07/2016,-0.011099,2272,8713,,,,,92,39,13,40,45219,38
601601,中国太保,保险业,J68,2016-29,15/07/2016,0.026562,2397,8528,,,,,93,40,17,36,65947,35
601601,中国太保,保险业,J68,2016-30,22/07/2016,-0.012391,2313,8282,,,,,73,32,17,24,75294,70
601601,中国太保,保险业,J68,2016-31,29/07/2016,-0.011439,2396,8300,,,,,107,29,20,58,123998,138
601601,中国太保,保险业,J68,2016-32,05/08/2016,-0.002986,2261,8186,,,,,76,36,11,29,76411,107
601601,中国太保,保险业,J68,2016-33,12/08/2016,0.016099,2568,8944,,,,,82,25,12,45,89887,106
601601,中国太保,保险业,J68,2016-34,19/08/2016,0.009946,2766,9286,,,,,64,25,8,31,50254,84
601601,中国太保,保险业,J68,2016-35,26/08/2016,0.004167,2441,8077,,,,,90,25,8,57,60182,140
601601,中国太保,保险业,J68,2016-36,02/09/2016,0.064881,2659,8726,,,,,125,51,11,63,99518,91
601601,中国太保,保险业,J68,2016-37,09/09/2016,0.041445,3009,9209,,,,,156,52,22,82,74411,51
601601,中国太保,保险业,J68,2016-38,14/09/2016,-0.031973,,,,,,,,,,,,
601601,中国太保,保险业,J68,2016-39,23/09/2016,0.036191,2376,7867,,,,,70,27,11,32,54858,64
601601,中国太保,保险业,J68,2016-40,30/09/2016,-0.025093,2328,7599,,,,,45,20,5,20,48579,65
601601,中国太保,保险业,J68,2016-42,14/10/2016,0.02713,2690,8779,,,,,54,18,5,31,46772,43
601601,中国太保,保险业,J68,2016-43,21/10/2016,-0.008805,2321,7924,,,,,35,9,4,22,36094,84
601601,中国太保,保险业,J68,2016-44,28/10/2016,0.003758,2278,8048,,,,,41,11,9,21,38734,92
601601,中国太保,保险业,J68,2016-45,04/11/2016,0.014295,2261,7431,,,,,40,10,4,26,55771,25
601601,中国太保,保险业,J68,2016-46,11/11/2016,0.006376,2312,7938,,,,,44,17,7,20,24796,39
601601,中国太保,保险业,J68,2016-47,18/11/2016,0.004335,2346,7895,,,,,43,18,7,18,41991,52
601601,中国太保,保险业,J68,2016-48,25/11/2016,0.033865,2634,8732,,,,,73,32,10,31,38639,42
601601,中国太保,保险业,J68,2016-49,02/12/2016,-0.024406,2340,8073,,,,,30,9,10,11,33053,24
601601,中国太保,保险业,J68,2016-50,09/12/2016,0.007571,2125,7683,,,,,38,14,6,18,14084,19
601601,中国太保,保险业,J68,2016-51,16/12/2016,-0.057498,2072,7961,,,,,69,21,14,34,30381,26
601601,中国太保,保险业,J68,2016-52,23/12/2016,-0.039168,1948,7588,,,,,77,17,15,45,43348,48
601601,中国太保,保险业,J68,2016-53,30/12/2016,0.001804,1856,7363,,,,,37,15,5,17,16725,38
601628,中国人寿,保险业,J68,2014-01,03/01/2014,-0.037013,1549,26773,28,47,3,105,64,25,15,24,95150,255
601628,中国人寿,保险业,J68,2014-02,10/01/2014,-0.018531,3765,60688,,,,,164,55,33,76,187781,351
601628,中国人寿,保险业,J68,2014-03,17/01/2014,0.020979,3493,57488,8,42,11,157,156,53,37,66,190498,391
601628,中国人寿,保险业,J68,2014-04,24/01/2014,-0.017123,3392,55688,,,,,145,53,23,69,175141,473
601628,中国人寿,保险业,J68,2014-05,30/01/2014,-0.043902,,,,,,,,,,,,
601628,中国人寿,保险业,J68,2014-06,07/02/2014,-0.010933,1713,35723,,,,,70,25,16,29,95023,139
601628,中国人寿,保险业,J68,2014-07,14/02/2014,0.035372,4334,59173,,,,,143,61,24,58,213201,483
601628,中国人寿,保险业,J68,2014-08,21/02/2014,0.007829,5146,63887,32,55,14,208,174,76,23,75,224064,494
601628,中国人寿,保险业,J68,2014-09,28/02/2014,-0.021893,4473,63339,,,,,155,68,21,66,213591,610
601628,中国人寿,保险业,J68,2014-10,07/03/2014,-0.017329,4395,60470,,,,,219,71,49,99,233082,542
601628,中国人寿,保险业,J68,2014-11,14/03/2014,-0.038207,4336,60469,,,,,177,52,42,83,223054,760
601628,中国人寿,保险业,J68,2014-12,21/03/2014,0.02903,4129,59785,,,,,200,82,28,90,297920,923
601628,中国人寿,保险业,J68,2014-13,28/03/2014,-0.000742,4778,67507,381,346,118,1240,228,105,35,88,329733,548
601628,中国人寿,保险业,J68,2014-14,04/04/2014,0.02526,3953,56648,,,,,115,53,20,42,149865,233
601628,中国人寿,保险业,J68,2014-15,11/04/2014,0.068116,4430,54290,,,,,87,35,16,36,193743,414
601628,中国人寿,保险业,J68,2014-16,18/04/2014,-0.037992,4144,59162,,,,,105,41,21,43,155336,312
601628,中国人寿,保险业,J68,2014-17,25/04/2014,-0.024683,3787,60220,12,4,3,34,114,47,27,40,197085,326
601628,中国人寿,保险业,J68,2014-18,30/04/2014,-0.015907,,,,,,,,,,,,
601628,中国人寿,保险业,J68,2014-19,09/05/2014,-0.007348,3417,61284,,,,,114,42,28,44,140116,367
601628,中国人寿,保险业,J68,2014-20,16/05/2014,0.011103,3710,64525,,,,,105,43,19,43,174596,349
601628,中国人寿,保险业,J68,2014-21,23/05/2014,0.010249,3235,63549,,,,,83,37,23,23,147958,467
601628,中国人寿,保险业,J68,2014-22,30/05/2014,0.014493,3380,57557,,,,,86,27,19,40,154364,358
601628,中国人寿,保险业,J68,2014-23,06/06/2014,0.012857,2781,47142,,,,,52,22,9,21,74681,214
601628,中国人寿,保险业,J68,2014-24,13/06/2014,0.019746,3857,54942,,,,,62,26,13,23,89342,151
601628,中国人寿,保险业,J68,2014-25,20/06/2014,-0.028354,4437,61987,,,,,274,60,82,132,490681,859
601628,中国人寿,保险业,J68,2014-26,27/06/2014,-0.018505,3441,58006,,,,,109,50,14,45,169813,462
601628,中国人寿,保险业,J68,2014-27,04/07/2014,0.020015,3332,51022,,,,,94,34,15,45,155089,346
601628,中国人寿,保险业,J68,2014-28,11/07/2014,-0.006541,3158,50526,,,,,91,38,16,37,157527,274
601628,中国人寿,保险业,J68,2014-29,18/07/2014,0,3280,53407,,,,,99,39,21,39,159453,304
601628,中国人寿,保险业,J68,2014-30,25/07/2014,0.054133,4171,54960,,,,,111,42,20,49,178215,432
601628,中国人寿,保险业,J68,2014-31,01/08/2014,0.045802,4950,56594,,,,,101,50,11,40,163707,300
601628,中国人寿,保险业,J68,2014-32,08/08/2014,-0.009954,4214,56131,,,,,129,47,24,58,212582,477
601628,中国人寿,保险业,J68,2014-33,15/08/2014,0.02681,4157,59374,,,,,158,63,29,66,238246,796
601628,中国人寿,保险业,J68,2014-34,22/08/2014,-0.01893,3640,58793,,,,,153,58,25,70,225659,649
601628,中国人寿,保险业,J68,2014-35,29/08/2014,-0.004657,3381,60219,256,195,55,871,160,79,21,60,314003,645
601628,中国人寿,保险业,J68,2014-36,05/09/2014,0.062834,4140,57539,,,,,123,51,14,58,207664,552
601628,中国人寿,保险业,J68,2014-37,12/09/2014,-0.013208,3539,53215,,,,,97,43,19,35,140160,326
601628,中国人寿,保险业,J68,2014-38,19/09/2014,-0.008286,3833,62637,,,,,111,41,21,49,170352,347
601628,中国人寿,保险业,J68,2014-39,26/09/2014,0.012853,3599,64754,,,,,108,40,20,48,167470,330
601628,中国人寿,保险业,J68,2014-40,30/09/2014,-0.013325,,,,,,,,,,,,
601628,中国人寿,保险业,J68,2014-41,10/10/2014,-0.001929,2542,54745,,,,,83,28,20,35,143408,267
601628,中国人寿,保险业,J68,2014-42,17/10/2014,-0.015464,3318,67715,,,,,125,43,24,58,215135,419
601628,中国人寿,保险业,J68,2014-43,24/10/2014,0,3198,68647,,,,,102,34,24,44,201301,320
601628,中国人寿,保险业,J68,2014-44,31/10/2014,0.057592,3646,70440,148,185,53,692,176,78,32,66,350376,472
601628,中国人寿,保险业,J68,2014-45,07/11/2014,-0.016708,4121,67958,,,,,137,52,21,64,287085,348
601628,中国人寿,保险业,J68,2014-46,14/11/2014,0.068597,5327,68646,8,58,15,135,144,73,25,46,327045,574
601628,中国人寿,保险业,J68,2014-47,21/11/2014,0.014134,4845,67799,,,,,218,75,33,110,449081,799
601628,中国人寿,保险业,J68,2014-48,28/11/2014,0.312427,8479,87322,100,306,20,566,345,131,44,170,712812,1053
601628,中国人寿,保险业,J68,2014-49,05/12/2014,0.142478,9976,95916,22,21,0,43,314,112,50,152,630809,1262
601628,中国人寿,保险业,J68,2014-50,12/12/2014,-0.102634,9879,101508,,,,,336,132,71,133,654448,1134
601628,中国人寿,保险业,J68,2014-51,19/12/2014,0.079845,8480,93044,22,141,8,225,279,100,59,120,555588,759
601628,中国人寿,保险业,J68,2014-52,26/12/2014,0.22542,10128,103965,15,74,6,110,663,243,127,293,1262387,2613
601628,中国人寿,保险业,J68,2014-53,31/12/2014,0.113829,,,,,,,,,,,,
601628,中国人寿,保险业,J68,2015-02,09/01/2015,-0.007906,12360,121745,,,,,776,229,182,365,1346673,2587
601628,中国人寿,保险业,J68,2015-03,16/01/2015,0.086187,13508,117271,42,103,30,413,800,294,144,362,1676655,2956
601628,中国人寿,保险业,J68,2015-04,23/01/2015,0.093478,15291,131302,,,,,1145,350,228,567,2500002,5230
601628,中国人寿,保险业,J68,2015-05,30/01/2015,-0.10338,14957,120025,,,,,1102,323,239,540,2922605,6735
601628,中国人寿,保险业,J68,2015-06,06/02/2015,-0.034922,14606,119341,,,,,897,249,214,434,1612740,3155
601628,中国人寿,保险业,J68,2015-07,13/02/2015,0.09506,12368,104810,,,,,504,170,83,251,1212573,1940
601628,中国人寿,保险业,J68,2015-08,17/02/2015,0.006032,,,,,,,,,,,,
601628,中国人寿,保险业,J68,2015-09,27/02/2015,-0.023462,7371,77165,,,,,381,127,71,183,886315,1626
601628,中国人寿,保险业,J68,2015-10,06/03/2015,-0.067806,11162,128998,,,,,410,132,62,216,762868,1365
601628,中国人寿,保险业,J68,2015-11,13/03/2015,0.050115,10393,115805,,,,,513,190,93,230,891860,1690
601628,中国人寿,保险业,J68,2015-12,20/03/2015,0.028906,11292,119179,,,,,530,194,123,213,1084983,1776
601628,中国人寿,保险业,J68,2015-13,27/03/2015,-0.038696,11755,121249,230,197,50,861,700,208,148,344,1428900,2289
601628,中国人寿,保险业,J68,2015-14,03/04/2015,0.036945,11746,119003,15,6,3,39,535,171,122,242,1188281,2122
601628,中国人寿,保险业,J68,2015-15,10/04/2015,0.095187,12567,116118,,,,,409,170,54,185,1653208,1982
601628,中国人寿,保险业,J68,2015-16,17/04/2015,-0.042243,13030,125999,,,,,858,236,198,424,1437398,1719
601628,中国人寿,保险业,J68,2015-17,24/04/2015,-0.042079,12954,126350,20,46,14,209,892,286,176,430,1771264,2484
601628,中国人寿,保险业,J68,2015-18,30/04/2015,0.007145,,,,,,,,,,,,
601628,中国人寿,保险业,J68,2015-19,08/05/2015,0.007357,15085,139238,,,,,1028,327,200,501,1825472,2852
601628,中国人寿,保险业,J68,2015-20,15/05/2015,-0.036776,13743,127956,,,,,952,213,229,510,1488134,2630
601628,中国人寿,保险业,J68,2015-21,22/05/2015,0.019226,12212,123100,,,,,721,202,188,331,1010628,1606
601628,中国人寿,保险业,J68,2015-22,29/05/2015,-0.063231,12190,120442,,,,,642,215,153,274,1265780,2261
601628,中国人寿,保险业,J68,2015-23,05/06/2015,0.038003,11012,116232,9,40,2,57,586,175,139,272,995920,1375
601628,中国人寿,保险业,J68,2015-24,12/06/2015,0.018033,11979,122945,,,,,466,160,82,224,794251,1397
601628,中国人寿,保险业,J68,2015-25,19/06/2015,-0.158437,9887,115902,,,,,837,237,199,401,912909,1467
601628,中国人寿,保险业,J68,2015-26,26/06/2015,-0.072856,7965,106646,,,,,489,137,111,241,622003,1414
601628,中国人寿,保险业,J68,2015-27,03/07/2015,-0.029555,11563,133844,,,,,520,175,138,207,633385,1856
601628,中国人寿,保险业,J68,2015-28,10/07/2015,0.292727,15528,174458,30,59,12,235,873,290,198,385,1180474,1933
601628,中国人寿,保险业,J68,2015-29,17/07/2015,-0.08592,11454,143879,,,,,1936,455,426,1055,3598837,9222
601628,中国人寿,保险业,J68,2015-30,24/07/2015,-0.05852,9135,115911,,,,,630,153,192,285,709334,1085
601628,中国人寿,保险业,J68,2015-31,31/07/2015,-0.090499,8821,112142,,,,,423,96,117,210,688039,1208
601628,中国人寿,保险业,J68,2015-32,07/08/2015,-0.001771,7429,105624,,,,,261,58,80,123,668063,717
601628,中国人寿,保险业,J68,2015-33,14/08/2015,-0.003547,6539,106655,,,,,249,71,55,123,584625,356
601628,中国人寿,保险业,J68,2015-34,21/08/2015,-0.163047,7680,109006,,,,,283,70,89,124,235828,482
601628,中国人寿,保险业,J68,2015-35,28/08/2015,0.05402,9386,127813,162,130,28,487,463,158,104,201,394811,1365
601628,中国人寿,保险业,J68,2015-36,02/09/2015,0.066586,,,,,,,,,,,,
601628,中国人寿,保险业,J68,2015-37,11/09/2015,-0.052592,5455,101678,,,,,132,31,30,71,233992,586
601628,中国人寿,保险业,J68,2015-38,18/09/2015,0.04992,6078,98307,,,,,330,98,70,162,341933,781
601628,中国人寿,保险业,J68,2015-39,25/09/2015,0.003804,4345,89628,,,,,141,42,26,73,211543,509
601628,中国人寿,保险业,J68,2015-40,30/09/2015,-0.032588,,,,,,,,,,,,
601628,中国人寿,保险业,J68,2015-41,09/10/2015,0.034469,2572,64993,,,,,62,17,11,34,43538,246
601628,中国人寿,保险业,J68,2015-42,16/10/2015,0.02802,3916,91569,,,,,122,45,25,52,250828,531
601628,中国人寿,保险业,J68,2015-43,23/10/2015,0.009945,4290,96803,,,,,189,63,43,83,402176,754
601628,中国人寿,保险业,J68,2015-44,30/10/2015,-0.033917,4087,93653,137,110,41,494,158,57,26,75,370069,613
601628,中国人寿,保险业,J68,2015-45,06/11/2015,0.130615,5454,96305,16,7,1,42,207,57,25,125,401464,467
601628,中国人寿,保险业,J68,2015-46,13/11/2015,-0.055092,5038,93499,8,9,1,37,162,60,29,73,515339,596
601628,中国人寿,保险业,J68,2015-47,20/11/2015,-0.00318,4267,95112,,,,,101,37,17,47,438562,820
601628,中国人寿,保险业,J68,2015-48,27/11/2015,-0.057072,3525,98018,12,18,3,60,127,36,31,60,221191,269
601628,中国人寿,保险业,J68,2015-49,04/12/2015,0.069925,4771,101949,,,,,230,77,34,119,447884,861
601628,中国人寿,保险业,J68,2015-50,11/12/2015,-0.032326,3805,103068,3,15,1,74,156,63,27,66,728654,510
601628,中国人寿,保险业,J68,2015-51,18/12/2015,0.045025,4132,101767,,,,,127,47,16,64,471472,283
601628,中国人寿,保险业,J68,2015-52,25/12/2015,0.044128,4926,101393,,,,,180,60,40,80,514574,419
601628,中国人寿,保险业,J68,2015-53,31/12/2015,-0.057903,,,,,,,,,,,,
601628,中国人寿,保险业,J68,2016-02,08/01/2016,-0.101378,4069,93136,,,,,127,40,34,53,405536,143
601628,中国人寿,保险业,J68,2016-03,15/01/2016,-0.086085,3853,92117,,,,,88,32,25,31,411383,193
601628,中国人寿,保险业,J68,2016-04,22/01/2016,-0.043011,3264,85565,,,,,118,32,34,52,649324,359
601628,中国人寿,保险业,J68,2016-05,29/01/2016,-0.081348,3318,79725,,,,,119,33,32,54,601822,207
601628,中国人寿,保险业,J68,2016-06,05/02/2016,-0.026908,3141,69429,,,,,160,35,52,73,685917,147
601628,中国人寿,保险业,J68,2016-08,19/02/2016,0.01458,3053,90747,,,,,82,34,17,31,333870,124
601628,中国人寿,保险业,J68,2016-09,26/02/2016,0.018335,4477,107945,,,,,167,35,34,98,800373,207
601628,中国人寿,保险业,J68,2016-10,04/03/2016,0.105109,3897,109311,,,,,125,47,21,57,978531,242
601628,中国人寿,保险业,J68,2016-11,11/03/2016,-0.046675,3944,102341,,,,,76,24,12,40,470787,151
601628,中国人寿,保险业,J68,2016-12,18/03/2016,0.069284,4139,100106,,,,,133,45,34,54,627602,311
601628,中国人寿,保险业,J68,2016-13,25/03/2016,0.029374,3871,100416,,,,,234,76,42,116,1157160,301
601628,中国人寿,保险业,J68,2016-14,01/04/2016,0.005875,3462,91860,,,,,171,33,50,88,737608,139
601628,中国人寿,保险业,J68,2016-15,08/04/2016,-0.042553,2688,75896,,,,,104,28,29,47,512017,149
601628,中国人寿,保险业,J68,2016-16,15/04/2016,0.024837,2840,84889,,,,,135,35,27,73,548152,130
601628,中国人寿,保险业,J68,2016-17,22/04/2016,-0.054422,2789,76885,,,,,201,38,45,118,624763,173
601628,中国人寿,保险业,J68,2016-18,29/04/2016,-0.02473,2660,87532,,,,,1560,755,35,770,633424,78
601628,中国人寿,保险业,J68,2016-19,06/05/2016,-0.026279,2295,76091,,,,,1115,433,11,671,280638,45
601628,中国人寿,保险业,J68,2016-20,13/05/2016,-0.017992,2914,90828,,,,,760,159,54,547,526772,196
601628,中国人寿,保险业,J68,2016-21,20/05/2016,-0.004339,2674,89813,,,,,750,101,77,572,562453,192
601628,中国人寿,保险业,J68,2016-22,27/05/2016,-0.001937,2253,92234,,,,,562,88,104,370,516801,116
601628,中国人寿,保险业,J68,2016-23,03/06/2016,0.050461,2609,88160,,,,,557,61,11,485,320780,84
601628,中国人寿,保险业,J68,2016-24,08/06/2016,-0.008314,,,,,,,,,,,,
601628,中国人寿,保险业,J68,2016-25,17/06/2016,-0.030741,2671,92014,,,,,125,30,18,77,366785,192
601628,中国人寿,保险业,J68,2016-26,24/06/2016,0.018637,2548,88938,,,,,163,52,34,77,345715,373
601628,中国人寿,保险业,J68,2016-27,01/07/2016,0.002889,2490,91326,,,,,104,32,17,55,86568,43
601628,中国人寿,保险业,J68,2016-28,08/07/2016,0.015362,2783,82849,,,,,113,37,18,58,87380,53
601628,中国人寿,保险业,J68,2016-29,15/07/2016,0.025532,2460,89217,,,,,108,31,22,55,64381,57
601628,中国人寿,保险业,J68,2016-30,22/07/2016,-0.024896,2603,102207,,,,,63,19,14,30,55478,30
601628,中国人寿,保险业,J68,2016-31,29/07/2016,-0.009929,2462,98146,,,,,68,21,7,40,65488,38
601628,中国人寿,保险业,J68,2016-32,05/08/2016,-0.01767,2333,100858,,,,,61,24,9,28,44453,44
601628,中国人寿,保险业,J68,2016-33,12/08/2016,0.039378,2647,102884,,,,,64,22,7,35,45512,48
601628,中国人寿,保险业,J68,2016-34,19/08/2016,0.019177,3204,103787,,,,,73,33,16,24,55683,54
601628,中国人寿,保险业,J68,2016-35,26/08/2016,-0.010555,2840,107720,,,,,75,38,7,30,90028,54
601628,中国人寿,保险业,J68,2016-36,02/09/2016,0.010204,2376,105638,,,,,86,42,10,34,74238,37
601628,中国人寿,保险业,J68,2016-37,09/09/2016,0.013315,2631,103798,,,,,82,31,11,40,47338,89
601628,中国人寿,保险业,J68,2016-38,14/09/2016,-0.028999,,,,,,,,,,,,
601628,中国人寿,保险业,J68,2016-39,23/09/2016,0.019132,2243,114402,,,,,48,25,7,16,30638,19
601628,中国人寿,保险业,J68,2016-40,30/09/2016,-0.019689,2341,106635,,,,,55,23,7,25,39577,25
601628,中国人寿,保险业,J68,2016-42,14/10/2016,0.007473,2145,120609,,,,,36,12,5,19,32823,16
601628,中国人寿,保险业,J68,2016-43,21/10/2016,-0.002782,2554,115877,,,,,77,29,7,41,88326,63
601628,中国人寿,保险业,J68,2016-44,28/10/2016,0.012552,2432,116496,,,,,68,38,4,26,90031,59
601628,中国人寿,保险业,J68,2016-45,04/11/2016,0.007805,2241,107132,,,,,46,19,2,25,51664,163
601628,中国人寿,保险业,J68,2016-46,11/11/2016,0.031435,2530,109290,,,,,53,17,9,27,43038,32
601628,中国人寿,保险业,J68,2016-47,18/11/2016,0.014576,2522,113076,,,,,52,23,10,19,39007,19
601628,中国人寿,保险业,J68,2016-48,25/11/2016,0.126687,5122,117445,,,,,248,96,27,125,314829,508
601628,中国人寿,保险业,J68,2016-49,02/12/2016,-0.027048,3288,109837,,,,,51,23,9,19,67534,77
601628,中国人寿,保险业,J68,2016-50,09/12/2016,0.023034,2864,123998,,,,,94,52,5,37,52541,62
601628,中国人寿,保险业,J68,2016-51,16/12/2016,-0.076863,2746,119071,,,,,106,25,29,52,74459,99
601628,中国人寿,保险业,J68,2016-52,23/12/2016,-0.007149,2354,112332,,,,,55,24,10,21,38126,26
601628,中国人寿,保险业,J68,2016-53,30/12/2016,0.02033,2306,109578,,,,,61,27,10,24,28383,23
601668,中国建筑,土木工程建筑业,E48,2014-01,03/01/2014,-0.019108,3259,8689,,,,,203,77,57,69,257351,506
601668,中国建筑,土木工程建筑业,E48,2014-02,10/01/2014,-0.032468,8173,21946,,,,,459,166,137,156,613392,1346
601668,中国建筑,土木工程建筑业,E48,2014-03,17/01/2014,0,7810,21078,41,32,3,121,412,156,120,136,550525,1173
601668,中国建筑,土木工程建筑业,E48,2014-04,24/01/2014,0.020134,7355,19785,59,145,10,251,293,81,97,115,395214,877
601668,中国建筑,土木工程建筑业,E48,2014-05,30/01/2014,-0.016447,,,,,,,,,,,,
601668,中国建筑,土木工程建筑业,E48,2014-06,07/02/2014,0,2997,10641,,,,,68,24,21,23,148795,252
601668,中国建筑,土木工程建筑业,E48,2014-07,14/02/2014,0.003344,8675,22875,18,20,2,62,310,108,101,101,564316,1322
601668,中国建筑,土木工程建筑业,E48,2014-08,21/02/2014,-0.003333,8973,24019,,,,,336,114,80,142,754190,1769
601668,中国建筑,土木工程建筑业,E48,2014-09,28/02/2014,-0.056856,9850,26416,,,,,950,270,308,372,1336734,2974
601668,中国建筑,土木工程建筑业,E48,2014-10,07/03/2014,-0.014184,9590,25498,,,,,322,105,100,117,504488,927
601668,中国建筑,土木工程建筑业,E48,2014-11,14/03/2014,-0.010791,9084,24953,8,4,3,43,428,175,111,142,723152,1633
601668,中国建筑,土木工程建筑业,E48,2014-12,21/03/2014,0.025455,8987,24792,,,,,384,171,79,134,747767,2368
601668,中国建筑,土木工程建筑业,E48,2014-13,28/03/2014,0.039007,10040,27162,,,,,360,155,63,142,699423,1295
601668,中国建筑,土木工程建筑业,E48,2014-14,04/04/2014,-0.003413,9041,23890,,,,,290,96,87,107,439294,855
601668,中国建筑,土木工程建筑业,E48,2014-15,11/04/2014,0.054795,8705,23757,,,,,319,117,83,119,606897,1162
601668,中国建筑,土木工程建筑业,E48,2014-16,18/04/2014,-0.042208,9646,25757,36,29,10,122,232,87,56,89,364921,618
601668,中国建筑,土木工程建筑业,E48,2014-17,25/04/2014,0,9286,24683,105,67,44,378,328,155,59,114,751820,1299
601668,中国建筑,土木工程建筑业,E48,2014-18,30/04/2014,0.016949,,,,,,,,,,,,
601668,中国建筑,土木工程建筑业,E48,2014-19,09/05/2014,-0.02,9146,24810,,,,,252,94,62,96,549790,1195
601668,中国建筑,土木工程建筑业,E48,2014-20,16/05/2014,0.010204,9162,24067,5,6,4,43,223,73,59,91,419434,835
601668,中国建筑,土木工程建筑业,E48,2014-21,23/05/2014,0.006734,8351,22698,,,,,179,72,39,68,395058,1235
601668,中国建筑,土木工程建筑业,E48,2014-22,30/05/2014,0.010033,9004,23690,72,158,18,370,273,115,50,108,715021,2087
601668,中国建筑,土木工程建筑业,E48,2014-23,06/06/2014,-0.019868,6952,19152,,,,,126,48,23,55,269332,627
601668,中国建筑,土木工程建筑业,E48,2014-24,13/06/2014,0.006757,7988,21940,5,4,5,42,218,67,51,100,602217,1148
601668,中国建筑,土木工程建筑业,E48,2014-25,20/06/2014,-0.005705,8647,22814,,,,,241,81,62,98,743558,1283
601668,中国建筑,土木工程建筑业,E48,2014-26,27/06/2014,-0.003546,7486,20787,,,,,255,86,62,107,555989,1299
601668,中国建筑,土木工程建筑业,E48,2014-27,04/07/2014,0.007117,7574,20707,,,,,277,80,100,97,425634,836
601668,中国建筑,土木工程建筑业,E48,2014-28,11/07/2014,-0.003534,7448,22296,,,,,238,82,86,70,406812,959
601668,中国建筑,土木工程建筑业,E48,2014-29,18/07/2014,0.060284,9519,28388,17,16,13,86,353,149,72,132,1030283,2051
601668,中国建筑,土木工程建筑业,E48,2014-30,25/07/2014,0.043478,10397,27390,,,,,347,165,56,126,974787,1951
601668,中国建筑,土木工程建筑业,E48,2014-31,01/08/2014,0.009615,10455,28563,,,,,399,157,83,159,773744,1839
601668,中国建筑,土木工程建筑业,E48,2014-32,08/08/2014,-0.006349,9668,26694,83,175,6,288,218,78,65,75,463812,1194
601668,中国建筑,土木工程建筑业,E48,2014-33,15/08/2014,0.015974,9288,25715,87,152,22,310,321,131,62,128,709720,1795
601668,中国建筑,土木工程建筑业,E48,2014-34,22/08/2014,0.003145,8972,25202,,,,,341,125,73,143,1102115,2180
601668,中国建筑,土木工程建筑业,E48,2014-35,29/08/2014,-0.015674,9021,24768,145,73,48,443,412,174,70,168,2510258,3120
601668,中国建筑,土木工程建筑业,E48,2014-36,05/09/2014,0.05414,9440,26713,,,,,576,234,91,251,3102633,2236
601668,中国建筑,土木工程建筑业,E48,2014-37,12/09/2014,0.024169,9034,27314,,,,,565,254,84,227,3803941,2454
601668,中国建筑,土木工程建筑业,E48,2014-38,19/09/2014,-0.011799,11819,33657,22,18,9,96,616,228,127,261,1876121,2616
601668,中国建筑,土木工程建筑业,E48,2014-39,26/09/2014,0.01194,10662,31275,8,21,7,48,447,129,117,201,1281023,2830
601668,中国建筑,土木工程建筑业,E48,2014-40,30/09/2014,0,,,,,,,,,,,,
601668,中国建筑,土木工程建筑业,E48,2014-41,10/10/2014,0.035398,8163,25154,,,,,267,102,59,106,723967,1886
601668,中国建筑,土木工程建筑业,E48,2014-42,17/10/2014,-0.034188,11018,31676,35,40,23,158,400,140,98,162,1541990,2415
601668,中国建筑,土木工程建筑业,E48,2014-43,24/10/2014,-0.038348,8949,27400,,,,,302,103,81,118,1398459,1713
601668,中国建筑,土木工程建筑业,E48,2014-44,31/10/2014,0.067485,10049,32189,104,129,43,373,557,195,125,237,1648803,2853
601668,中国建筑,土木工程建筑业,E48,2014-45,07/11/2014,0.054598,15906,50804,30,33,8,87,1132,439,216,477,2376026,3995
601668,中国建筑,土木工程建筑业,E48,2014-46,14/11/2014,0.089918,19990,64635,,,,,1471,534,255,682,4089968,4805
601668,中国建筑,土木工程建筑业,E48,2014-47,21/11/2014,-0.0475,16962,51693,22,41,5,118,1151,312,327,512,2164093,3401
601668,中国建筑,土木工程建筑业,E48,2014-48,28/11/2014,0.097113,18840,60749,14,63,11,89,1074,374,212,488,2113791,3674
601668,中国建筑,土木工程建筑业,E48,2014-49,05/12/2014,0.093301,26578,90314,54,108,7,197,1203,435,211,557,2918239,4800
601668,中国建筑,土木工程建筑业,E48,2014-50,12/12/2014,0.185996,39324,158097,10,6,1,45,1408,525,276,607,2780713,4160
601668,中国建筑,土木工程建筑业,E48,2014-51,19/12/2014,0.269373,47166,184845,17,11,3,87,2332,809,470,1053,4825435,7700
601668,中国建筑,土木工程建筑业,E48,2014-52,26/12/2014,-0.024709,58476,224376,,,,,3455,1120,819,1516,7462786,14144
601668,中国建筑,土木工程建筑业,E48,2014-53,31/12/2014,0.084948,,,,,,,,,,,,
601668,中国建筑,土木工程建筑业,E48,2015-02,09/01/2015,-0.086538,53358,194296,,,,,3027,860,813,1354,4528313,7419
601668,中国建筑,土木工程建筑业,E48,2015-03,16/01/2015,0.004511,41211,145246,,,,,2242,719,507,1016,3910187,8073
601668,中国建筑,土木工程建筑业,E48,2015-04,23/01/2015,-0.067365,38845,132087,26,6,11,97,2138,596,560,982,3434557,6938
601668,中国建筑,土木工程建筑业,E48,2015-05,30/01/2015,-0.05618,33547,109401,,,,,1845,482,546,817,3173966,7150
601668,中国建筑,土木工程建筑业,E48,2015-06,06/02/2015,-0.059524,32649,108357,,,,,2022,533,569,920,2918375,6436
601668,中国建筑,土木工程建筑业,E48,2015-07,13/02/2015,0.068716,27426,88523,,,,,906,269,241,396,1847684,3629
601668,中国建筑,土木工程建筑业,E48,2015-08,17/02/2015,0.015228,,,,,,,,,,,,
601668,中国建筑,土木工程建筑业,E48,2015-09,27/02/2015,0.068333,21581,72648,,,,,856,269,187,400,1880149,3659
601668,中国建筑,土木工程建筑业,E48,2015-10,06/03/2015,-0.056162,32501,107167,,,,,1713,418,569,726,4101571,10195
601668,中国建筑,土木工程建筑业,E48,2015-11,13/03/2015,0.033058,28570,93325,,,,,1338,413,383,542,2235578,3735
601668,中国建筑,土木工程建筑业,E48,2015-12,20/03/2015,0.0752,39299,141011,23,23,12,98,1837,521,438,878,3072007,5915
601668,中国建筑,土木工程建筑业,E48,2015-13,27/03/2015,0.074405,46744,180679,12,67,2,111,2723,887,612,1224,5164278,9291
601668,中国建筑,土木工程建筑业,E48,2015-14,03/04/2015,0.042936,65311,279354,,,,,3739,1113,930,1696,7918054,16143
601668,中国建筑,土木工程建筑业,E48,2015-15,10/04/2015,0.00664,47876,178725,,,,,2901,803,820,1278,5564173,8847
601668,中国建筑,土木工程建筑业,E48,2015-16,17/04/2015,0.191293,73176,288749,8,5,5,46,5990,1891,1254,2845,12156971,18217
601668,中国建筑,土木工程建筑业,E48,2015-17,24/04/2015,0.03433,107835,490546,76,98,20,301,8089,2475,1843,3771,17621750,25948
601668,中国建筑,土木工程建筑业,E48,2015-18,30/04/2015,0.167024,,,,,,,,,,,,
601668,中国建筑,土木工程建筑业,E48,2015-19,08/05/2015,-0.10367,117086,583554,26,47,8,90,10951,2870,2983,5098,18031246,34294
601668,中国建筑,土木工程建筑业,E48,2015-20,15/05/2015,-0.026612,90764,403917,9,5,4,45,5940,1507,1700,2733,8347961,15218
601668,中国建筑,土木工程建筑业,E48,2015-21,22/05/2015,0.082019,81490,376127,,,,,5268,1462,1467,2339,11674746,28106
601668,中国建筑,土木工程建筑业,E48,2015-22,29/05/2015,-0.095238,91587,447647,,,,,4979,1202,1343,2434,14077485,13685
601668,中国建筑,土木工程建筑业,E48,2015-23,05/06/2015,0.090226,80852,371302,,,,,4380,1114,1141,2125,6254838,9195
601668,中国建筑,土木工程建筑业,E48,2015-24,12/06/2015,-0.038424,76488,353122,,,,,5043,1147,1562,2334,8925303,17189
601668,中国建筑,土木工程建筑业,E48,2015-25,19/06/2015,-0.157582,67777,334420,24,19,6,79,5179,1224,1554,2401,9367709,18361
601668,中国建筑,土木工程建筑业,E48,2015-26,26/06/2015,-0.040994,51272,253286,,,,,2556,645,660,1251,4313417,7391
601668,中国建筑,土木工程建筑业,E48,2015-27,03/07/2015,-0.121762,67029,343003,,,,,2315,523,628,1164,3460593,5404
601668,中国建筑,土木工程建筑业,E48,2015-28,10/07/2015,0.283186,70699,380728,,,,,2250,625,536,1089,3880381,7453
601668,中国建筑,土木工程建筑业,E48,2015-29,17/07/2015,-0.064368,60907,293215,7,6,4,44,2665,575,884,1206,3365540,5886
601668,中国建筑,土木工程建筑业,E48,2015-30,24/07/2015,-0.015971,46960,212491,,,,,3003,768,872,1363,3366687,5505
601668,中国建筑,土木工程建筑业,E48,2015-31,31/07/2015,-0.131086,39847,188631,,,,,2396,484,776,1136,3209920,6510
601668,中国建筑,土木工程建筑业,E48,2015-32,07/08/2015,0.034483,34946,152710,,,,,1546,363,464,719,2266224,2988
601668,中国建筑,土木工程建筑业,E48,2015-33,14/08/2015,0.061111,41067,185519,,,,,2158,476,640,1042,2918045,2989
601668,中国建筑,土木工程建筑业,E48,2015-34,21/08/2015,-0.143979,32097,142759,11,4,5,47,1799,356,595,848,2757913,10504
601668,中国建筑,土木工程建筑业,E48,2015-35,28/08/2015,-0.102446,31472,150242,84,70,18,242,1693,388,533,772,402920,3462
601668,中国建筑,土木工程建筑业,E48,2015-36,02/09/2015,0.064736,,,,,,,,,,,,
601668,中国建筑,土木工程建筑业,E48,2015-37,11/09/2015,-0.0432,22741,103173,,,,,1298,315,378,605,250896,2182
601668,中国建筑,土木工程建筑业,E48,2015-38,18/09/2015,0.041806,23052,106118,,,,,1233,371,336,526,305860,2076
601668,中国建筑,土木工程建筑业,E48,2015-39,25/09/2015,-0.027287,19766,87045,39,9,12,113,1367,314,428,625,335774,1674
601668,中国建筑,土木工程建筑业,E48,2015-40,30/09/2015,-0.046205,,,,,,,,,,,,
601668,中国建筑,土木工程建筑业,E48,2015-41,09/10/2015,0.036332,9018,36544,,,,,377,93,106,178,136714,297
601668,中国建筑,土木工程建筑业,E48,2015-42,16/10/2015,0.048414,17845,72801,,,,,867,236,235,396,598162,694
601668,中国建筑,土木工程建筑业,E48,2015-43,23/10/2015,0.020701,20699,84680,22,17,6,75,1303,346,343,614,1901097,1814
601668,中国建筑,土木工程建筑业,E48,2015-44,30/10/2015,-0.031201,16866,65915,,,,,1057,297,276,484,1276069,982
601668,中国建筑,土木工程建筑业,E48,2015-45,06/11/2015,0.143317,21208,87171,68,43,12,176,1392,364,377,651,2345410,2767
601668,中国建筑,土木工程建筑业,E48,2015-46,13/11/2015,-0.03662,24218,95000,,,,,1529,393,441,695,1750282,2197
601668,中国建筑,土木工程建筑业,E48,2015-47,20/11/2015,-0.010234,18396,71232,,,,,1442,315,472,655,1163578,1394
601668,中国建筑,土木工程建筑业,E48,2015-48,27/11/2015,-0.081241,16090,61736,9,7,4,47,1346,325,449,572,1219546,1451
601668,中国建筑,土木工程建筑业,E48,2015-49,04/12/2015,0.046624,18120,68451,16,12,1,32,1135,283,337,515,1145453,1587
601668,中国建筑,土木工程建筑业,E48,2015-50,11/12/2015,-0.044547,14308,55131,,,,,1149,298,373,478,1462918,1174
601668,中国建筑,土木工程建筑业,E48,2015-51,18/12/2015,0.045016,14809,59265,26,19,3,78,1059,283,311,465,1875861,1263
601668,中国建筑,土木工程建筑业,E48,2015-52,25/12/2015,0.027692,16481,64939,,,,,913,254,221,438,3237955,1617
601668,中国建筑,土木工程建筑业,E48,2015-53,31/12/2015,-0.050898,,,,,,,,,,,,
601668,中国建筑,土木工程建筑业,E48,2016-02,08/01/2016,-0.069401,14336,60420,,,,,655,164,180,311,1654042,1224
601668,中国建筑,土木工程建筑业,E48,2016-03,15/01/2016,-0.088136,13971,55120,,,,,818,238,224,356,1755910,1357
601668,中国建筑,土木工程建筑业,E48,2016-04,22/01/2016,0.01487,13816,55312,,,,,934,240,287,407,2090755,1661
601668,中国建筑,土木工程建筑业,E48,2016-05,29/01/2016,-0.06044,12980,51575,,,,,791,202,220,369,2396898,1176
601668,中国建筑,土木工程建筑业,E48,2016-06,05/02/2016,0,10053,37027,,,,,605,147,174,284,2164809,1468
601668,中国建筑,土木工程建筑业,E48,2016-08,19/02/2016,0.031189,11755,43009,,,,,511,134,136,241,1273307,558
601668,中国建筑,土木工程建筑业,E48,2016-09,26/02/2016,-0.026465,12664,47978,,,,,473,126,117,230,1342503,775
601668,中国建筑,土木工程建筑业,E48,2016-10,04/03/2016,0.091262,12356,50442,,,,,575,199,107,269,2040127,900
601668,中国建筑,土木工程建筑业,E48,2016-11,11/03/2016,-0.024911,11087,43839,,,,,343,110,71,162,932134,526
601668,中国建筑,土木工程建筑业,E48,2016-12,18/03/2016,0.054745,12732,51904,,,,,665,182,170,313,2175376,1766
601668,中国建筑,土木工程建筑业,E48,2016-13,25/03/2016,-0.00692,12100,49217,,,,,573,172,145,256,1499264,2074
601668,中国建筑,土木工程建筑业,E48,2016-14,01/04/2016,0.003484,10713,41187,,,,,462,129,122,211,1452477,874
601668,中国建筑,土木工程建筑业,E48,2016-15,08/04/2016,-0.029514,9085,35641,,,,,453,100,139,214,1224077,727
601668,中国建筑,土木工程建筑业,E48,2016-16,15/04/2016,0.025045,10115,39776,,,,,601,178,159,264,1389950,1125
601668,中国建筑,土木工程建筑业,E48,2016-17,22/04/2016,-0.034904,9668,35697,,,,,663,195,153,315,2027883,1679
601668,中国建筑,土木工程建筑业,E48,2016-18,29/04/2016,-0.003617,9091,34500,,,,,1918,835,96,987,1496712,1207
601668,中国建筑,土木工程建筑业,E48,2016-19,06/05/2016,-0.010889,8258,30983,,,,,1375,501,72,802,775888,1001
601668,中国建筑,土木工程建筑业,E48,2016-20,13/05/2016,-0.022018,9206,34696,,,,,1132,286,112,734,992673,1248
601668,中国建筑,土木工程建筑业,E48,2016-21,20/05/2016,-0.005629,8596,32942,,,,,1117,215,151,751,1293402,1288
601668,中国建筑,土木工程建筑业,E48,2016-22,27/05/2016,-0.003774,8143,30605,,,,,857,176,134,547,1180805,1479
601668,中国建筑,土木工程建筑业,E48,2016-23,03/06/2016,0.030303,9283,34593,,,,,941,167,88,686,1142818,1423
601668,中国建筑,土木工程建筑业,E48,2016-24,08/06/2016,-0.003676,,,,,,,,,,,,
601668,中国建筑,土木工程建筑业,E48,2016-25,17/06/2016,-0.009225,9159,34356,,,,,637,238,121,278,1395783,1442
601668,中国建筑,土木工程建筑业,E48,2016-26,24/06/2016,-0.003868,8861,30286,,,,,553,165,118,270,1002357,956
601668,中国建筑,土木工程建筑业,E48,2016-27,01/07/2016,0.029126,9064,32731,,,,,498,162,105,231,790380,1008
601668,中国建筑,土木工程建筑业,E48,2016-28,08/07/2016,0.011321,9561,34160,,,,,343,109,66,168,467296,866
601668,中国建筑,土木工程建筑业,E48,2016-29,15/07/2016,0.037313,9900,36946,,,,,440,143,78,219,559333,817
601668,中国建筑,土木工程建筑业,E48,2016-30,22/07/2016,-0.016187,9251,35050,,,,,373,130,78,165,562001,982
601668,中国建筑,土木工程建筑业,E48,2016-31,29/07/2016,0.042048,10815,39526,,,,,431,156,63,212,751794,985
601668,中国建筑,土木工程建筑业,E48,2016-32,05/08/2016,0.022807,11380,40131,,,,,577,209,106,262,896017,1253
601668,中国建筑,土木工程建筑业,E48,2016-33,12/08/2016,0.06175,12795,44649,,,,,615,231,115,269,842724,1042
601668,中国建筑,土木工程建筑业,E48,2016-34,19/08/2016,0.043619,16209,58787,,,,,735,266,128,341,1153018,1577
601668,中国建筑,土木工程建筑业,E48,2016-35,26/08/2016,-0.027864,13054,48723,,,,,656,216,155,285,1054885,1454
601668,中国建筑,土木工程建筑业,E48,2016-36,02/09/2016,0.015924,11629,43730,,,,,412,171,56,185,608305,1016
601668,中国建筑,土木工程建筑业,E48,2016-37,09/09/2016,0.010972,10977,41360,,,,,441,146,80,215,605243,820
601668,中国建筑,土木工程建筑业,E48,2016-38,14/09/2016,-0.04186,,,,,,,,,,,,
601668,中国建筑,土木工程建筑业,E48,2016-39,23/09/2016,0.017799,8929,34222,,,,,268,98,49,121,327834,728
601668,中国建筑,土木工程建筑业,E48,2016-40,30/09/2016,-0.019078,8077,30524,,,,,293,101,60,132,385102,742
601668,中国建筑,土木工程建筑业,E48,2016-42,14/10/2016,0.055105,9293,36113,,,,,477,186,113,178,556059,1226
601668,中国建筑,土木工程建筑业,E48,2016-43,21/10/2016,0.133641,14679,56680,,,,,982,398,142,442,1414305,2540
601668,中国建筑,土木工程建筑业,E48,2016-44,28/10/2016,-0.020325,19353,82127,,,,,1633,565,286,782,2423586,4346
601668,中国建筑,土木工程建筑业,E48,2016-45,04/11/2016,0.112033,17790,73537,,,,,1493,443,309,741,1990286,3483
601668,中国建筑,土木工程建筑业,E48,2016-46,11/11/2016,0.003731,23118,94813,,,,,1566,489,316,761,2268487,3502
601668,中国建筑,土木工程建筑业,E48,2016-47,18/11/2016,0.016109,20659,88342,,,,,2175,683,413,1079,3025436,7806
601668,中国建筑,土木工程建筑业,E48,2016-48,25/11/2016,0.145122,35241,172666,,,,,4890,1659,897,2334,7034103,10887
601668,中国建筑,土木工程建筑业,E48,2016-49,02/12/2016,0.105431,48666,282699,,,,,9222,2574,2097,4551,11391195,17693
601668,中国建筑,土木工程建筑业,E48,2016-50,09/12/2016,-0.026012,33355,170236,,,,,5837,1513,1427,2897,5521082,9914
601668,中国建筑,土木工程建筑业,E48,2016-51,16/12/2016,-0.124629,29017,142160,,,,,4651,1080,1201,2370,4756177,8653
601668,中国建筑,土木工程建筑业,E48,2016-52,23/12/2016,0.00791,21998,101086,,,,,2962,769,696,1497,3405575,5343
601668,中国建筑,土木工程建筑业,E48,2016-53,30/12/2016,-0.006726,21966,93781,,,,,2388,654,526,1208,2806848,4853
601669,中国电建,土木工程建筑业,E48,2014-01,03/01/2014,-0.019544,2086,3167,,,,,118,55,37,26,247640,329
601669,中国电建,土木工程建筑业,E48,2014-02,10/01/2014,-0.069767,5328,7711,,,,,313,98,109,106,564290,764
601669,中国电建,土木工程建筑业,E48,2014-03,17/01/2014,-0.010714,5323,8670,,,,,210,75,68,67,372467,545
601669,中国电建,土木工程建筑业,E48,2014-04,24/01/2014,0.025271,5135,10059,,,,,190,65,54,71,390539,503
601669,中国电建,土木工程建筑业,E48,2014-05,30/01/2014,-0.028169,,,,,,,,,,,,
601669,中国电建,土木工程建筑业,E48,2014-06,07/02/2014,0,2408,5311,,,,,69,20,20,29,157586,168
601669,中国电建,土木工程建筑业,E48,2014-07,14/02/2014,0.032609,6071,12630,,,,,251,58,74,119,402563,512
601669,中国电建,土木工程建筑业,E48,2014-08,21/02/2014,-0.014035,6143,13176,,,,,279,84,67,128,480953,648
601669,中国电建,土木工程建筑业,E48,2014-09,28/02/2014,-0.039146,5527,12792,,,,,288,93,85,110,564173,829
601669,中国电建,土木工程建筑业,E48,2014-10,07/03/2014,0,5761,12792,,,,,180,78,42,60,345776,322
601669,中国电建,土木工程建筑业,E48,2014-11,14/03/2014,-0.022222,5735,14032,,,,,170,68,46,56,563257,1226
601669,中国电建,土木工程建筑业,E48,2014-12,21/03/2014,0.026515,5472,13582,,,,,227,98,44,85,592717,1075
601669,中国电建,土木工程建筑业,E48,2014-13,28/03/2014,0.01107,6600,14897,,,,,170,80,28,62,424312,510
601669,中国电建,土木工程建筑业,E48,2014-14,04/04/2014,0.00365,5654,12484,,,,,110,42,32,36,284440,356
601669,中国电建,土木工程建筑业,E48,2014-15,11/04/2014,0.04,5926,12744,,,,,81,39,11,31,266864,391
601669,中国电建,土木工程建筑业,E48,2014-16,18/04/2014,-0.024476,6159,13619,,,,,104,51,18,35,267669,495
601669,中国电建,土木工程建筑业,E48,2014-17,25/04/2014,-0.017921,6248,13983,19,4,6,84,192,85,32,75,600234,920
601669,中国电建,土木工程建筑业,E48,2014-18,30/04/2014,-0.007299,,,,,,,,,,,,
601669,中国电建,土木工程建筑业,E48,2014-19,09/05/2014,0,5072,11734,,,,,81,41,11,29,206054,228
601669,中国电建,土木工程建筑业,E48,2014-20,12/05/2014,0.025735,,,,,,,,,,,,
601669,中国电建,土木工程建筑业,E48,2014-40,30/09/2014,0.097849,,,,,,,,,,,,
601669,中国电建,土木工程建筑业,E48,2014-41,10/10/2014,0.328767,12351,32446,61,187,20,339,1146,404,214,528,3454724,5760
601669,中国电建,土木工程建筑业,E48,2014-42,17/10/2014,-0.018041,24678,67685,,,,,2272,807,502,963,9217359,9180
601669,中国电建,土木工程建筑业,E48,2014-43,24/10/2014,-0.055118,15367,39689,,,,,1545,484,378,683,5145304,4849
601669,中国电建,土木工程建筑业,E48,2014-44,31/10/2014,0.069444,14814,38844,34,10,10,113,1061,369,227,465,3132550,3200
601669,中国电建,土木工程建筑业,E48,2014-45,07/11/2014,0.044156,16262,45665,,,,,1455,539,272,644,2691477,4055
601669,中国电建,土木工程建筑业,E48,2014-46,14/11/2014,0.004975,14171,40959,9,15,0,65,1181,368,268,545,2140487,3864
601669,中国电建,土木工程建筑业,E48,2014-47,21/11/2014,-0.007426,11507,30599,,,,,903,307,215,381,1815304,4496
601669,中国电建,土木工程建筑业,E48,2014-48,28/11/2014,0.052369,13297,36727,,,,,1277,394,313,570,2553328,9054
601669,中国电建,土木工程建筑业,E48,2014-49,05/12/2014,0.054502,14200,38232,,,,,1031,310,245,476,1762893,2817
601669,中国电建,土木工程建筑业,E48,2014-50,12/12/2014,0.211236,19875,72916,,,,,1066,363,237,466,2279556,2932
601669,中国电建,土木工程建筑业,E48,2014-51,19/12/2014,0.410019,27562,110452,,,,,1941,668,435,838,4601983,8373
601669,中国电建,土木工程建筑业,E48,2014-52,26/12/2014,0.027632,34491,140880,32,93,4,151,2260,780,413,1067,4517552,7836
601669,中国电建,土木工程建筑业,E48,2014-53,31/12/2014,0.079385,,,,,,,,,,,,
601669,中国电建,土木工程建筑业,E48,2015-02,09/01/2015,-0.084223,29602,117331,,,,,2042,634,498,910,2953730,4915
601669,中国电建,土木工程建筑业,E48,2015-03,16/01/2015,-0.001295,25605,106469,,,,,1963,572,469,922,3489766,5244
601669,中国电建,土木工程建筑业,E48,2015-04,23/01/2015,-0.053178,23183,92330,,,,,1798,544,474,780,2891653,5078
601669,中国电建,土木工程建筑业,E48,2015-05,30/01/2015,-0.045205,20922,80594,53,98,13,203,1220,326,356,538,2704436,6601
601669,中国电建,土木工程建筑业,E48,2015-06,06/02/2015,-0.07891,18871,72292,,,,,1382,301,407,674,2144016,4052
601669,中国电建,土木工程建筑业,E48,2015-07,13/02/2015,0.051402,16082,56118,,,,,568,185,144,239,1068309,1855
601669,中国电建,土木工程建筑业,E48,2015-08,17/02/2015,0.026667,,,,,,,,,,,,
601669,中国电建,土木工程建筑业,E48,2015-09,27/02/2015,0.168831,15946,60153,,,,,1024,357,173,494,2493206,3939
601669,中国电建,土木工程建筑业,E48,2015-10,06/03/2015,-0.062963,27473,105543,,,,,1460,408,388,664,2664410,3083
601669,中国电建,土木工程建筑业,E48,2015-11,13/03/2015,0.018445,19047,70048,,,,,892,222,257,413,1803305,3845
601669,中国电建,土木工程建筑业,E48,2015-12,20/03/2015,0.121604,26367,108163,,,,,1591,444,389,758,4986617,12476
601669,中国电建,土木工程建筑业,E48,2015-13,27/03/2015,0.059977,30731,130977,,,,,1767,544,406,817,3921243,6406
601669,中国电建,土木工程建筑业,E48,2015-14,03/04/2015,0.069641,38016,181116,,,,,1930,619,434,877,4055474,4905
601669,中国电建,土木工程建筑业,E48,2015-15,10/04/2015,0.056968,31365,151753,,,,,1712,473,427,812,4170563,4927
601669,中国电建,土木工程建筑业,E48,2015-16,15/04/2015,0.092397,,,,,,,,,,,,
601669,中国电建,土木工程建筑业,E48,2015-17,24/04/2015,0.100441,33090,293761,,,,,2651,1033,337,1281,9913196,11954
601669,中国电建,土木工程建筑业,E48,2015-18,30/04/2015,0.463571,,,,,,,,,,,,
601669,中国电建,土木工程建筑业,E48,2015-19,08/05/2015,-0.195842,63759,465944,,,,,7750,1877,2393,3480,12364933,21817
601669,中国电建,土木工程建筑业,E48,2015-20,15/05/2015,0.018367,47643,308844,,,,,3478,928,944,1606,6113811,9507
601669,中国电建,土木工程建筑业,E48,2015-21,22/05/2015,0.065464,44243,264960,,,,,3125,800,866,1459,5476759,7841
601669,中国电建,土木工程建筑业,E48,2015-22,29/05/2015,-0.088401,51921,329567,103,268,33,422,3998,908,1192,1898,9356222,11933
601669,中国电建,土木工程建筑业,E48,2015-23,05/06/2015,0.154058,47754,282379,,,,,2323,582,661,1080,4770335,5972
601669,中国电建,土木工程建筑业,E48,2015-24,12/06/2015,-0.067146,40086,228749,,,,,3288,660,1086,1542,5589902,10102
601669,中国电建,土木工程建筑业,E48,2015-25,19/06/2015,-0.198586,31435,193038,,,,,2941,558,1022,1361,3595240,7032
601669,中国电建,土木工程建筑业,E48,2015-26,26/06/2015,-0.097835,23863,154016,,,,,1561,295,514,752,2501750,3170
601669,中国电建,土木工程建筑业,E48,2015-27,03/07/2015,-0.247111,28201,187459,,,,,1570,297,551,722,1775014,3203
601669,中国电建,土木工程建筑业,E48,2015-28,10/07/2015,0.207792,29534,178235,,,,,1556,318,468,770,1889388,3045
601669,中国电建,土木工程建筑业,E48,2015-29,17/07/2015,-0.024438,27425,144120,,,,,1073,206,326,541,1534949,2182
601669,中国电建,土木工程建筑业,E48,2015-30,24/07/2015,0.12024,27294,140621,,,,,1229,279,320,630,2282750,1992
601669,中国电建,土木工程建筑业,E48,2015-31,31/07/2015,-0.120751,19114,92385,,,,,851,179,293,379,1232391,1261
601669,中国电建,土木工程建筑业,E48,2015-32,07/08/2015,0.036623,17875,79672,,,,,617,149,185,283,1481734,10766
601669,中国电建,土木工程建筑业,E48,2015-33,14/08/2015,0.095191,18675,86379,,,,,714,174,192,348,1336120,1122
601669,中国电建,土木工程建筑业,E48,2015-34,21/08/2015,-0.208781,16358,70865,,,,,691,148,206,337,482839,1865
601669,中国电建,土木工程建筑业,E48,2015-35,28/08/2015,-0.127973,14293,67733,,,,,612,138,172,302,182498,1537
601669,中国电建,土木工程建筑业,E48,2015-36,02/09/2015,0.08961,,,,,,,,,,,,
601669,中国电建,土木工程建筑业,E48,2015-37,11/09/2015,-0.048868,11709,49594,,,,,543,149,136,258,110477,679
601669,中国电建,土木工程建筑业,E48,2015-38,18/09/2015,-0.012531,11296,45155,,,,,367,92,122,153,160432,670
601669,中国电建,土木工程建筑业,E48,2015-39,25/09/2015,-0.010152,9963,37340,,,,,397,91,118,188,86794,475
601669,中国电建,土木工程建筑业,E48,2015-40,30/09/2015,-0.055128,,,,,,,,,,,,
601669,中国电建,土木工程建筑业,E48,2015-41,09/10/2015,0.042062,4917,17766,,,,,76,28,15,33,28895,81
601669,中国电建,土木工程建筑业,E48,2015-42,16/10/2015,0.083333,10580,38897,,,,,254,63,65,126,363166,419
601669,中国电建,土木工程建筑业,E48,2015-43,23/10/2015,0.070913,13559,57411,,,,,601,150,160,291,863163,936
601669,中国电建,土木工程建筑业,E48,2015-44,30/10/2015,-0.040404,11014,40433,,,,,416,110,120,186,554960,531
601669,中国电建,土木工程建筑业,E48,2015-45,06/11/2015,0.102924,11572,43673,,,,,538,138,152,248,813534,880
601669,中国电建,土木工程建筑业,E48,2015-46,13/11/2015,-0.037116,11872,43370,,,,,469,145,133,191,579195,606
601669,中国电建,土木工程建筑业,E48,2015-47,20/11/2015,0.008811,9753,35095,,,,,422,120,108,194,553460,782
601669,中国电建,土木工程建筑业,E48,2015-48,27/11/2015,-0.108079,9917,35104,8,12,0,44,668,118,210,340,656937,1200
601669,中国电建,土木工程建筑业,E48,2015-49,04/12/2015,0.014688,9777,35261,,,,,524,138,136,250,554286,949
601669,中国电建,土木工程建筑业,E48,2015-50,11/12/2015,-0.045838,8220,28133,,,,,434,89,141,204,692526,452
601669,中国电建,土木工程建筑业,E48,2015-51,18/12/2015,0.035398,7847,27762,,,,,352,81,83,188,799062,346
601669,中国电建,土木工程建筑业,E48,2015-52,25/12/2015,-0.002442,8065,27830,,,,,456,117,103,236,854247,493
601669,中国电建,土木工程建筑业,E48,2015-53,31/12/2015,-0.017136,,,,,,,,,,,,
601669,中国电建,土木工程建筑业,E48,2016-02,08/01/2016,-0.127024,7745,26990,,,,,314,73,76,165,662862,643
601669,中国电建,土木工程建筑业,E48,2016-03,15/01/2016,-0.072753,7497,26077,,,,,259,61,74,124,693134,402
601669,中国电建,土木工程建筑业,E48,2016-04,22/01/2016,0.081538,8903,32941,,,,,554,152,142,260,1075032,765
601669,中国电建,土木工程建筑业,E48,2016-05,29/01/2016,-0.102418,7406,25588,,,,,513,133,111,269,657773,333
601669,中国电建,土木工程建筑业,E48,2016-06,05/02/2016,0.001585,6325,21267,,,,,210,60,41,109,723249,310
601669,中国电建,土木工程建筑业,E48,2016-08,19/02/2016,0.045886,7048,22920,,,,,213,69,51,93,507941,409
601669,中国电建,土木工程建筑业,E48,2016-09,26/02/2016,-0.07413,6997,22854,,,,,271,56,79,136,434921,234
601669,中国电建,土木工程建筑业,E48,2016-10,04/03/2016,0.053922,6962,23027,,,,,228,57,51,120,752503,655
601669,中国电建,土木工程建筑业,E48,2016-11,11/03/2016,-0.023256,6076,20785,,,,,245,66,64,115,534199,334
601669,中国电建,土木工程建筑业,E48,2016-12,18/03/2016,0.046032,6423,21249,,,,,296,65,72,159,661831,331
601669,中国电建,土木工程建筑业,E48,2016-13,25/03/2016,-0.003035,6904,22691,,,,,319,67,95,157,582823,249
601669,中国电建,土木工程建筑业,E48,2016-14,01/04/2016,-0.012177,5762,19443,,,,,385,62,117,206,812129,415
601669,中国电建,土木工程建筑业,E48,2016-15,08/04/2016,0.001541,5784,19207,,,,,348,72,78,198,828712,913
601669,中国电建,土木工程建筑业,E48,2016-16,15/04/2016,0.026154,6186,20396,,,,,423,96,109,218,877170,333
601669,中国电建,土木工程建筑业,E48,2016-17,22/04/2016,-0.061469,5210,16854,,,,,410,126,76,208,875965,1837
601669,中国电建,土木工程建筑业,E48,2016-18,26/04/2016,0.004792,,,,,,,,,,,,
601669,中国电建,土木工程建筑业,E48,2016-20,13/05/2016,-0.044515,5933,21351,,,,,1058,246,86,726,1378582,1090
601669,中国电建,土木工程建筑业,E48,2016-21,20/05/2016,-0.021631,5568,19026,,,,,947,132,118,697,745236,311
601669,中国电建,土木工程建筑业,E48,2016-22,27/05/2016,-0.015306,4471,16599,,,,,684,92,144,448,842101,255
601669,中国电建,土木工程建筑业,E48,2016-23,03/06/2016,0.032815,5020,18588,,,,,828,80,91,657,727301,250
601669,中国电建,土木工程建筑业,E48,2016-24,08/06/2016,-0.008361,,,,,,,,,,,,
601669,中国电建,土木工程建筑业,E48,2016-25,17/06/2016,-0.043845,4382,16377,,,,,532,129,119,284,706059,320
601669,中国电建,土木工程建筑业,E48,2016-26,24/06/2016,-0.022928,4234,15019,,,,,493,120,125,248,571136,611
601669,中国电建,土木工程建筑业,E48,2016-27,01/07/2016,0.025271,4741,16787,,,,,394,74,115,205,324631,304
601669,中国电建,土木工程建筑业,E48,2016-28,08/07/2016,0.03169,6089,19566,,,,,314,100,60,154,225973,359
601669,中国电建,土木工程建筑业,E48,2016-29,15/07/2016,0.023379,5934,20413,,,,,386,111,83,192,322257,410
601669,中国电建,土木工程建筑业,E48,2016-30,22/07/2016,-0.016892,4915,17564,,,,,314,74,81,159,240277,191
601669,中国电建,土木工程建筑业,E48,2016-31,29/07/2016,0.022337,4932,17342,,,,,291,74,73,144,286621,382
601669,中国电建,土木工程建筑业,E48,2016-32,05/08/2016,-0.036975,4765,16722,,,,,262,79,64,119,220099,394
601669,中国电建,土木工程建筑业,E48,2016-33,12/08/2016,0.054101,4961,16497,,,,,235,69,51,115,197014,377
601669,中国电建,土木工程建筑业,E48,2016-34,19/08/2016,0.076159,6965,21929,,,,,306,89,64,153,285474,445
601669,中国电建,土木工程建筑业,E48,2016-35,26/08/2016,-0.046154,5984,19270,,,,,160,46,52,62,128960,309
601669,中国电建,土木工程建筑业,E48,2016-36,02/09/2016,0.008065,5734,18017,,,,,258,82,69,107,232836,344
601669,中国电建,土木工程建筑业,E48,2016-37,09/09/2016,0.0192,5617,17785,,,,,287,90,63,134,230749,382
601669,中国电建,土木工程建筑业,E48,2016-38,14/09/2016,-0.015699,,,,,,,,,,,,
601669,中国电建,土木工程建筑业,E48,2016-39,23/09/2016,-0.009569,4287,15164,,,,,160,42,43,75,109043,230
601669,中国电建,土木工程建筑业,E48,2016-40,30/09/2016,-0.037037,3951,14011,,,,,194,48,72,74,117141,235
601669,中国电建,土木工程建筑业,E48,2016-42,14/10/2016,0.043478,4415,16641,,,,,143,52,28,63,122554,66
601669,中国电建,土木工程建筑业,E48,2016-43,21/10/2016,0.129808,6478,24037,,,,,416,131,80,205,417813,457
601669,中国电建,土木工程建筑业,E48,2016-44,28/10/2016,-0.029787,8970,34778,,,,,355,110,75,170,384005,1034
601669,中国电建,土木工程建筑业,E48,2016-45,04/11/2016,0.026316,7108,25110,,,,,261,66,69,126,202747,368
601669,中国电建,土木工程建筑业,E48,2016-46,11/11/2016,0.035613,7216,25831,,,,,273,85,65,123,217442,433
601669,中国电建,土木工程建筑业,E48,2016-47,18/11/2016,0.013755,7502,28083,,,,,339,104,66,169,405434,578
601669,中国电建,土木工程建筑业,E48,2016-48,25/11/2016,0.032564,7809,31648,,,,,424,152,93,179,416102,619
601669,中国电建,土木工程建筑业,E48,2016-49,02/12/2016,0.074901,10296,41917,,,,,569,170,121,278,841533,695
601669,中国电建,土木工程建筑业,E48,2016-50,09/12/2016,-0.096577,8529,30169,,,,,586,112,169,305,512332,699
601669,中国电建,土木工程建筑业,E48,2016-51,16/12/2016,-0.060893,7403,24880,,,,,301,64,75,162,253157,398
601669,中国电建,土木工程建筑业,E48,2016-52,23/12/2016,0.027378,6478,22833,,,,,186,64,42,80,169743,228
601669,中国电建,土木工程建筑业,E48,2016-53,30/12/2016,0.018233,6266,22041,,,,,189,60,42,87,200781,256
601688,华泰证券,资本市场服务,J67,2014-01,03/01/2014,-0.040179,1615,11313,,,,,102,31,31,40,183657,226
601688,华泰证券,资本市场服务,J67,2014-02,10/01/2014,-0.012791,3920,27311,,,,,163,73,40,50,246214,342
601688,华泰证券,资本市场服务,J67,2014-03,17/01/2014,0.005889,3279,24148,,,,,117,48,26,43,173129,246
601688,华泰证券,资本市场服务,J67,2014-04,24/01/2014,0.031616,3349,25768,,,,,150,51,49,50,178772,258
601688,华泰证券,资本市场服务,J67,2014-05,30/01/2014,-0.039728,,,,,,,,,,,,
601688,华泰证券,资本市场服务,J67,2014-06,07/02/2014,0.003546,1482,17275,,,,,55,27,9,19,82791,85
601688,华泰证券,资本市场服务,J67,2014-07,14/02/2014,0.023557,4174,38575,,,,,152,68,31,53,255993,384
601688,华泰证券,资本市场服务,J67,2014-08,21/02/2014,-0.059839,4459,45057,,,,,239,87,74,78,362024,563
601688,华泰证券,资本市场服务,J67,2014-09,28/02/2014,-0.01836,4522,37896,,,,,257,82,71,104,345760,553
601688,华泰证券,资本市场服务,J67,2014-10,07/03/2014,-0.01995,4556,33126,,,,,209,88,47,74,289482,429
601688,华泰证券,资本市场服务,J67,2014-11,14/03/2014,-0.058524,5176,30195,,,,,375,105,111,159,472329,889
601688,华泰证券,资本市场服务,J67,2014-12,21/03/2014,0.021622,5139,28076,,,,,328,123,83,122,446720,652
601688,华泰证券,资本市场服务,J67,2014-13,28/03/2014,0.018519,5591,30029,,,,,203,81,48,74,302365,358
601688,华泰证券,资本市场服务,J67,2014-14,04/04/2014,0.04026,4753,26201,,,,,217,87,44,86,676697,1062
601688,华泰证券,资本市场服务,J67,2014-15,11/04/2014,0.066167,7370,33802,12,174,7,281,451,173,92,186,960616,1325
601688,华泰证券,资本市场服务,J67,2014-16,18/04/2014,-0.019906,6292,31653,100,79,27,349,225,103,45,77,522686,453
601688,华泰证券,资本市场服务,J67,2014-17,25/04/2014,-0.050179,5107,27714,14,27,1,64,111,45,30,36,204217,189
601688,华泰证券,资本市场服务,J67,2014-18,30/04/2014,0.020126,,,,,,,,,,,,
601688,华泰证券,资本市场服务,J67,2014-19,09/05/2014,0.011097,5185,27104,,,,,113,53,29,31,242028,271
601688,华泰证券,资本市场服务,J67,2014-20,16/05/2014,-0.026829,5833,28760,,,,,153,62,42,49,312950,472
601688,华泰证券,资本市场服务,J67,2014-21,23/05/2014,-0.005013,4252,24859,,,,,141,48,49,44,531697,432
601688,华泰证券,资本市场服务,J67,2014-22,30/05/2014,-0.015113,3634,25141,,,,,142,40,60,42,185648,250
601688,华泰证券,资本市场服务,J67,2014-23,06/06/2014,-0.024297,3061,21578,,,,,164,49,51,64,256815,491
601688,华泰证券,资本市场服务,J67,2014-24,13/06/2014,0.019659,3707,24897,,,,,135,56,34,45,217898,357
601688,华泰证券,资本市场服务,J67,2014-25,20/06/2014,-0.024422,3530,26288,,,,,93,41,14,38,168658,301
601688,华泰证券,资本市场服务,J67,2014-26,27/06/2014,0.003953,3748,26154,,,,,229,61,74,94,266330,541
601688,华泰证券,资本市场服务,J67,2014-27,04/07/2014,0.014726,4048,28653,,,,,184,54,57,73,303831,439
601688,华泰证券,资本市场服务,J67,2014-28,11/07/2014,0,3971,28733,,,,,191,69,56,66,286282,556
601688,华泰证券,资本市场服务,J67,2014-29,18/07/2014,0.014512,4268,29852,,,,,137,66,24,47,243700,372
601688,华泰证券,资本市场服务,J67,2014-30,25/07/2014,0.054616,5321,31860,,,,,205,70,49,86,315586,422
601688,华泰证券,资本市场服务,J67,2014-31,01/08/2014,0.040691,6690,40214,,,,,263,82,66,115,394506,662
601688,华泰证券,资本市场服务,J67,2014-32,08/08/2014,0.009479,6321,38352,,,,,265,87,69,109,701561,1034
601688,华泰证券,资本市场服务,J67,2014-33,15/08/2014,0.0223,5671,38231,139,90,27,433,270,90,66,114,528212,932
601688,华泰证券,资本市场服务,J67,2014-34,22/08/2014,-0.004592,5579,38167,,,,,213,84,40,89,386969,624
601688,华泰证券,资本市场服务,J67,2014-35,29/08/2014,-0.033449,4444,34429,,,,,205,80,48,77,320732,409
601688,华泰证券,资本市场服务,J67,2014-36,05/09/2014,0.071599,5621,41771,,,,,251,106,53,92,518206,603
601688,华泰证券,资本市场服务,J67,2014-37,12/09/2014,-0.011136,5513,41830,,,,,221,77,52,92,491362,415
601688,华泰证券,资本市场服务,J67,2014-38,19/09/2014,-0.015766,5869,47766,145,337,45,646,256,83,81,92,461690,571
601688,华泰证券,资本市场服务,J67,2014-39,26/09/2014,0.02746,6243,47687,,,,,220,79,46,95,399399,525
601688,华泰证券,资本市场服务,J67,2014-40,30/09/2014,0.01559,,,,,,,,,,,,
601688,华泰证券,资本市场服务,J67,2014-41,10/10/2014,-0.010965,4053,37310,,,,,141,54,36,51,305589,384
601688,华泰证券,资本市场服务,J67,2014-42,17/10/2014,0.04102,6653,46169,,,,,284,108,65,111,567819,622
601688,华泰证券,资本市场服务,J67,2014-43,24/10/2014,-0.027689,6627,41290,,,,,199,83,60,56,334365,391
601688,华泰证券,资本市场服务,J67,2014-44,31/10/2014,0.146769,6650,45490,253,176,36,699,370,137,68,165,789265,911
601688,华泰证券,资本市场服务,J67,2014-45,07/11/2014,0.08787,7901,52291,,,,,331,130,72,129,759059,703
601688,华泰证券,资本市场服务,J67,2014-46,14/11/2014,0.111501,9632,62852,,,,,650,243,145,262,1861217,2106
601688,华泰证券,资本市场服务,J67,2014-48,28/11/2014,0.330964,11542,92365,33,79,8,223,1154,399,173,582,3419670,6710
601688,华泰证券,资本市场服务,J67,2014-49,05/12/2014,0.47181,18720,165187,,,,,2236,763,435,1038,4169742,5542
601688,华泰证券,资本市场服务,J67,2014-50,12/12/2014,-0.1375,21892,205505,31,52,10,212,2441,652,709,1080,3567333,5413
601688,华泰证券,资本市场服务,J67,2014-51,19/12/2014,0.060776,18260,145381,,,,,1250,364,330,556,2146133,3123
601688,华泰证券,资本市场服务,J67,2014-52,26/12/2014,0.100926,16921,118566,,,,,1236,371,325,540,1857953,2552
601688,华泰证券,资本市场服务,J67,2014-53,31/12/2014,-0.020416,,,,,,,,,,,,
601688,华泰证券,资本市场服务,J67,2015-02,09/01/2015,0.019616,18155,124758,,,,,1451,473,362,616,2527451,4146
601688,华泰证券,资本市场服务,J67,2015-03,16/01/2015,0.030862,16447,101885,8,42,9,178,1400,442,300,658,3216801,5583
601688,华泰证券,资本市场服务,J67,2015-04,23/01/2015,-0.11353,15272,101789,,,,,1483,416,409,658,3017814,3228
601688,华泰证券,资本市场服务,J67,2015-05,30/01/2015,-0.075,12682,88344,,,,,863,238,226,399,1755221,2917
601688,华泰证券,资本市场服务,J67,2015-06,06/02/2015,0.037459,12622,74781,9,10,1,20,835,246,204,385,2167941,4061
601688,华泰证券,资本市场服务,J67,2015-07,13/02/2015,0.041133,10745,64838,47,67,16,249,409,127,105,177,677834,915
601688,华泰证券,资本市场服务,J67,2015-08,17/02/2015,-0.002195,,,,,,,,,,,,
601688,华泰证券,资本市场服务,J67,2015-09,27/02/2015,0.010999,7109,54510,,,,,260,71,73,116,570141,845
601688,华泰证券,资本市场服务,J67,2015-10,06/03/2015,-0.062663,11557,94422,,,,,713,218,197,298,1504036,1909
601688,华泰证券,资本市场服务,J67,2015-11,13/03/2015,0.016249,12687,95555,162,171,24,644,609,220,119,270,1312899,1811
601688,华泰证券,资本市场服务,J67,2015-12,20/03/2015,0.244404,14840,141917,,,,,796,321,117,358,1821532,2961
601688,华泰证券,资本市场服务,J67,2015-13,27/03/2015,-0.008811,15086,160323,,,,,597,235,136,226,1364648,1937
601688,华泰证券,资本市场服务,J67,2015-14,03/04/2015,0.134074,16695,173387,,,,,1026,346,191,489,2442144,3875
601688,华泰证券,资本市场服务,J67,2015-15,10/04/2015,-0.000653,14921,181194,,,,,957,306,236,415,2822841,3822
601688,华泰证券,资本市场服务,J67,2015-16,17/04/2015,-0.015686,15541,301390,23,24,1,48,1171,317,288,566,2234568,3089
601688,华泰证券,资本市场服务,J67,2015-17,24/04/2015,0.011288,18183,276872,59,79,16,358,1550,367,386,797,3007447,4367
601688,华泰证券,资本市场服务,J67,2015-18,30/04/2015,-0.027249,,,,,,,,,,,,
601688,华泰证券,资本市场服务,J67,2015-19,08/05/2015,-0.040851,15234,164233,,,,,1010,280,257,473,1759892,2942
601688,华泰证券,资本市场服务,J67,2015-20,15/05/2015,-0.030064,14257,164322,,,,,751,180,215,356,1532818,2128
601688,华泰证券,资本市场服务,J67,2015-21,22/05/2015,0.170849,20171,246331,,,,,1511,517,270,724,3437122,4270
601688,华泰证券,资本市场服务,J67,2015-22,29/05/2015,-0.079105,19603,288061,,,,,1282,371,336,575,2991312,3556
601688,华泰证券,资本市场服务,J67,2015-23,05/06/2015,0.014031,17320,257893,,,,,1313,288,370,655,1859453,2242
601688,华泰证券,资本市场服务,J67,2015-24,12/06/2015,0.001012,16327,219076,,,,,829,260,205,364,1839132,2189
601688,华泰证券,资本市场服务,J67,2015-25,19/06/2015,-0.11733,17618,193172,,,,,973,276,263,434,2088287,2016
601688,华泰证券,资本市场服务,J67,2015-26,26/06/2015,-0.121467,12876,124285,,,,,798,197,207,394,1444525,3270
601688,华泰证券,资本市场服务,J67,2015-27,03/07/2015,-0.021304,16156,164628,,,,,926,263,204,459,2094200,7733
601688,华泰证券,资本市场服务,J67,2015-28,10/07/2015,0.087072,15701,164944,,,,,804,232,204,368,1634536,2032
601688,华泰证券,资本市场服务,J67,2015-29,17/07/2015,-0.086637,12845,131538,,,,,867,197,260,410,1341069,2089
601688,华泰证券,资本市场服务,J67,2015-30,24/07/2015,-0.068456,11279,107715,,,,,1114,213,369,532,1985490,2336
601688,华泰证券,资本市场服务,J67,2015-31,31/07/2015,-0.070125,10953,93213,,,,,750,159,233,358,1197061,2374
601688,华泰证券,资本市场服务,J67,2015-32,07/08/2015,-0.053719,9119,74445,,,,,546,129,164,253,839037,835
601688,华泰证券,资本市场服务,J67,2015-33,14/08/2015,0.05786,9030,78121,,,,,355,89,106,160,786731,717
601688,华泰证券,资本市场服务,J67,2015-34,21/08/2015,-0.199174,9081,75241,,,,,486,118,159,209,497330,1344
601688,华泰证券,资本市场服务,J67,2015-35,28/08/2015,-0.041881,9937,79834,100,104,23,470,472,127,113,232,209058,2195
601688,华泰证券,资本市场服务,J67,2015-36,02/09/2015,-0.003362,,,,,,,,,,,,
601688,华泰证券,资本市场服务,J67,2015-37,11/09/2015,-0.01417,7686,60591,,,,,369,98,110,161,225542,3922
601688,华泰证券,资本市场服务,J67,2015-38,18/09/2015,-0.033539,6800,63792,,,,,340,67,100,173,255939,3530
601688,华泰证券,资本市场服务,J67,2015-39,25/09/2015,-0.007082,5440,53583,17,13,3,48,241,52,79,110,327323,1398
601688,华泰证券,资本市场服务,J67,2015-40,30/09/2015,-0.007133,,,,,,,,,,,,
601688,华泰证券,资本市场服务,J67,2015-41,09/10/2015,0.117098,3588,36370,,,,,104,44,15,45,87042,243
601688,华泰证券,资本市场服务,J67,2015-42,16/10/2015,0.140193,7802,68315,,,,,300,121,53,126,1839899,3456
601688,华泰证券,资本市场服务,J67,2015-43,23/10/2015,0.023125,6969,62858,,,,,252,92,34,126,532388,957
601688,华泰证券,资本市场服务,J67,2015-44,30/10/2015,-0.025358,6533,57484,,,,,247,98,52,97,519307,823
601688,华泰证券,资本市场服务,J67,2015-45,06/11/2015,0.238688,7754,66273,123,149,28,485,423,151,90,182,824173,1651
601688,华泰证券,资本市场服务,J67,2015-46,13/11/2015,0.004566,9175,82726,,,,,427,128,110,189,751686,1233
601688,华泰证券,资本市场服务,J67,2015-47,20/11/2015,-0.068182,7713,71627,,,,,569,121,164,284,797162,2408
601688,华泰证券,资本市场服务,J67,2015-48,27/11/2015,-0.088293,7126,65378,,,,,349,107,94,148,391217,546
601688,华泰证券,资本市场服务,J67,2015-49,04/12/2015,0.05939,6853,61225,,,,,328,122,67,139,501072,1033
601688,华泰证券,资本市场服务,J67,2015-50,11/12/2015,-0.029798,6083,53115,,,,,305,92,75,138,820141,840
601688,华泰证券,资本市场服务,J67,2015-51,18/12/2015,0.07444,6962,55422,,,,,380,118,97,165,1984590,647
601688,华泰证券,资本市场服务,J67,2015-52,25/12/2015,0.037306,7455,59517,,,,,395,146,75,174,2196372,4463
601688,华泰证券,资本市场服务,J67,2015-53,31/12/2015,-0.078935,,,,,,,,,,,,
601688,华泰证券,资本市场服务,J67,2016-02,08/01/2016,-0.1643,6328,49524,,,,,330,51,107,172,733915,560
601688,华泰证券,资本市场服务,J67,2016-03,15/01/2016,-0.092233,5771,46687,,,,,302,90,60,152,1075147,1259
601688,华泰证券,资本市场服务,J67,2016-04,22/01/2016,0.010027,4673,41925,,,,,185,76,26,83,567056,336
601688,华泰证券,资本市场服务,J67,2016-05,29/01/2016,-0.035076,5257,40915,,,,,333,92,83,158,2706715,2835
601688,华泰证券,资本市场服务,J67,2016-06,05/02/2016,-0.026063,4661,35462,,,,,264,80,70,114,1305822,669
601688,华泰证券,资本市场服务,J67,2016-08,19/02/2016,0.090845,5065,39026,,,,,136,53,26,57,879167,391
601688,华泰证券,资本市场服务,J67,2016-09,26/02/2016,-0.077469,5369,45621,,,,,150,46,43,61,858556,289
601688,华泰证券,资本市场服务,J67,2016-10,04/03/2016,0.074878,4951,46252,,,,,164,52,32,80,936816,613
601688,华泰证券,资本市场服务,J67,2016-11,11/03/2016,-0.048828,4119,40084,,,,,148,47,40,61,439089,319
601688,华泰证券,资本市场服务,J67,2016-12,18/03/2016,0.119097,5950,45325,,,,,372,110,80,182,1905300,2515
601688,华泰证券,资本市场服务,J67,2016-13,25/03/2016,0.039144,6400,56018,,,,,292,107,51,134,1017236,1109
601688,华泰证券,资本市场服务,J67,2016-14,01/04/2016,0.00824,5175,46268,,,,,242,85,46,111,1592418,1411
601688,华泰证券,资本市场服务,J67,2016-15,08/04/2016,-0.037361,4052,41231,,,,,165,65,35,65,897986,755
601688,华泰证券,资本市场服务,J67,2016-16,15/04/2016,0.097029,5513,50877,,,,,242,100,39,103,1919844,1438
601688,华泰证券,资本市场服务,J67,2016-17,22/04/2016,0.006633,4886,41994,,,,,225,97,29,99,877590,641
601688,华泰证券,资本市场服务,J67,2016-18,29/04/2016,-0.043932,4765,39611,,,,,1598,774,53,771,703891,351
601688,华泰证券,资本市场服务,J67,2016-19,06/05/2016,-0.034463,3653,37624,,,,,1130,446,16,668,409052,984
601688,华泰证券,资本市场服务,J67,2016-20,13/05/2016,-0.067222,3754,35352,,,,,863,207,79,577,638264,646
601688,华泰证券,资本市场服务,J67,2016-21,20/05/2016,0.035714,3440,34193,,,,,755,120,90,545,497204,770
601688,华泰证券,资本市场服务,J67,2016-22,27/05/2016,0.044951,3834,34638,,,,,608,106,114,388,549654,675
601688,华泰证券,资本市场服务,J67,2016-23,03/06/2016,0.098998,4811,42358,,,,,652,79,36,537,442542,365
601688,华泰证券,资本市场服务,J67,2016-24,08/06/2016,-0.035389,,,,,,,,,,,,
601688,华泰证券,资本市场服务,J67,2016-25,17/06/2016,-0.027237,3954,36651,,,,,171,51,38,82,395563,233
601688,华泰证券,资本市场服务,J67,2016-26,24/06/2016,0.025143,3984,36328,,,,,219,68,41,110,327435,142
601688,华泰证券,资本市场服务,J67,2016-27,01/07/2016,0.052397,4610,39884,,,,,212,77,48,87,197136,88
601688,华泰证券,资本市场服务,J67,2016-28,08/07/2016,0.064619,5866,48280,,,,,293,104,57,132,325147,495
601688,华泰证券,资本市场服务,J67,2016-29,15/07/2016,0.036318,5048,44564,,,,,213,71,50,92,159554,131
601688,华泰证券,资本市场服务,J67,2016-30,22/07/2016,-0.030725,4268,40480,,,,,220,68,45,107,233660,169
601688,华泰证券,资本市场服务,J67,2016-31,29/07/2016,-0.066369,4345,38632,,,,,170,49,47,74,231419,244
601688,华泰证券,资本市场服务,J67,2016-32,05/08/2016,0.018568,4307,37585,,,,,183,73,35,75,248214,196
601688,华泰证券,资本市场服务,J67,2016-33,12/08/2016,0.041711,3818,36522,,,,,58,21,6,31,44612,41
601688,华泰证券,资本市场服务,J67,2016-34,19/08/2016,0.063655,7733,53722,,,,,521,143,149,229,499542,963
601688,华泰证券,资本市场服务,J67,2016-35,26/08/2016,-0.03861,5540,43390,,,,,272,73,69,130,264057,273
601688,华泰证券,资本市场服务,J67,2016-36,02/09/2016,0.00502,4545,44136,,,,,169,50,42,77,154371,272
601688,华泰证券,资本市场服务,J67,2016-37,09/09/2016,0.000999,4130,39174,,,,,217,76,44,97,174174,288
601688,华泰证券,资本市场服务,J67,2016-38,14/09/2016,-0.071856,,,,,,,,,,,,
601688,华泰证券,资本市场服务,J67,2016-39,23/09/2016,-0.00914,3347,40775,,,,,200,47,54,99,141840,213
601688,华泰证券,资本市场服务,J67,2016-40,30/09/2016,-0.026044,3766,38884,,,,,194,42,60,92,130272,244
601688,华泰证券,资本市场服务,J67,2016-42,14/10/2016,0.030641,3943,46813,,,,,113,40,23,50,127107,231
601688,华泰证券,资本市场服务,J67,2016-43,21/10/2016,0.011351,3761,45506,,,,,78,26,15,37,76783,127
601688,华泰证券,资本市场服务,J67,2016-44,28/10/2016,0.071085,5184,49318,,,,,228,81,45,102,301806,327
601688,华泰证券,资本市场服务,J67,2016-45,04/11/2016,0.02495,6260,49731,,,,,254,92,54,108,330982,362
601688,华泰证券,资本市场服务,J67,2016-46,11/11/2016,0.037488,5315,45494,,,,,145,45,40,60,157112,94
601688,华泰证券,资本市场服务,J67,2016-47,18/11/2016,-0.042234,4874,47537,,,,,173,51,43,79,172076,126
601688,华泰证券,资本市场服务,J67,2016-48,25/11/2016,-0.00245,5271,45529,,,,,433,100,146,187,362632,405
601688,华泰证券,资本市场服务,J67,2016-49,02/12/2016,-0.03831,5485,44709,,,,,299,75,82,142,334446,341
601688,华泰证券,资本市场服务,J67,2016-50,09/12/2016,-0.034219,4476,40109,,,,,285,75,61,149,283070,387
601688,华泰证券,资本市场服务,J67,2016-51,16/12/2016,-0.044421,3545,37102,,,,,196,50,56,90,142355,245
601688,华泰证券,资本市场服务,J67,2016-52,23/12/2016,-0.014942,3500,37126,,,,,177,39,41,97,140069,273
601688,华泰证券,资本市场服务,J67,2016-53,30/12/2016,0.003371,3011,34609,,,,,119,27,43,49,81782,146
601766,中国中车,铁路、船舶、航空航天和其它运输设备制造业,C37,2014-01,03/01/2014,-0.017964,3436,9815,7,12,6,37,160,48,54,58,226071,206
601766,中国中车,铁路、船舶、航空航天和其它运输设备制造业,C37,2014-02,10/01/2014,-0.081301,7354,21408,,,,,213,51,82,80,334665,526
601766,中国中车,铁路、船舶、航空航天和其它运输设备制造业,C37,2014-03,17/01/2014,-0.044248,6159,18533,,,,,190,44,63,83,254869,341
601766,中国中车,铁路、船舶、航空航天和其它运输设备制造业,C37,2014-04,24/01/2014,0.06713,6785,20236,,,,,124,41,44,39,203709,270
601766,中国中车,铁路、船舶、航空航天和其它运输设备制造业,C37,2014-05,30/01/2014,-0.08026,,,,,,,,,,,,
601766,中国中车,铁路、船舶、航空航天和其它运输设备制造业,C37,2014-06,07/02/2014,-0.002358,2626,10528,,,,,88,24,24,40,162514,220
601766,中国中车,铁路、船舶、航空航天和其它运输设备制造业,C37,2014-07,14/02/2014,0.049645,7865,23504,,,,,164,56,44,64,248133,382
601766,中国中车,铁路、船舶、航空航天和其它运输设备制造业,C37,2014-08,21/02/2014,-0.009009,7667,21839,,,,,173,62,43,68,282449,355
601766,中国中车,铁路、船舶、航空航天和其它运输设备制造业,C37,2014-09,28/02/2014,-0.052273,7428,20785,,,,,291,88,84,119,372732,708
601766,中国中车,铁路、船舶、航空航天和其它运输设备制造业,C37,2014-10,07/03/2014,0.004796,7021,20190,,,,,201,78,42,81,259856,195
601766,中国中车,铁路、船舶、航空航天和其它运输设备制造业,C37,2014-11,14/03/2014,-0.011933,6531,18823,,,,,108,50,18,40,164740,138
601766,中国中车,铁路、船舶、航空航天和其它运输设备制造业,C37,2014-12,21/03/2014,0.07971,8351,25301,23,57,6,249,312,113,86,113,567589,534
601766,中国中车,铁路、船舶、航空航天和其它运输设备制造业,C37,2014-13,28/03/2014,0.004474,8185,23385,14,10,0,39,263,104,55,104,422473,519
601766,中国中车,铁路、船舶、航空航天和其它运输设备制造业,C37,2014-14,04/04/2014,0.028953,7802,22754,253,206,64,782,188,79,46,63,285284,182
601766,中国中车,铁路、船舶、航空航天和其它运输设备制造业,C37,2014-15,11/04/2014,0.017316,6957,20676,,,,,70,39,15,16,137908,100
601766,中国中车,铁路、船舶、航空航天和其它运输设备制造业,C37,2014-16,18/04/2014,-0.061702,7789,21476,,,,,121,34,43,44,275868,467
601766,中国中车,铁路、船舶、航空航天和其它运输设备制造业,C37,2014-17,25/04/2014,-0.015873,7611,20767,12,6,1,34,154,39,46,69,232050,241
601766,中国中车,铁路、船舶、航空航天和其它运输设备制造业,C37,2014-18,30/04/2014,-0.018433,,,,,,,,,,,,
601766,中国中车,铁路、船舶、航空航天和其它运输设备制造业,C37,2014-19,09/05/2014,0.025822,8422,24749,,,,,87,35,18,34,147495,203
601766,中国中车,铁路、船舶、航空航天和其它运输设备制造业,C37,2014-20,16/05/2014,-0.009153,7585,20781,,,,,87,42,13,32,169145,218
601766,中国中车,铁路、船舶、航空航天和其它运输设备制造业,C37,2014-21,23/05/2014,-0.013857,6181,19336,,,,,72,39,10,23,172352,192
601766,中国中车,铁路、船舶、航空航天和其它运输设备制造业,C37,2014-22,30/05/2014,-0.01171,5479,17405,,,,,75,31,17,27,144425,190
601766,中国中车,铁路、船舶、航空航天和其它运输设备制造业,C37,2014-23,06/06/2014,-0.009479,4545,15669,7,12,0,35,91,42,19,30,252016,270
601766,中国中车,铁路、船舶、航空航天和其它运输设备制造业,C37,2014-24,13/06/2014,0.047847,6403,19444,5,13,0,33,137,67,21,49,379582,328
601766,中国中车,铁路、船舶、航空航天和其它运输设备制造业,C37,2014-25,20/06/2014,-0.002283,7371,21969,14,28,1,71,138,71,28,39,286033,218
601766,中国中车,铁路、船舶、航空航天和其它运输设备制造业,C37,2014-26,27/06/2014,0.009153,6223,19535,,,,,107,51,15,41,180985,172
601766,中国中车,铁路、船舶、航空航天和其它运输设备制造业,C37,2014-27,04/07/2014,0.038549,7662,21617,,,,,101,66,12,23,165731,206
601766,中国中车,铁路、船舶、航空航天和其它运输设备制造业,C37,2014-28,11/07/2014,0.037118,8425,27793,,,,,149,78,18,53,281554,285
601766,中国中车,铁路、船舶、航空航天和其它运输设备制造业,C37,2014-29,18/07/2014,-0.023158,7669,24307,,,,,100,40,23,37,222115,258
601766,中国中车,铁路、船舶、航空航天和其它运输设备制造业,C37,2014-30,25/07/2014,0.112069,8707,27704,6,9,2,45,130,64,22,44,316555,322
601766,中国中车,铁路、船舶、航空航天和其它运输设备制造业,C37,2014-31,01/08/2014,0.013566,8981,29002,14,14,6,60,125,59,22,44,301274,229
601766,中国中车,铁路、船舶、航空航天和其它运输设备制造业,C37,2014-32,08/08/2014,-0.013619,8359,26739,,,,,92,40,20,32,220395,201
601766,中国中车,铁路、船舶、航空航天和其它运输设备制造业,C37,2014-33,15/08/2014,0.029586,7973,24463,,,,,77,32,8,37,189913,181
601766,中国中车,铁路、船舶、航空航天和其它运输设备制造业,C37,2014-34,22/08/2014,-0.02682,7604,23387,7,3,3,53,144,55,15,74,318631,407
601766,中国中车,铁路、船舶、航空航天和其它运输设备制造业,C37,2014-35,29/08/2014,0.007874,7863,25143,222,176,42,742,117,47,25,45,355591,262
601766,中国中车,铁路、船舶、航空航天和其它运输设备制造业,C37,2014-36,05/09/2014,0.041016,8581,33844,,,,,206,75,39,92,888901,640
601766,中国中车,铁路、船舶、航空航天和其它运输设备制造业,C37,2014-37,12/09/2014,0,7385,26699,,,,,107,45,14,48,283875,410
601766,中国中车,铁路、船舶、航空航天和其它运输设备制造业,C37,2014-38,19/09/2014,-0.013133,7985,29924,,,,,111,56,16,39,287058,327
601766,中国中车,铁路、船舶、航空航天和其它运输设备制造业,C37,2014-39,26/09/2014,-0.003802,7901,28830,,,,,173,68,41,64,346286,381
601766,中国中车,铁路、船舶、航空航天和其它运输设备制造业,C37,2014-40,30/09/2014,0.003817,,,,,,,,,,,,
601766,中国中车,铁路、船舶、航空航天和其它运输设备制造业,C37,2014-41,10/10/2014,-0.005703,5252,18882,,,,,112,48,24,40,229165,447
601766,中国中车,铁路、船舶、航空航天和其它运输设备制造业,C37,2014-42,17/10/2014,0.10325,10918,46670,,,,,652,268,117,267,1259016,1480
601766,中国中车,铁路、船舶、航空航天和其它运输设备制造业,C37,2014-43,24/10/2014,0.005199,14702,56884,24,33,6,97,886,329,194,363,1483098,2133
601766,中国中车,铁路、船舶、航空航天和其它运输设备制造业,C37,2014-53,31/12/2014,0.1,,,,,,,,,,,,
601766,中国中车,铁路、船舶、航空航天和其它运输设备制造业,C37,2015-02,09/01/2015,0.609718,25801,178658,,,,,3286,986,651,1649,7696135,13139
601766,中国中车,铁路、船舶、航空航天和其它运输设备制造业,C37,2015-03,16/01/2015,0.203505,47342,238193,,,,,7055,2318,1449,3288,12096422,19689
601766,中国中车,铁路、船舶、航空航天和其它运输设备制造业,C37,2015-04,23/01/2015,0.119741,65164,316884,,,,,8358,2681,1822,3855,16177832,23620
601766,中国中车,铁路、船舶、航空航天和其它运输设备制造业,C37,2015-05,30/01/2015,-0.092486,57639,298079,,,,,7447,2012,1987,3448,14050741,22391
601766,中国中车,铁路、船舶、航空航天和其它运输设备制造业,C37,2015-06,06/02/2015,-0.119427,54840,298138,,,,,7197,1603,2135,3459,15439014,30292
601766,中国中车,铁路、船舶、航空航天和其它运输设备制造业,C37,2015-07,13/02/2015,0.094937,44214,212487,,,,,3206,848,852,1506,23786216,51207
601766,中国中车,铁路、船舶、航空航天和其它运输设备制造业,C37,2015-08,17/02/2015,0.009083,,,,,,,,,,,,
601766,中国中车,铁路、船舶、航空航天和其它运输设备制造业,C37,2015-09,27/02/2015,-0.008183,27247,133564,,,,,2441,597,635,1209,5582498,8556
601766,中国中车,铁路、船舶、航空航天和其它运输设备制造业,C37,2015-10,06/03/2015,0.125413,48204,247924,,,,,4901,1355,1095,2451,13225344,20448
601766,中国中车,铁路、船舶、航空航天和其它运输设备制造业,C37,2015-11,13/03/2015,-0.050587,60588,344143,,,,,7512,1999,1736,3777,17343782,30213
601766,中国中车,铁路、船舶、航空航天和其它运输设备制造业,C37,2015-12,20/03/2015,0.144402,63757,328837,,,,,5819,1613,1291,2915,11980839,19924
601766,中国中车,铁路、船舶、航空航天和其它运输设备制造业,C37,2015-13,27/03/2015,0.146424,66178,368009,,,,,6267,1896,1352,3019,17921238,38104
601766,中国中车,铁路、船舶、航空航天和其它运输设备制造业,C37,2015-15,10/04/2015,0.310771,68133,509642,84,175,14,367,9512,3107,1779,4626,44233596,109569
601766,中国中车,铁路、船舶、航空航天和其它运输设备制造业,C37,2015-16,17/04/2015,0.611136,98630,870298,,,,,16451,5244,3067,8140,41997540,88595
601766,中国中车,铁路、船舶、航空航天和其它运输设备制造业,C37,2015-17,24/04/2015,-0.053512,167153,1729682,,,,,34458,9492,8205,16761,75994298,141820
601766,中国中车,铁路、船舶、航空航天和其它运输设备制造业,C37,2015-18,30/04/2015,-0.066549,,,,,,,,,,,,
601766,中国中车,铁路、船舶、航空航天和其它运输设备制造业,C37,2015-19,06/05/2015,-0.070978,,,,,,,,,,,,
601766,中国中车,铁路、船舶、航空航天和其它运输设备制造业,C37,2015-24,12/06/2015,-0.167063,306133,3087810,4,19,2,90,62306,13739,17133,31434,107562822,250041
601766,中国中车,铁路、船舶、航空航天和其它运输设备制造业,C37,2015-25,19/06/2015,-0.181411,313451,3103777,,,,,46502,11121,13499,21882,60494281,133627
601766,中国中车,铁路、船舶、航空航天和其它运输设备制造业,C37,2015-26,26/06/2015,-0.090637,173701,1532962,,,,,15028,3756,3935,7337,25207664,53023
601766,中国中车,铁路、船舶、航空航天和其它运输设备制造业,C37,2015-27,03/07/2015,-0.061884,229733,2126008,,,,,17109,4228,4655,8226,24438174,50823
601766,中国中车,铁路、船舶、航空航天和其它运输设备制造业,C37,2015-28,10/07/2015,0.136019,183607,1501871,,,,,10232,2685,2744,4803,17658510,37287
601766,中国中车,铁路、船舶、航空航天和其它运输设备制造业,C37,2015-29,17/07/2015,-0.059096,141812,906432,,,,,6926,1825,1778,3323,9483781,15166
601766,中国中车,铁路、船舶、航空航天和其它运输设备制造业,C37,2015-30,24/07/2015,-0.027854,113357,664888,,,,,5792,1578,1506,2708,8106022,13244
601766,中国中车,铁路、船舶、航空航天和其它运输设备制造业,C37,2015-31,31/07/2015,-0.135955,97369,530341,,,,,6231,1487,1797,2947,7792917,13864
601766,中国中车,铁路、船舶、航空航天和其它运输设备制造业,C37,2015-32,07/08/2015,0.002601,80419,424251,,,,,3983,1065,1072,1846,5660926,10453
601766,中国中车,铁路、船舶、航空航天和其它运输设备制造业,C37,2015-33,14/08/2015,0.012322,72456,366084,,,,,3601,1072,943,1586,6013491,8548
601766,中国中车,铁路、船舶、航空航天和其它运输设备制造业,C37,2015-34,21/08/2015,-0.191544,70412,332454,,,,,5151,1254,1524,2373,5129343,13259
601766,中国中车,铁路、船舶、航空航天和其它运输设备制造业,C37,2015-35,28/08/2015,-0.041997,77577,475997,,,,,5508,1526,1395,2587,1114073,13116
601766,中国中车,铁路、船舶、航空航天和其它运输设备制造业,C37,2015-36,02/09/2015,0.061208,,,,,,,,,,,,
601766,中国中车,铁路、船舶、航空航天和其它运输设备制造业,C37,2015-37,11/09/2015,0.028059,63542,349206,26,67,13,241,2729,809,621,1299,671264,6699
601766,中国中车,铁路、船舶、航空航天和其它运输设备制造业,C37,2015-38,18/09/2015,0.081122,60162,322410,,,,,3490,1076,886,1528,1100491,8409
601766,中国中车,铁路、船舶、航空航天和其它运输设备制造业,C37,2015-39,25/09/2015,-0.068724,51769,263959,,,,,2593,703,722,1168,756447,5802
601766,中国中车,铁路、船舶、航空航天和其它运输设备制造业,C37,2015-40,30/09/2015,-0.023343,,,,,,,,,,,,
601766,中国中车,铁路、船舶、航空航天和其它运输设备制造业,C37,2015-41,09/10/2015,0.026214,20266,96744,,,,,792,291,154,347,291501,2298
601766,中国中车,铁路、船舶、航空航天和其它运输设备制造业,C37,2015-42,16/10/2015,0.083396,44081,225891,,,,,2068,722,474,872,2833526,4493
601766,中国中车,铁路、船舶、航空航天和其它运输设备制造业,C37,2015-43,23/10/2015,0.001387,48314,255637,,,,,2893,892,712,1289,5697708,7108
601766,中国中车,铁路、船舶、航空航天和其它运输设备制造业,C37,2015-44,30/10/2015,-0.040166,36126,178103,,,,,2223,638,603,982,3575007,4736
601766,中国中车,铁路、船舶、航空航天和其它运输设备制造业,C37,2015-45,06/11/2015,0.079365,41323,201275,,,,,2727,777,691,1259,3837945,5691
601766,中国中车,铁路、船舶、航空航天和其它运输设备制造业,C37,2015-46,13/11/2015,-0.052807,37531,181111,,,,,2062,596,494,972,4941590,7906
601766,中国中车,铁路、船舶、航空航天和其它运输设备制造业,C37,2015-47,20/11/2015,0.016937,35074,171455,,,,,1753,611,356,786,3322086,4503
601766,中国中车,铁路、船舶、航空航天和其它运输设备制造业,C37,2015-48,27/11/2015,-0.065232,34267,165107,,,,,1891,569,454,868,3148070,4393
601766,中国中车,铁路、船舶、航空航天和其它运输设备制造业,C37,2015-49,04/12/2015,-0.00297,29060,144185,,,,,1336,397,370,569,2083623,4360
601766,中国中车,铁路、船舶、航空航天和其它运输设备制造业,C37,2015-50,11/12/2015,-0.043931,25195,125693,,,,,1308,328,357,623,2524551,2276
601766,中国中车,铁路、船舶、航空航天和其它运输设备制造业,C37,2015-51,18/12/2015,0.031153,25720,127017,,,,,1078,319,258,501,3271974,3491
601766,中国中车,铁路、船舶、航空航天和其它运输设备制造业,C37,2015-52,25/12/2015,0,24306,113829,,,,,1254,332,316,606,3058388,2770
601766,中国中车,铁路、船舶、航空航天和其它运输设备制造业,C37,2015-53,31/12/2015,-0.020579,,,,,,,,,,,,
601766,中国中车,铁路、船舶、航空航天和其它运输设备制造业,C37,2016-02,08/01/2016,-0.143191,24229,140519,,,,,1356,290,406,660,3880461,4884
601766,中国中车,铁路、船舶、航空航天和其它运输设备制造业,C37,2016-03,15/01/2016,-0.052679,24292,142362,,,,,1093,276,260,557,2626161,2384
601766,中国中车,铁路、船舶、航空航天和其它运输设备制造业,C37,2016-04,22/01/2016,0.023011,21375,119269,,,,,873,259,211,403,1711317,2101
601766,中国中车,铁路、船舶、航空航天和其它运输设备制造业,C37,2016-05,29/01/2016,-0.070291,19625,116860,,,,,954,273,262,419,2208380,2929
601766,中国中车,铁路、船舶、航空航天和其它运输设备制造业,C37,2016-06,05/02/2016,-0.00504,15363,81981,,,,,594,166,157,271,1922062,730
601766,中国中车,铁路、船舶、航空航天和其它运输设备制造业,C37,2016-08,19/02/2016,0.016211,17116,92087,,,,,491,146,112,233,1597742,1071
601766,中国中车,铁路、船舶、航空航天和其它运输设备制造业,C37,2016-09,26/02/2016,-0.045862,16946,95256,,,,,516,146,138,232,1412702,876
601766,中国中车,铁路、船舶、航空航天和其它运输设备制造业,C37,2016-10,04/03/2016,0.063741,16832,100083,,,,,676,199,168,309,1881350,1380
601766,中国中车,铁路、船舶、航空航天和其它运输设备制造业,C37,2016-11,11/03/2016,0.014735,17890,108508,,,,,858,277,164,417,2243985,1974
601766,中国中车,铁路、船舶、航空航天和其它运输设备制造业,C37,2016-12,18/03/2016,0.009681,17571,100205,,,,,965,278,213,474,1953228,1316
601766,中国中车,铁路、船舶、航空航天和其它运输设备制造业,C37,2016-13,25/03/2016,-0.010547,16690,94311,,,,,629,207,125,297,1495832,1232
601766,中国中车,铁路、船舶、航空航天和其它运输设备制造业,C37,2016-14,01/04/2016,-0.002907,14712,78600,,,,,603,190,115,298,2071673,1120
601766,中国中车,铁路、船舶、航空航天和其它运输设备制造业,C37,2016-15,08/04/2016,-0.024295,12103,63387,,,,,573,163,132,278,1458268,1015
601766,中国中车,铁路、船舶、航空航天和其它运输设备制造业,C37,2016-16,15/04/2016,0.018924,14045,73499,,,,,665,205,154,306,1573943,1015
601766,中国中车,铁路、船舶、航空航天和其它运输设备制造业,C37,2016-17,22/04/2016,-0.047898,12204,63495,,,,,577,163,145,269,1187389,782
601766,中国中车,铁路、船舶、航空航天和其它运输设备制造业,C37,2016-18,29/04/2016,-0.029774,12376,62952,,,,,2053,859,172,1022,1396909,638
601766,中国中车,铁路、船舶、航空航天和其它运输设备制造业,C37,2016-19,06/05/2016,0,11535,58858,,,,,1486,515,121,850,849954,845
601766,中国中车,铁路、船舶、航空航天和其它运输设备制造业,C37,2016-20,13/05/2016,-0.037037,13358,71552,,,,,1536,347,254,935,2619368,2214
601766,中国中车,铁路、船舶、航空航天和其它运输设备制造业,C37,2016-23,03/06/2016,0.050549,18859,102723,,,,,2177,482,400,1295,3908214,3485
601766,中国中车,铁路、船舶、航空航天和其它运输设备制造业,C37,2016-24,08/06/2016,-0.01046,,,,,,,,,,,,
601766,中国中车,铁路、船舶、航空航天和其它运输设备制造业,C37,2016-25,17/06/2016,-0.038055,13773,66722,,,,,1310,321,393,596,2103883,1951
601766,中国中车,铁路、船舶、航空航天和其它运输设备制造业,C37,2016-26,24/06/2016,-0.01978,11715,57315,,,,,1086,269,269,548,1542986,1431
601766,中国中车,铁路、船舶、航空航天和其它运输设备制造业,C37,2016-27,01/07/2016,0.022422,13257,68945,,,,,1185,320,261,604,973681,1988
601766,中国中车,铁路、船舶、航空航天和其它运输设备制造业,C37,2016-28,08/07/2016,0.007675,13571,71645,,,,,918,233,215,470,649141,1080
601766,中国中车,铁路、船舶、航空航天和其它运输设备制造业,C37,2016-29,15/07/2016,0.01741,12738,64014,,,,,676,168,142,366,524124,833
601766,中国中车,铁路、船舶、航空航天和其它运输设备制造业,C37,2016-30,22/07/2016,-0.016043,10557,55431,,,,,578,163,156,259,592299,649
601766,中国中车,铁路、船舶、航空航天和其它运输设备制造业,C37,2016-31,29/07/2016,-0.018478,10480,54902,,,,,493,117,126,250,552042,552
601766,中国中车,铁路、船舶、航空航天和其它运输设备制造业,C37,2016-32,05/08/2016,0.003322,10660,54828,,,,,459,136,99,224,572811,496
601766,中国中车,铁路、船舶、航空航天和其它运输设备制造业,C37,2016-33,12/08/2016,0.021324,10466,54000,,,,,506,136,98,272,490503,551
601766,中国中车,铁路、船舶、航空航天和其它运输设备制造业,C37,2016-34,19/08/2016,0.068132,14199,71891,,,,,672,198,134,340,751687,992
601766,中国中车,铁路、船舶、航空航天和其它运输设备制造业,C37,2016-35,26/08/2016,-0.047325,13362,66473,,,,,574,141,133,300,736074,921
601766,中国中车,铁路、船舶、航空航天和其它运输设备制造业,C37,2016-36,02/09/2016,0.00432,10561,53791,,,,,453,118,111,224,479642,492
601766,中国中车,铁路、船舶、航空航天和其它运输设备制造业,C37,2016-37,09/09/2016,0,10993,55337,,,,,466,133,114,219,411735,691
601766,中国中车,铁路、船舶、航空航天和其它运输设备制造业,C37,2016-38,14/09/2016,-0.02043,,,,,,,,,,,,
601766,中国中车,铁路、船舶、航空航天和其它运输设备制造业,C37,2016-39,23/09/2016,-0.002195,9265,50332,,,,,404,113,103,188,397096,536
601766,中国中车,铁路、船舶、航空航天和其它运输设备制造业,C37,2016-40,30/09/2016,-0.014301,8590,44952,,,,,406,122,107,177,318299,541
601766,中国中车,铁路、船舶、航空航天和其它运输设备制造业,C37,2016-42,14/10/2016,0.027902,9242,53370,,,,,393,116,86,191,392121,791
601766,中国中车,铁路、船舶、航空航天和其它运输设备制造业,C37,2016-43,21/10/2016,0.039088,12285,65885,,,,,833,224,180,429,717062,900
601766,中国中车,铁路、船舶、航空航天和其它运输设备制造业,C37,2016-44,28/10/2016,-0.016719,14105,72564,,,,,580,181,144,255,540864,789
601766,中国中车,铁路、船舶、航空航天和其它运输设备制造业,C37,2016-45,04/11/2016,-0.006376,10906,53371,,,,,426,124,88,214,399116,485
601766,中国中车,铁路、船舶、航空航天和其它运输设备制造业,C37,2016-46,11/11/2016,0.040642,10998,56532,,,,,463,143,93,227,461831,481
601766,中国中车,铁路、船舶、航空航天和其它运输设备制造业,C37,2016-47,18/11/2016,0.044193,14094,77919,,,,,813,261,163,389,807678,949
601766,中国中车,铁路、船舶、航空航天和其它运输设备制造业,C37,2016-48,25/11/2016,0.034449,16204,93777,,,,,826,314,138,374,997083,1287
601766,中国中车,铁路、船舶、航空航天和其它运输设备制造业,C37,2016-49,02/12/2016,0.077069,23442,156593,,,,,3510,1068,742,1700,2740680,4658
601766,中国中车,铁路、船舶、航空航天和其它运输设备制造业,C37,2016-50,09/12/2016,-0.068021,16029,91523,,,,,977,278,257,442,852716,1372
601766,中国中车,铁路、船舶、航空航天和其它运输设备制造业,C37,2016-51,16/12/2016,-0.055924,14157,78715,,,,,789,187,248,354,580349,869
601766,中国中车,铁路、船舶、航空航天和其它运输设备制造业,C37,2016-52,23/12/2016,-0.006024,12594,64862,,,,,608,182,174,252,534513,795
601766,中国中车,铁路、船舶、航空航天和其它运输设备制造业,C37,2016-53,30/12/2016,-0.013131,11129,56307,,,,,633,158,168,307,590269,931
601788,光大证券,资本市场服务,J67,2014-01,03/01/2014,-0.019563,2032,8228,,,,,189,65,39,85,303468,449
601788,光大证券,资本市场服务,J67,2014-02,10/01/2014,-0.073944,5105,19897,,,,,537,162,177,198,680464,1271
601788,光大证券,资本市场服务,J67,2014-03,17/01/2014,0.006337,4930,18512,,,,,343,89,130,124,381927,670
601788,光大证券,资本市场服务,J67,2014-04,24/01/2014,0.032746,4506,18295,,,,,271,89,48,134,333624,529
601788,光大证券,资本市场服务,J67,2014-05,30/01/2014,-0.019512,,,,,,,,,,,,
601788,光大证券,资本市场服务,J67,2014-06,07/02/2014,0.003731,1910,9685,,,,,120,50,28,42,187186,508
601788,光大证券,资本市场服务,J67,2014-07,14/02/2014,0.068154,6672,23835,,,,,390,139,89,162,651340,1618
601788,光大证券,资本市场服务,J67,2014-08,21/02/2014,-0.049884,6259,24175,,,,,445,152,110,183,569428,1409
601788,光大证券,资本市场服务,J67,2014-09,28/02/2014,-0.01221,5228,21016,,,,,439,122,123,194,419078,954
601788,光大证券,资本市场服务,J67,2014-10,07/03/2014,-0.024722,4933,19649,,,,,280,100,74,106,322534,691
601788,光大证券,资本市场服务,J67,2014-11,14/03/2014,-0.027883,4976,18708,,,,,299,106,94,99,343015,766
601788,光大证券,资本市场服务,J67,2014-12,21/03/2014,0.016949,4744,19041,,,,,250,73,77,100,277503,710
601788,光大证券,资本市场服务,J67,2014-13,28/03/2014,0.001282,5252,21075,100,89,21,377,224,79,41,104,380386,466
601788,光大证券,资本市场服务,J67,2014-14,04/04/2014,0.014085,4655,19386,,,,,122,41,32,49,254892,371
601788,光大证券,资本市场服务,J67,2014-15,11/04/2014,0.040404,5178,25417,,,,,155,70,31,54,257644,387
601788,光大证券,资本市场服务,J67,2014-16,18/04/2014,-0.014563,5062,24494,,,,,139,55,35,49,257962,374
601788,光大证券,资本市场服务,J67,2014-17,25/04/2014,-0.04064,4542,20423,,,,,109,44,22,43,207674,288
601788,光大证券,资本市场服务,J67,2014-18,30/04/2014,0.016688,,,,,,,,,,,,
601788,光大证券,资本市场服务,J67,2014-19,09/05/2014,0.039141,5716,20801,,,,,131,53,23,55,250546,441
601788,光大证券,资本市场服务,J67,2014-20,16/05/2014,-0.00243,6888,22332,,,,,183,63,56,64,319701,792
601788,光大证券,资本市场服务,J67,2014-21,23/05/2014,0.01218,5103,18870,,,,,99,41,22,36,195205,512
601788,光大证券,资本市场服务,J67,2014-22,30/05/2014,-0.020457,4330,17745,,,,,71,21,27,23,140790,313
601788,光大证券,资本市场服务,J67,2014-23,06/06/2014,-0.025799,3453,15752,,,,,144,47,33,64,228026,656
601788,光大证券,资本市场服务,J67,2014-24,13/06/2014,0.011349,3656,18238,,,,,111,22,31,58,244927,544
601788,光大证券,资本市场服务,J67,2014-25,20/06/2014,-0.026185,4234,19729,,,,,94,31,26,37,192019,297
601788,光大证券,资本市场服务,J67,2014-26,27/06/2014,0.011553,3641,18085,,,,,109,32,26,51,303111,385
601788,光大证券,资本市场服务,J67,2014-27,04/07/2014,0.010152,3914,19787,,,,,106,39,27,40,170798,325
601788,光大证券,资本市场服务,J67,2014-28,11/07/2014,-0.001256,4103,19590,8,23,4,106,221,81,51,89,333923,582
601788,光大证券,资本市场服务,J67,2014-29,18/07/2014,0.025157,5015,20241,16,125,8,161,146,51,31,64,270916,381
601788,光大证券,资本市场服务,J67,2014-30,25/07/2014,0.047853,5269,19946,,,,,184,61,45,78,314200,548
601788,光大证券,资本市场服务,J67,2014-31,01/08/2014,0.074941,7481,29492,99,66,31,384,326,108,67,151,702035,968
601788,光大证券,资本市场服务,J67,2014-32,08/08/2014,-0.017429,6828,28592,,,,,284,84,85,115,527553,829
601788,光大证券,资本市场服务,J67,2014-33,15/08/2014,0.023282,5472,24131,,,,,210,62,46,102,410075,791
601788,光大证券,资本市场服务,J67,2014-34,22/08/2014,-0.014085,5175,22384,,,,,179,54,40,85,282587,552
601788,光大证券,资本市场服务,J67,2014-35,29/08/2014,-0.023077,4840,21417,,,,,198,48,54,96,324511,789
601788,光大证券,资本市场服务,J67,2014-36,05/09/2014,0.049494,5275,23671,,,,,199,64,47,88,369667,805
601788,光大证券,资本市场服务,J67,2014-37,12/09/2014,-0.018221,4557,22549,,,,,174,49,38,87,373083,771
601788,光大证券,资本市场服务,J67,2014-38,19/09/2014,-0.001092,5446,24828,,,,,261,99,59,103,966323,1034
601788,光大证券,资本市场服务,J67,2014-39,26/09/2014,0.025137,6068,25274,,,,,231,86,53,92,461265,889
601788,光大证券,资本市场服务,J67,2014-40,30/09/2014,0.023454,,,,,,,,,,,,
601788,光大证券,资本市场服务,J67,2014-41,10/10/2014,-0.014583,4285,21635,,,,,140,42,35,63,374769,428
601788,光大证券,资本市场服务,J67,2014-42,17/10/2014,0.064482,7407,28364,,,,,383,123,81,179,730870,1276
601788,光大证券,资本市场服务,J67,2014-43,24/10/2014,-0.007944,8229,29254,,,,,385,122,88,175,728600,1393
601788,光大证券,资本市场服务,J67,2014-44,31/10/2014,0.123123,7289,31391,145,195,32,535,331,113,72,146,574194,1086
601788,光大证券,资本市场服务,J67,2014-45,07/11/2014,0.107843,7156,33679,,,,,374,123,69,182,625230,1000
601788,光大证券,资本市场服务,J67,2014-46,14/11/2014,0.037812,8308,37628,10,105,4,150,423,125,86,212,906894,1324
601788,光大证券,资本市场服务,J67,2014-47,21/11/2014,0.1,7442,35222,58,141,13,471,393,141,54,198,1275455,1389
601788,光大证券,资本市场服务,J67,2014-48,28/11/2014,0.375617,13458,69390,66,123,2,199,959,314,226,419,1663457,3616
601788,光大证券,资本市场服务,J67,2014-49,05/12/2014,0.439549,17842,112261,,,,,1413,473,283,657,3142817,4272
601788,光大证券,资本市场服务,J67,2014-50,12/12/2014,-0.08968,21772,150321,,,,,1799,545,422,832,3095754,4805
601788,光大证券,资本市场服务,J67,2014-51,19/12/2014,-0.004691,17730,107016,,,,,1396,383,357,656,2552859,3791
601788,光大证券,资本市场服务,J67,2014-52,26/12/2014,0.196386,17240,94176,,,,,1385,469,340,576,3327063,5994
601788,光大证券,资本市场服务,J67,2014-53,31/12/2014,-0.063033,,,,,,,,,,,,
601788,光大证券,资本市场服务,J67,2015-02,09/01/2015,-0.067274,15227,80853,,,,,1416,410,359,647,3868438,6878
601788,光大证券,资本市场服务,J67,2015-03,16/01/2015,0.015778,14766,71899,,,,,1647,487,436,724,2293524,4595
601788,光大证券,资本市场服务,J67,2015-04,23/01/2015,-0.102071,13750,71119,,,,,1415,373,368,674,2139020,4350
601788,光大证券,资本市场服务,J67,2015-05,29/01/2015,-0.043245,,,,,,,,,,,,
601788,光大证券,资本市场服务,J67,2015-06,06/02/2015,-0.009901,14484,73026,20,83,6,172,1386,401,301,684,2763516,3899
601788,光大证券,资本市场服务,J67,2015-07,13/02/2015,0.07087,10837,48107,,,,,624,175,164,285,968783,2245
601788,光大证券,资本市场服务,J67,2015-08,17/02/2015,-0.008932,,,,,,,,,,,,
601788,光大证券,资本市场服务,J67,2015-09,27/02/2015,0.01188,6312,32404,,,,,300,73,76,151,535085,848
601788,光大证券,资本市场服务,J67,2015-10,06/03/2015,-0.044939,10552,53559,,,,,552,166,132,254,1081231,2319
601788,光大证券,资本市场服务,J67,2015-11,13/03/2015,0.042815,10439,53497,,,,,705,207,176,322,1288009,2806
601788,光大证券,资本市场服务,J67,2015-12,20/03/2015,0.154065,12885,75988,,,,,753,270,135,348,1431028,3261
601788,光大证券,资本市场服务,J67,2015-13,27/03/2015,-0.046495,11460,77715,,,,,734,225,194,315,1157973,2420
601788,光大证券,资本市场服务,J67,2015-14,03/04/2015,0.160325,14385,90501,87,116,11,283,994,328,162,504,2161508,4777
601788,光大证券,资本市场服务,J67,2015-15,10/04/2015,0.106654,13953,93432,14,23,4,69,794,274,148,372,2036434,4211
601788,光大证券,资本市场服务,J67,2015-16,17/04/2015,-0.04229,13854,118489,,,,,1127,287,290,550,2234353,5595
601788,光大证券,资本市场服务,J67,2015-17,24/04/2015,0.062181,15608,123728,18,74,5,129,1223,371,282,570,2513525,6156
601788,光大证券,资本市场服务,J67,2015-18,30/04/2015,-0.041007,,,,,,,,,,,,
601788,光大证券,资本市场服务,J67,2015-19,08/05/2015,-0.049543,11750,78422,,,,,773,191,209,373,1890477,4253
601788,光大证券,资本市场服务,J67,2015-20,15/05/2015,-0.038784,11008,77060,,,,,760,195,190,375,1357301,2900
601788,光大证券,资本市场服务,J67,2015-21,22/05/2015,0.097087,10615,83793,,,,,822,268,192,362,1313143,2358
601788,光大证券,资本市场服务,J67,2015-22,29/05/2015,-0.099705,10960,105586,,,,,800,220,213,367,1493272,2543
601788,光大证券,资本市场服务,J67,2015-23,05/06/2015,0.085518,10166,100704,,,,,747,253,156,338,1357734,2081
601788,光大证券,资本市场服务,J67,2015-24,12/06/2015,0.070329,11851,97642,,,,,665,247,139,279,1709098,2813
601788,光大证券,资本市场服务,J67,2015-25,19/06/2015,-0.143542,9685,72609,,,,,592,171,169,252,1188785,2502
601788,光大证券,资本市场服务,J67,2015-26,26/06/2015,-0.087257,7729,53549,,,,,370,126,76,168,682116,1051
601788,光大证券,资本市场服务,J67,2015-27,03/07/2015,-0.193362,10458,68992,,,,,633,162,162,309,1223896,2704
601788,光大证券,资本市场服务,J67,2015-28,10/07/2015,0.086762,10720,70862,,,,,888,256,204,428,1308063,2582
601788,光大证券,资本市场服务,J67,2015-29,17/07/2015,-0.035802,10644,62624,,,,,721,204,180,337,1661972,2122
601788,光大证券,资本市场服务,J67,2015-30,24/07/2015,-0.017499,9958,53449,,,,,567,176,131,260,1110744,1422
601788,光大证券,资本市场服务,J67,2015-31,31/07/2015,-0.052997,9341,46431,,,,,597,173,157,267,1161979,2014
601788,光大证券,资本市场服务,J67,2015-32,07/08/2015,0.009174,9394,42307,81,54,12,257,718,218,179,321,1879334,3444
601788,光大证券,资本市场服务,J67,2015-33,14/08/2015,0.097273,8713,42151,,,,,268,92,53,123,856911,679
601788,光大证券,资本市场服务,J67,2015-34,21/08/2015,-0.207125,8230,37939,,,,,352,90,81,181,348530,651
601788,光大证券,资本市场服务,J67,2015-35,28/08/2015,-0.115987,8162,39110,,,,,360,95,102,163,114153,828
601788,光大证券,资本市场服务,J67,2015-36,02/09/2015,-0.001773,,,,,,,,,,,,
601788,光大证券,资本市场服务,J67,2015-37,11/09/2015,-0.005921,5756,28868,,,,,139,39,42,58,191056,1047
601788,光大证券,资本市场服务,J67,2015-38,18/09/2015,-0.054795,5084,25494,,,,,205,64,60,81,81360,416
601788,光大证券,资本市场服务,J67,2015-39,25/09/2015,-0.027725,4685,23483,27,28,3,112,159,50,44,65,174796,600
601788,光大证券,资本市场服务,J67,2015-40,30/09/2015,0.004537,,,,,,,,,,,,
601788,光大证券,资本市场服务,J67,2015-41,09/10/2015,0.067097,2575,16346,,,,,79,19,18,42,45409,171
601788,光大证券,资本市场服务,J67,2015-42,16/10/2015,0.128174,5165,27062,,,,,108,41,19,48,257091,216
601788,光大证券,资本市场服务,J67,2015-43,23/10/2015,0.017685,4840,27029,,,,,146,45,29,72,385418,299
601788,光大证券,资本市场服务,J67,2015-44,30/10/2015,0.004739,4460,24624,,,,,133,46,21,66,407097,304
601788,光大证券,资本市场服务,J67,2015-45,06/11/2015,0.285115,6254,32236,12,15,2,43,349,110,57,182,905676,871
601788,光大证券,资本市场服务,J67,2015-46,13/11/2015,0.06199,10143,54178,,,,,685,210,165,310,1330465,2029
601788,光大证券,资本市场服务,J67,2015-47,20/11/2015,-0.067972,8028,40523,,,,,521,129,158,234,800115,938
601788,光大证券,资本市场服务,J67,2015-48,27/11/2015,-0.078286,7807,36919,,,,,450,149,109,192,680198,748
601788,光大证券,资本市场服务,J67,2015-49,04/12/2015,0.036656,7005,33607,,,,,320,97,76,147,556571,515
601788,光大证券,资本市场服务,J67,2015-50,11/12/2015,0.000862,7299,31018,48,271,19,356,321,97,90,134,1306174,574
601788,光大证券,资本市场服务,J67,2015-51,18/12/2015,0.049548,8020,33285,,,,,309,90,81,138,884422,445
601788,光大证券,资本市场服务,J67,2015-52,25/12/2015,-0.014368,6931,31040,,,,,275,77,63,135,696655,340
601788,光大证券,资本市场服务,J67,2015-53,31/12/2015,-0.044565,,,,,,,,,,,,
601788,光大证券,资本市场服务,J67,2016-02,08/01/2016,-0.150392,5873,26706,,,,,266,37,92,137,840639,447
601788,光大证券,资本市场服务,J67,2016-03,15/01/2016,-0.11647,5531,25305,,,,,281,89,73,119,1078197,650
601788,光大证券,资本市场服务,J67,2016-04,22/01/2016,0.050523,5972,26337,,,,,312,98,59,155,1140978,629
601788,光大证券,资本市场服务,J67,2016-05,29/01/2016,-0.098397,5093,24386,,,,,248,69,74,105,863040,396
601788,光大证券,资本市场服务,J67,2016-06,05/02/2016,-0.014715,4378,20708,,,,,308,94,79,135,1317410,842
601788,光大证券,资本市场服务,J67,2016-08,19/02/2016,0.03547,4298,21427,,,,,192,69,38,85,802289,581
601788,光大证券,资本市场服务,J67,2016-09,26/02/2016,-0.04387,4818,24059,,,,,326,118,60,148,2036648,2077
601788,光大证券,资本市场服务,J67,2016-10,04/03/2016,0.041483,5513,26335,,,,,344,117,82,145,1471373,604
601788,光大证券,资本市场服务,J67,2016-11,11/03/2016,-0.031382,4478,22067,,,,,224,60,68,96,766198,365
601788,光大证券,资本市场服务,J67,2016-12,18/03/2016,0.107165,4146,23177,,,,,220,72,43,105,804721,589
601788,光大证券,资本市场服务,J67,2016-13,25/03/2016,0.050647,6121,30262,,,,,325,99,82,144,936658,445
601788,光大证券,资本市场服务,J67,2016-14,01/04/2016,0.054097,5430,26714,,,,,345,134,67,144,3192584,1866
601788,光大证券,资本市场服务,J67,2016-15,08/04/2016,-0.055386,5600,26181,,,,,264,89,44,131,1321702,681
601788,光大证券,资本市场服务,J67,2016-16,15/04/2016,0.053254,6080,27318,,,,,272,102,62,108,988792,514
601788,光大证券,资本市场服务,J67,2016-17,22/04/2016,-0.065884,4588,21686,,,,,229,76,56,97,579726,290
601788,光大证券,资本市场服务,J67,2016-18,29/04/2016,-0.050847,4110,20293,,,,,1714,741,77,896,1183642,1217
601788,光大证券,资本市场服务,J67,2016-19,06/05/2016,-0.035138,3510,18151,,,,,1226,483,43,700,729435,747
601788,光大证券,资本市场服务,J67,2016-20,13/05/2016,-0.041791,3990,18980,,,,,705,149,33,523,611918,505
601788,光大证券,资本市场服务,J67,2016-21,20/05/2016,0.016822,4453,19389,,,,,807,137,77,593,799698,433
601788,光大证券,资本市场服务,J67,2016-22,27/05/2016,-0.017812,3400,16816,,,,,600,97,111,392,619677,179
601788,光大证券,资本市场服务,J67,2016-23,03/06/2016,0.082902,4481,21107,,,,,643,66,39,538,580136,248
601788,光大证券,资本市场服务,J67,2016-24,08/06/2016,-0.007775,,,,,,,,,,,,
601788,光大证券,资本市场服务,J67,2016-25,17/06/2016,-0.036166,3458,17949,,,,,90,25,17,48,316602,143
601788,光大证券,资本市场服务,J67,2016-26,24/06/2016,0.014384,3715,17944,,,,,180,57,31,92,424762,1389
601788,光大证券,资本市场服务,J67,2016-27,01/07/2016,0.037608,4075,19801,,,,,123,44,22,57,149983,91
601788,光大证券,资本市场服务,J67,2016-28,08/07/2016,0.043375,4291,21277,,,,,203,51,44,108,157979,114
601788,光大证券,资本市场服务,J67,2016-29,15/07/2016,0.025057,4605,21117,,,,,159,41,31,87,219706,203
601788,光大证券,资本市场服务,J67,2016-30,22/07/2016,-0.022222,3577,19244,,,,,89,34,23,32,157850,111
601788,光大证券,资本市场服务,J67,2016-31,29/07/2016,-0.040909,3342,17315,,,,,112,36,18,58,160535,116
601788,光大证券,资本市场服务,J67,2016-32,05/08/2016,-0.004147,3348,16281,,,,,101,48,16,37,128842,75
601788,光大证券,资本市场服务,J67,2016-33,12/08/2016,0.039262,3423,16769,,,,,110,37,20,53,139282,117
601788,光大证券,资本市场服务,J67,2016-34,19/08/2016,0.01889,4714,21362,,,,,193,64,43,86,243129,245
601788,光大证券,资本市场服务,J67,2016-35,26/08/2016,-0.026966,3545,17180,,,,,119,31,31,57,123354,112
601788,光大证券,资本市场服务,J67,2016-36,02/09/2016,-0.024827,3753,17021,,,,,157,47,43,67,183674,183
601788,光大证券,资本市场服务,J67,2016-37,09/09/2016,-0.004144,3180,16213,,,,,104,39,18,47,93383,72
601788,光大证券,资本市场服务,J67,2016-38,14/09/2016,-0.034483,,,,,,,,,,,,
601788,光大证券,资本市场服务,J67,2016-39,23/09/2016,0.001847,3059,16917,,,,,89,30,25,34,74550,58
601788,光大证券,资本市场服务,J67,2016-40,30/09/2016,-0.001844,2773,16521,,,,,61,18,11,32,50476,48
601788,光大证券,资本市场服务,J67,2016-42,14/10/2016,0.01601,2688,18113,,,,,79,28,11,40,72001,43
601788,光大证券,资本市场服务,J67,2016-43,21/10/2016,0.003636,2885,17360,,,,,61,20,10,31,67386,58
601788,光大证券,资本市场服务,J67,2016-44,28/10/2016,0.016304,3313,18707,,,,,136,47,47,42,127414,169
601788,光大证券,资本市场服务,J67,2016-45,04/11/2016,0.020796,3419,17844,,,,,138,53,21,64,183940,175
601788,光大证券,资本市场服务,J67,2016-46,11/11/2016,0.035506,3575,17545,,,,,202,71,39,92,169636,186
601788,光大证券,资本市场服务,J67,2016-47,18/11/2016,-0.01855,3643,18690,,,,,159,48,44,67,138474,177
601788,光大证券,资本市场服务,J67,2016-48,25/11/2016,0.006873,2996,16980,,,,,155,41,38,76,102349,122
601788,光大证券,资本市场服务,J67,2016-49,02/12/2016,0,3458,18015,,,,,217,65,54,98,261377,176
601788,光大证券,资本市场服务,J67,2016-50,09/12/2016,-0.047213,2973,16456,,,,,180,42,46,92,157526,156
601788,光大证券,资本市场服务,J67,2016-51,16/12/2016,-0.038209,2539,15106,,,,,139,33,52,54,77484,72
601788,光大证券,资本市场服务,J67,2016-52,23/12/2016,-0.01676,2432,15031,,,,,221,50,79,92,154850,172
601788,光大证券,资本市场服务,J67,2016-53,30/12/2016,0.00947,2455,14988,,,,,132,41,40,51,68763,85
601800,中国交建,土木工程建筑业,E48,2014-01,03/01/2014,-0.019802,1016,2875,,,,,27,9,11,7,49062,75
601800,中国交建,土木工程建筑业,E48,2014-02,10/01/2014,-0.030303,2459,6983,,,,,61,31,18,12,129772,265
601800,中国交建,土木工程建筑业,E48,2014-03,17/01/2014,-0.013021,2216,6485,,,,,43,20,13,10,77822,72
601800,中国交建,土木工程建筑业,E48,2014-04,24/01/2014,0.021108,2414,7229,2,16,1,45,43,19,10,14,107554,101
601800,中国交建,土木工程建筑业,E48,2014-05,30/01/2014,-0.01292,,,,,,,,,,,,
601800,中国交建,土木工程建筑业,E48,2014-06,07/02/2014,0.002618,1416,4159,,,,,14,6,4,4,51554,34
601800,中国交建,土木工程建筑业,E48,2014-07,14/02/2014,0.028721,2642,7127,,,,,56,30,14,12,93338,143
601800,中国交建,土木工程建筑业,E48,2014-08,21/02/2014,-0.010152,2744,7483,,,,,66,26,18,22,129312,255
601800,中国交建,土木工程建筑业,E48,2014-09,28/02/2014,-0.046154,2878,7618,,,,,133,63,30,40,211757,372
601800,中国交建,土木工程建筑业,E48,2014-10,07/03/2014,-0.002688,2832,7644,,,,,104,45,22,37,118969,298
601800,中国交建,土木工程建筑业,E48,2014-11,14/03/2014,-0.024259,2818,7553,,,,,110,40,39,31,147442,323
601800,中国交建,土木工程建筑业,E48,2014-12,21/03/2014,0.030387,2679,7527,,,,,184,76,45,63,285643,1152
601800,中国交建,土木工程建筑业,E48,2014-13,28/03/2014,0.008043,3932,10384,41,13,23,160,278,108,37,133,450851,1022
601800,中国交建,土木工程建筑业,E48,2014-14,04/04/2014,0.005319,3053,7710,,,,,266,81,47,138,497061,2834
601800,中国交建,土木工程建筑业,E48,2014-15,11/04/2014,0.047619,3870,9056,,,,,175,69,47,59,273562,635
601800,中国交建,土木工程建筑业,E48,2014-16,18/04/2014,-0.030303,3971,9509,,,,,150,62,25,63,188714,826
601800,中国交建,土木工程建筑业,E48,2014-17,25/04/2014,-0.03125,2889,7723,,,,,78,36,12,30,148286,249
601800,中国交建,土木工程建筑业,E48,2014-18,30/04/2014,0,,,,,,,,,,,,
601800,中国交建,土木工程建筑业,E48,2014-19,09/05/2014,-0.008065,2568,7918,,,,,52,21,15,16,132913,200
601800,中国交建,土木工程建筑业,E48,2014-20,16/05/2014,0.01084,2708,8317,,,,,43,15,10,18,107382,119
601800,中国交建,土木工程建筑业,E48,2014-21,23/05/2014,0.013405,2116,7130,,,,,34,16,8,10,114795,176
601800,中国交建,土木工程建筑业,E48,2014-22,30/05/2014,-0.015873,1982,7199,,,,,44,17,11,16,86447,94
601800,中国交建,土木工程建筑业,E48,2014-23,06/06/2014,-0.008065,1627,6293,,,,,47,22,5,20,130951,237
601800,中国交建,土木工程建筑业,E48,2014-24,13/06/2014,0.01355,1856,7228,,,,,57,26,12,19,160177,164
601800,中国交建,土木工程建筑业,E48,2014-25,20/06/2014,-0.010695,2125,7595,,,,,46,26,4,16,188533,206
601800,中国交建,土木工程建筑业,E48,2014-26,27/06/2014,0.008108,1963,7087,,,,,42,21,8,13,122214,271
601800,中国交建,土木工程建筑业,E48,2014-27,04/07/2014,0.012761,2406,8105,,,,,57,25,13,19,151787,266
601800,中国交建,土木工程建筑业,E48,2014-28,11/07/2014,0.005571,2247,8031,,,,,58,30,11,17,205326,297
601800,中国交建,土木工程建筑业,E48,2014-29,18/07/2014,0.030471,2491,8744,,,,,36,21,3,12,131617,125
601800,中国交建,土木工程建筑业,E48,2014-30,25/07/2014,0.032258,2596,8690,,,,,27,14,4,9,115922,85
601800,中国交建,土木工程建筑业,E48,2014-31,01/08/2014,0.026042,2755,9103,,,,,37,16,11,10,309983,236
601800,中国交建,土木工程建筑业,E48,2014-32,08/08/2014,-0.005076,2717,9043,,,,,40,20,4,16,152983,257
601800,中国交建,土木工程建筑业,E48,2014-33,15/08/2014,0.063776,4411,13074,,,,,147,63,20,64,332949,787
601800,中国交建,土木工程建筑业,E48,2014-34,22/08/2014,-0.021583,3561,10346,,,,,208,78,45,85,238750,457
601800,中国交建,土木工程建筑业,E48,2014-35,29/08/2014,-0.014706,3029,9285,41,12,11,148,184,76,36,72,235942,319
601800,中国交建,土木工程建筑业,E48,2014-36,05/09/2014,0.034826,3180,10025,,,,,66,27,9,30,163754,261
601800,中国交建,土木工程建筑业,E48,2014-37,12/09/2014,0.004808,2669,8818,,,,,82,29,26,27,216077,308
601800,中国交建,土木工程建筑业,E48,2014-38,19/09/2014,0.100478,5909,16771,,,,,316,115,62,139,898684,1653
601800,中国交建,土木工程建筑业,E48,2014-39,26/09/2014,0.019565,6285,17428,,,,,301,105,68,128,512330,964
601800,中国交建,土木工程建筑业,E48,2014-40,30/09/2014,0.010661,,,,,,,,,,,,
601800,中国交建,土木工程建筑业,E48,2014-41,10/10/2014,-0.004219,3561,11002,,,,,189,66,36,87,286557,558
601800,中国交建,土木工程建筑业,E48,2014-42,17/10/2014,-0.021186,4872,15045,,,,,270,64,84,122,352134,629
601800,中国交建,土木工程建筑业,E48,2014-43,24/10/2014,-0.025974,4236,12965,,,,,191,52,59,80,189577,234
601800,中国交建,土木工程建筑业,E48,2014-44,31/10/2014,0.128889,5583,15903,36,16,7,90,388,133,92,163,602520,949
601800,中国交建,土木工程建筑业,E48,2014-45,07/11/2014,0.311024,10433,31277,93,283,42,437,1172,449,227,496,2348561,2728
601800,中国交建,土木工程建筑业,E48,2014-46,14/11/2014,-0.052553,10801,30814,,,,,809,252,227,330,1425297,2363
601800,中国交建,土木工程建筑业,E48,2014-47,21/11/2014,0.049128,9534,26619,,,,,671,215,161,295,1337871,2282
601800,中国交建,土木工程建筑业,E48,2014-48,28/11/2014,0.145015,11189,35566,19,130,14,205,906,336,205,365,2055056,3572
601800,中国交建,土木工程建筑业,E48,2014-49,05/12/2014,-0.063325,10160,30041,,,,,873,224,253,396,1364553,2404
601800,中国交建,土木工程建筑业,E48,2014-50,12/12/2014,0.442254,16167,60163,61,146,3,232,1348,486,282,580,4524176,9970
601800,中国交建,土木工程建筑业,E48,2014-51,19/12/2014,0.397461,23421,92890,10,32,1,65,1681,565,317,799,4163055,5515
601800,中国交建,土木工程建筑业,E48,2014-52,26/12/2014,-0.031447,23250,95899,,,,,1672,540,375,757,3331260,5262
601800,中国交建,土木工程建筑业,E48,2014-53,31/12/2014,0.002165,,,,,,,,,,,,
601800,中国交建,土木工程建筑业,E48,2015-02,09/01/2015,0.019438,18141,74076,,,,,1392,425,345,622,2842263,4136
601800,中国交建,土木工程建筑业,E48,2015-03,16/01/2015,-0.067797,16226,58516,,,,,1136,296,355,485,1985813,2604
601800,中国交建,土木工程建筑业,E48,2015-04,23/01/2015,-0.015909,13945,51834,,,,,737,184,190,363,1298045,1713
601800,中国交建,土木工程建筑业,E48,2015-05,30/01/2015,-0.071594,13967,46425,,,,,720,209,164,347,1222723,2285
601800,中国交建,土木工程建筑业,E48,2015-06,06/02/2015,-0.060531,13297,45102,,,,,906,232,289,385,1389951,2202
601800,中国交建,土木工程建筑业,E48,2015-07,13/02/2015,0.052074,11847,38586,,,,,418,118,99,201,666771,742
601800,中国交建,土木工程建筑业,E48,2015-08,17/02/2015,0.006711,,,,,,,,,,,,
601800,中国交建,土木工程建筑业,E48,2015-09,27/02/2015,0.153333,9313,34800,,,,,451,163,63,225,1041449,1267
601800,中国交建,土木工程建筑业,E48,2015-10,06/03/2015,-0.067197,17413,62884,,,,,760,212,190,358,1628967,2390
601800,中国交建,土木工程建筑业,E48,2015-11,13/03/2015,0.020139,13956,47941,,,,,454,140,100,214,828206,1132
601800,中国交建,土木工程建筑业,E48,2015-12,20/03/2015,0.121488,16228,61180,,,,,485,181,81,223,2871110,7749
601800,中国交建,土木工程建筑业,E48,2015-13,27/03/2015,0.103588,19048,79224,,,,,1009,324,231,454,2107615,3719
601800,中国交建,土木工程建筑业,E48,2015-14,03/04/2015,0.095092,34983,168991,47,91,10,206,1984,643,400,941,5450328,7571
601800,中国交建,土木工程建筑业,E48,2015-15,10/04/2015,0.07563,24034,114758,,,,,1277,440,318,519,2877531,3803
601800,中国交建,土木工程建筑业,E48,2015-16,17/04/2015,0.15625,32085,175122,,,,,2405,673,609,1123,4295662,6417
601800,中国交建,土木工程建筑业,E48,2015-17,24/04/2015,-0.006757,33514,203545,,,,,2307,696,584,1027,4177135,6814
601800,中国交建,土木工程建筑业,E48,2015-18,30/04/2015,-0.020862,,,,,,,,,,,,
601800,中国交建,土木工程建筑业,E48,2015-19,08/05/2015,-0.149606,21993,128825,,,,,1749,394,538,817,2614970,5868
601800,中国交建,土木工程建筑业,E48,2015-20,15/05/2015,-0.006536,18092,92893,,,,,861,234,245,382,1323775,2018
601800,中国交建,土木工程建筑业,E48,2015-21,22/05/2015,0.116228,21460,113691,,,,,1104,335,312,457,2110584,2797
601800,中国交建,土木工程建筑业,E48,2015-22,29/05/2015,-0.122299,21949,114527,,,,,1202,303,336,563,2522481,3183
601800,中国交建,土木工程建筑业,E48,2015-23,05/06/2015,0.171796,19390,101286,,,,,865,207,237,421,1600976,1681
601800,中国交建,土木工程建筑业,E48,2015-24,12/06/2015,-0.101719,18777,92447,,,,,1063,260,315,488,1874660,2864
601800,中国交建,土木工程建筑业,E48,2015-25,19/06/2015,-0.201489,17408,81796,,,,,1130,226,385,519,1592727,2299
601800,中国交建,土木工程建筑业,E48,2015-26,26/06/2015,0.047936,14987,71368,,,,,873,219,225,429,1799094,2983
601800,中国交建,土木工程建筑业,E48,2015-27,03/07/2015,-0.173971,28466,142454,,,,,1210,332,302,576,2157111,3466
601800,中国交建,土木工程建筑业,E48,2015-28,10/07/2015,0.430242,23696,120178,,,,,947,293,232,422,1201921,2277
601800,中国交建,土木工程建筑业,E48,2015-29,17/07/2015,-0.074659,17863,80189,,,,,668,165,203,300,1065485,1569
601800,中国交建,土木工程建筑业,E48,2015-30,24/07/2015,-0.034747,13287,57073,,,,,582,146,185,251,747094,739
601800,中国交建,土木工程建筑业,E48,2015-31,31/07/2015,-0.117755,10916,45376,,,,,326,61,110,155,601319,659
601800,中国交建,土木工程建筑业,E48,2015-32,07/08/2015,0.026279,10352,40634,,,,,262,87,66,109,621977,497
601800,中国交建,土木工程建筑业,E48,2015-33,14/08/2015,0.075472,10409,46065,,,,,256,78,63,115,610294,528
601800,中国交建,土木工程建筑业,E48,2015-34,21/08/2015,-0.161028,9116,36435,,,,,255,59,96,100,218202,357
601800,中国交建,土木工程建筑业,E48,2015-35,28/08/2015,-0.103062,9275,37926,,,,,289,71,85,133,66951,405
601800,中国交建,土木工程建筑业,E48,2015-36,02/09/2015,0.154038,,,,,,,,,,,,
601800,中国交建,土木工程建筑业,E48,2015-37,11/09/2015,-0.103175,8479,32088,,,,,186,44,54,88,51221,270
601800,中国交建,土木工程建筑业,E48,2015-38,18/09/2015,0.023331,8480,31611,,,,,211,53,46,112,102758,462
601800,中国交建,土木工程建筑业,E48,2015-39,25/09/2015,-0.03066,6393,24071,,,,,80,29,22,29,163057,387
601800,中国交建,土木工程建筑业,E48,2015-40,30/09/2015,-0.037307,,,,,,,,,,,,
601800,中国交建,土木工程建筑业,E48,2015-41,09/10/2015,0.038753,2868,11749,,,,,21,8,6,7,27328,38
601800,中国交建,土木工程建筑业,E48,2015-42,16/10/2015,0.071371,5574,22311,,,,,63,25,20,18,196892,187
601800,中国交建,土木工程建筑业,E48,2015-43,23/10/2015,0.138531,9299,42136,,,,,454,151,118,185,863431,933
601800,中国交建,土木工程建筑业,E48,2015-44,30/10/2015,-0.041223,7491,28516,,,,,279,79,64,136,572959,473
601800,中国交建,土木工程建筑业,E48,2015-45,06/11/2015,0.148405,7744,30644,,,,,322,104,63,155,758832,679
601800,中国交建,土木工程建筑业,E48,2015-46,13/11/2015,-0.050725,8045,30961,,,,,242,69,57,116,559755,317
601800,中国交建,土木工程建筑业,E48,2015-47,20/11/2015,0.008906,6988,27042,,,,,180,73,26,81,506301,290
601800,中国交建,土木工程建筑业,E48,2015-48,27/11/2015,-0.10971,6692,25232,,,,,266,71,89,106,612256,567
601800,中国交建,土木工程建筑业,E48,2015-49,04/12/2015,0.001416,6673,24626,,,,,198,48,50,100,388523,294
601800,中国交建,土木工程建筑业,E48,2015-50,11/12/2015,-0.060113,5149,20790,,,,,201,39,89,73,768401,264
601800,中国交建,土木工程建筑业,E48,2015-51,18/12/2015,0.042889,5368,21299,,,,,180,60,39,81,600235,283
601800,中国交建,土木工程建筑业,E48,2015-52,25/12/2015,0.007937,5408,20415,,,,,232,54,62,116,566902,326
601800,中国交建,土木工程建筑业,E48,2015-53,31/12/2015,-0.040086,,,,,,,,,,,,
601800,中国交建,土木工程建筑业,E48,2016-02,08/01/2016,-0.143177,4638,19256,,,,,143,24,57,62,498657,473
601800,中国交建,土木工程建筑业,E48,2016-03,15/01/2016,-0.074848,4654,19946,,,,,124,31,30,63,625934,283
601800,中国交建,土木工程建筑业,E48,2016-04,22/01/2016,0.140169,7577,29878,,,,,406,115,114,177,1053232,1096
601800,中国交建,土木工程建筑业,E48,2016-05,29/01/2016,-0.108911,5668,21044,,,,,194,60,45,89,729533,361
601800,中国交建,土木工程建筑业,E48,2016-06,05/02/2016,-0.000926,4065,15203,,,,,79,20,22,37,760177,355
601800,中国交建,土木工程建筑业,E48,2016-08,19/02/2016,0.074143,4977,18276,,,,,93,32,23,38,404108,132
601800,中国交建,土木工程建筑业,E48,2016-09,26/02/2016,-0.066437,4508,17614,,,,,91,25,18,48,399484,54
601800,中国交建,土木工程建筑业,E48,2016-10,04/03/2016,0.096118,4587,17884,,,,,91,36,16,39,434849,73
601800,中国交建,土木工程建筑业,E48,2016-11,11/03/2016,-0.037943,4335,17488,,,,,104,39,27,38,506115,130
601800,中国交建,土木工程建筑业,E48,2016-12,18/03/2016,0.044698,3939,16852,,,,,75,27,14,34,485736,325
601800,中国交建,土木工程建筑业,E48,2016-13,25/03/2016,0.027685,4559,19086,,,,,79,26,18,35,483223,156
601800,中国交建,土木工程建筑业,E48,2016-14,01/04/2016,0,4158,17180,,,,,125,51,21,53,880675,171
601800,中国交建,土木工程建筑业,E48,2016-15,08/04/2016,-0.00898,3565,15234,,,,,51,15,6,30,291983,31
601800,中国交建,土木工程建筑业,E48,2016-16,15/04/2016,0.018946,3662,16252,,,,,97,25,38,34,506556,73
601800,中国交建,土木工程建筑业,E48,2016-17,22/04/2016,-0.059014,2791,14218,,,,,135,19,42,74,630495,85
601800,中国交建,土木工程建筑业,E48,2016-18,29/04/2016,-0.020619,3012,14261,,,,,1510,768,20,722,690072,190
601800,中国交建,土木工程建筑业,E48,2016-19,06/05/2016,-0.028947,2509,12498,,,,,1080,384,20,676,246834,39
601800,中国交建,土木工程建筑业,E48,2016-20,13/05/2016,0.004517,3258,15187,,,,,726,165,23,538,426834,122
601800,中国交建,土木工程建筑业,E48,2016-21,20/05/2016,-0.029676,2787,13973,,,,,725,99,59,567,464239,78
601800,中国交建,土木工程建筑业,E48,2016-22,27/05/2016,-0.021316,2604,13267,,,,,498,62,96,340,442582,117
601800,中国交建,土木工程建筑业,E48,2016-23,03/06/2016,0.041667,2865,14037,,,,,526,37,13,476,346503,57
601800,中国交建,土木工程建筑业,E48,2016-24,08/06/2016,-0.001818,,,,,,,,,,,,
601800,中国交建,土木工程建筑业,E48,2016-25,17/06/2016,-0.043716,2608,13777,,,,,99,30,26,43,387809,74
601800,中国交建,土木工程建筑业,E48,2016-26,24/06/2016,-0.017143,2543,13340,,,,,143,41,30,72,301705,101
601800,中国交建,土木工程建筑业,E48,2016-27,01/07/2016,0.033953,3125,14686,,,,,142,29,50,63,147956,77
601800,中国交建,土木工程建筑业,E48,2016-28,08/07/2016,0.017176,3139,14428,,,,,123,40,34,49,127153,64
601800,中国交建,土木工程建筑业,E48,2016-29,15/07/2016,0.030019,3220,14946,,,,,141,42,35,64,99665,71
601800,中国交建,土木工程建筑业,E48,2016-30,22/07/2016,-0.02459,2920,14441,,,,,75,16,22,37,76996,34
601800,中国交建,土木工程建筑业,E48,2016-31,29/07/2016,0.013072,2881,13512,,,,,59,19,13,27,64849,26
601800,中国交建,土木工程建筑业,E48,2016-32,05/08/2016,-0.021198,2462,12891,,,,,62,21,13,28,57138,35
601800,中国交建,土木工程建筑业,E48,2016-33,12/08/2016,0.05838,2988,13585,,,,,119,33,20,66,82189,44
601800,中国交建,土木工程建筑业,E48,2016-34,19/08/2016,0.123665,4919,18128,,,,,167,57,25,85,164753,306
601800,中国交建,土木工程建筑业,E48,2016-35,26/08/2016,-0.063341,4424,16591,,,,,82,23,18,41,90864,138
601800,中国交建,土木工程建筑业,E48,2016-36,02/09/2016,0.011834,3187,14797,,,,,77,24,14,39,85296,40
601800,中国交建,土木工程建筑业,E48,2016-37,09/09/2016,-0.02005,3229,15443,,,,,87,22,24,41,64953,48
601800,中国交建,土木工程建筑业,E48,2016-38,14/09/2016,-0.046036,,,,,,,,,,,,
601800,中国交建,土木工程建筑业,E48,2016-39,23/09/2016,0.022341,2597,14055,,,,,35,16,4,15,36331,35
601800,中国交建,土木工程建筑业,E48,2016-40,30/09/2016,-0.034965,2238,13682,,,,,50,18,11,21,36756,37
601800,中国交建,土木工程建筑业,E48,2016-42,14/10/2016,0.095109,2470,15262,,,,,61,21,12,28,67582,47
601800,中国交建,土木工程建筑业,E48,2016-43,21/10/2016,0.186931,4887,20105,,,,,176,69,21,86,170506,359
601800,中国交建,土木工程建筑业,E48,2016-44,28/10/2016,-0.066899,5795,22032,,,,,131,44,18,69,158472,197
601800,中国交建,土木工程建筑业,E48,2016-45,04/11/2016,0.050037,4466,18809,,,,,142,43,25,74,115237,93
601800,中国交建,土木工程建筑业,E48,2016-46,11/11/2016,0.102418,5422,21599,,,,,179,54,42,83,162727,212
601800,中国交建,土木工程建筑业,E48,2016-47,18/11/2016,0.003226,5435,22261,,,,,168,66,21,81,144468,80
601800,中国交建,土木工程建筑业,E48,2016-48,25/11/2016,0.001929,4130,18546,,,,,134,50,25,59,220182,274
601800,中国交建,土木工程建筑业,E48,2016-49,02/12/2016,0.019255,5364,22777,,,,,153,45,45,63,213413,177
601800,中国交建,土木工程建筑业,E48,2016-50,09/12/2016,-0.073048,3932,18319,,,,,156,34,39,83,120623,180
601800,中国交建,土木工程建筑业,E48,2016-51,16/12/2016,-0.036005,3448,16876,,,,,105,30,23,52,78278,71
601800,中国交建,土木工程建筑业,E48,2016-52,23/12/2016,0.057787,3389,16387,,,,,108,42,24,42,71611,72
601800,中国交建,土木工程建筑业,E48,2016-53,30/12/2016,0.011992,5186,20293,,,,,216,65,42,109,242756,439
601818,光大银行,货币金融服务,J66,2014-01,03/01/2014,-0.018797,2093,81917,,,,,108,42,33,33,204502,400
601818,光大银行,货币金融服务,J66,2014-02,10/01/2014,-0.030651,5529,183533,,,,,265,91,54,120,472524,949
601818,光大银行,货币金融服务,J66,2014-03,17/01/2014,-0.011858,5061,181774,,,,,240,74,56,110,342122,601
601818,光大银行,货币金融服务,J66,2014-04,24/01/2014,-0.004,5370,182100,58,270,21,384,456,147,92,217,554927,902
601818,光大银行,货币金融服务,J66,2014-05,30/01/2014,0,,,,,,,,,,,,
601818,光大银行,货币金融服务,J66,2014-06,07/02/2014,-0.004016,2406,92053,,,,,91,40,26,25,188919,309
601818,光大银行,货币金融服务,J66,2014-07,14/02/2014,0.032258,7721,172078,2,18,1,47,388,142,85,161,549822,944
601818,光大银行,货币金融服务,J66,2014-08,21/02/2014,-0.015625,8211,175673,,,,,744,238,188,318,838505,1355
601818,光大银行,货币金融服务,J66,2014-09,28/02/2014,-0.027778,7434,179224,,,,,727,251,162,314,819042,1433
601818,光大银行,货币金融服务,J66,2014-10,07/03/2014,-0.012245,7168,180600,,,,,717,250,176,291,878285,1836
601818,光大银行,货币金融服务,J66,2014-11,14/03/2014,-0.016529,7844,171478,,,,,780,271,178,331,840128,1339
601818,光大银行,货币金融服务,J66,2014-12,21/03/2014,0.016807,7591,170151,,,,,652,212,144,296,837962,1363
601818,光大银行,货币金融服务,J66,2014-13,28/03/2014,0.024793,8894,166459,,,,,559,237,75,247,983767,1575
601818,光大银行,货币金融服务,J66,2014-14,04/04/2014,0.004032,8671,169214,87,51,51,252,482,169,91,222,713797,1117
601818,光大银行,货币金融服务,J66,2014-15,11/04/2014,0.040161,7246,144539,,,,,265,102,54,109,420880,807
601818,光大银行,货币金融服务,J66,2014-16,18/04/2014,-0.030888,6761,168465,,,,,264,108,53,103,311229,522
601818,光大银行,货币金融服务,J66,2014-17,25/04/2014,-0.011952,6272,169958,,,,,256,94,66,96,327400,567
601818,光大银行,货币金融服务,J66,2014-18,30/04/2014,-0.008065,,,,,,,,,,,,
601818,光大银行,货币金融服务,J66,2014-19,09/05/2014,-0.012195,6041,186771,,,,,214,77,45,92,325405,514
601818,光大银行,货币金融服务,J66,2014-20,16/05/2014,0.016461,6070,176342,,,,,213,104,37,72,322832,522
601818,光大银行,货币金融服务,J66,2014-21,23/05/2014,0.004049,5461,163544,,,,,176,71,52,53,291269,466
601818,光大银行,货币金融服务,J66,2014-22,30/05/2014,-0.004032,5101,152334,,,,,174,65,35,74,381657,424
601818,光大银行,货币金融服务,J66,2014-23,06/06/2014,0,4489,139341,,,,,172,49,36,87,359585,457
601818,光大银行,货币金融服务,J66,2014-24,13/06/2014,0.02834,5597,159009,,,,,242,87,64,91,604763,661
601818,光大银行,货币金融服务,J66,2014-25,20/06/2014,-0.015748,6341,165353,,,,,185,75,32,78,428888,449
601818,光大银行,货币金融服务,J66,2014-26,27/06/2014,0.012,5665,154141,,,,,140,65,19,56,339232,484
601818,光大银行,货币金融服务,J66,2014-27,04/07/2014,0.011858,6984,157729,,,,,188,71,35,82,340007,467
601818,光大银行,货币金融服务,J66,2014-28,11/07/2014,-0.011719,6637,144668,,,,,188,75,39,74,365617,534
601818,光大银行,货币金融服务,J66,2014-29,18/07/2014,0.012648,6752,145344,,,,,258,99,50,109,484563,975
601818,光大银行,货币金融服务,J66,2014-30,25/07/2014,0.041841,7232,139690,,,,,234,88,61,85,484546,918
601818,光大银行,货币金融服务,J66,2014-31,01/08/2014,0.068273,9481,144209,6,15,3,37,489,201,104,184,1502543,2052
601818,光大银行,货币金融服务,J66,2014-32,08/08/2014,0.022556,11745,148929,4,19,1,45,504,187,117,200,1097322,1776
601818,光大银行,货币金融服务,J66,2014-33,15/08/2014,0,8543,145072,,,,,236,98,67,71,471569,646
601818,光大银行,货币金融服务,J66,2014-34,22/08/2014,-0.011029,7783,148280,,,,,158,62,53,43,386760,663
601818,光大银行,货币金融服务,J66,2014-35,29/08/2014,-0.007435,6504,151679,66,10,22,74,149,65,38,46,374744,500
601818,光大银行,货币金融服务,J66,2014-36,05/09/2014,0.029963,7194,155608,38,39,13,212,172,64,27,81,340959,547
601818,光大银行,货币金融服务,J66,2014-37,12/09/2014,-0.003636,5642,141294,15,46,4,78,190,68,39,83,387478,635
601818,光大银行,货币金融服务,J66,2014-38,19/09/2014,0.014599,7853,160075,,,,,306,106,71,129,562575,769
601818,光大银行,货币金融服务,J66,2014-39,26/09/2014,-0.007194,7439,161207,,,,,260,103,69,88,620026,716
601818,光大银行,货币金融服务,J66,2014-40,30/09/2014,0.003623,,,,,,,,,,,,
601818,光大银行,货币金融服务,J66,2014-41,10/10/2014,-0.00722,4701,145919,,,,,96,34,19,43,215277,222
601818,光大银行,货币金融服务,J66,2014-42,17/10/2014,-0.018182,6540,177712,,,,,262,96,66,100,461532,463
601818,光大银行,货币金融服务,J66,2014-43,24/10/2014,-0.018519,5791,173315,,,,,216,80,66,70,364544,380
601818,光大银行,货币金融服务,J66,2014-44,31/10/2014,0.124528,6981,147299,28,26,16,178,532,196,110,226,983259,1162
601818,光大银行,货币金融服务,J66,2014-45,07/11/2014,-0.030201,8641,132461,,,,,519,167,136,216,791063,992
601818,光大银行,货币金融服务,J66,2014-46,14/11/2014,0.048443,9652,136155,,,,,603,227,108,268,1002774,1250
601818,光大银行,货币金融服务,J66,2014-47,21/11/2014,-0.033003,9236,161151,,,,,746,242,213,291,1201485,1897
601818,光大银行,货币金融服务,J66,2014-48,28/11/2014,0.296928,14874,212819,,,,,1406,525,254,627,2788438,4159
601818,光大银行,货币金融服务,J66,2014-49,05/12/2014,0.113158,30059,258550,,,,,1894,627,443,824,3173621,4758
601818,光大银行,货币金融服务,J66,2014-50,12/12/2014,-0.07565,28991,258583,,,,,1925,579,568,778,3075659,5583
601818,光大银行,货币金融服务,J66,2014-51,19/12/2014,0.112532,25903,243430,,,,,1323,455,313,555,2640945,5221
601818,光大银行,货币金融服务,J66,2014-52,26/12/2014,0.034483,27105,245906,35,62,0,106,1573,503,409,661,2712756,5351
601818,光大银行,货币金融服务,J66,2014-53,31/12/2014,0.084444,,,,,,,,,,,,
601818,光大银行,货币金融服务,J66,2015-02,09/01/2015,-0.057377,27261,261880,,,,,1134,378,290,466,2177604,3739
601818,光大银行,货币金融服务,J66,2015-03,16/01/2015,0.052174,21827,225311,,,,,866,300,248,318,1373159,2892
601818,光大银行,货币金融服务,J66,2015-04,23/01/2015,-0.082645,22074,227998,,,,,1346,337,466,543,2183162,3523
601818,光大银行,货币金融服务,J66,2015-05,30/01/2015,-0.060811,18899,209213,,,,,1228,294,384,550,1987350,2942
601818,光大银行,货币金融服务,J66,2015-06,06/02/2015,-0.052758,19275,217868,,,,,1483,350,492,641,1910330,3165
601818,光大银行,货币金融服务,J66,2015-07,13/02/2015,0.040506,16873,216588,,,,,759,222,212,325,1292722,1783
601818,光大银行,货币金融服务,J66,2015-08,17/02/2015,-0.004866,,,,,,,,,,,,
601818,光大银行,货币金融服务,J66,2015-09,27/02/2015,0.00489,9965,134929,,,,,420,113,93,214,689705,883
601818,光大银行,货币金融服务,J66,2015-10,06/03/2015,-0.053528,17029,194948,,,,,920,275,244,401,1523585,1958
601818,光大银行,货币金融服务,J66,2015-11,13/03/2015,0.079692,20019,200660,,,,,1051,365,259,427,1485739,1986
601818,光大银行,货币金融服务,J66,2015-12,20/03/2015,0.12381,29073,249891,,,,,1530,525,375,630,2805920,3573
601818,光大银行,货币金融服务,J66,2015-13,27/03/2015,-0.019068,25680,226739,,,,,1621,465,391,765,3422321,4769
601818,光大银行,货币金融服务,J66,2015-14,03/04/2015,0.043197,31190,245809,105,98,36,435,1446,422,414,610,2699585,2951
601818,光大银行,货币金融服务,J66,2015-15,10/04/2015,0.10559,27966,238596,,,,,1238,463,260,515,2768613,3346
601818,光大银行,货币金融服务,J66,2015-16,17/04/2015,0.050562,30714,272006,,,,,1513,474,368,671,3177980,3654
601818,光大银行,货币金融服务,J66,2015-17,24/04/2015,-0.071301,27366,253530,,,,,1700,452,481,767,2698949,3401
601818,光大银行,货币金融服务,J66,2015-18,30/04/2015,0.065259,,,,,,,,,,,,
601818,光大银行,货币金融服务,J66,2015-19,08/05/2015,-0.075676,23990,229335,21,13,5,93,1368,370,380,618,1793935,3004
601818,光大银行,货币金融服务,J66,2015-20,15/05/2015,0.005848,24324,217806,,,,,1582,476,430,676,2314556,3165
601818,光大银行,货币金融服务,J66,2015-21,22/05/2015,0.04845,22277,232791,,,,,1384,404,371,609,1912093,2937
601818,光大银行,货币金融服务,J66,2015-22,29/05/2015,-0.044362,23745,239454,,,,,1378,391,369,618,2393962,2766
601818,光大银行,货币金融服务,J66,2015-23,05/06/2015,0.182979,36579,292911,,,,,2485,789,635,1061,3837136,5075
601818,光大银行,货币金融服务,J66,2015-24,12/06/2015,0.048904,36998,306082,,,,,1530,434,443,653,3416069,3461
601818,光大银行,货币金融服务,J66,2015-25,19/06/2015,-0.146302,32608,282940,,,,,1510,359,487,664,2844395,4690
601818,光大银行,货币金融服务,J66,2015-26,26/06/2015,-0.048964,22681,228746,,,,,887,256,264,367,1289335,1697
601818,光大银行,货币金融服务,J66,2015-27,03/07/2015,-0.053465,30879,294228,,,,,907,239,251,417,1210863,1873
601818,光大银行,货币金融服务,J66,2015-28,10/07/2015,0.211297,39161,333661,,,,,1220,384,323,513,1473096,1638
601818,光大银行,货币金融服务,J66,2015-29,17/07/2015,-0.070812,23440,255449,,,,,1338,334,383,621,1803384,2003
601818,光大银行,货币金融服务,J66,2015-30,24/07/2015,-0.040892,18173,224143,,,,,1208,290,381,537,1812083,3809
601818,光大银行,货币金融服务,J66,2015-31,31/07/2015,-0.120155,16760,216255,,,,,1165,307,354,504,1284831,1477
601818,光大银行,货币金融服务,J66,2015-32,07/08/2015,0.002203,13679,207291,,,,,775,204,230,341,1146225,2356
601818,光大银行,货币金融服务,J66,2015-33,14/08/2015,-0.002198,12683,204486,,,,,701,200,191,310,973370,848
601818,光大银行,货币金融服务,J66,2015-34,21/08/2015,-0.101322,13061,206135,,,,,842,184,271,387,533149,1420
601818,光大银行,货币金融服务,J66,2015-35,28/08/2015,-0.058824,15158,224706,,,,,550,123,177,250,120099,724
601818,光大银行,货币金融服务,J66,2015-36,02/09/2015,0.140625,,,,,,,,,,,,
601818,光大银行,货币金融服务,J66,2015-37,11/09/2015,-0.052511,10984,192706,,,,,423,114,108,201,185638,1059
601818,光大银行,货币金融服务,J66,2015-40,30/09/2015,-0.06506,,,,,,,,,,,,
601818,光大银行,货币金融服务,J66,2015-41,09/10/2015,0.020619,4681,125554,,,,,117,44,18,55,126971,865
601818,光大银行,货币金融服务,J66,2015-42,16/10/2015,0.035354,8483,175944,,,,,224,84,48,92,286053,357
601818,光大银行,货币金融服务,J66,2015-43,23/10/2015,0.017073,9213,170018,,,,,409,123,70,216,615222,700
601818,光大银行,货币金融服务,J66,2015-44,30/10/2015,-0.014388,8318,162676,,,,,331,99,70,162,495871,553
601818,光大银行,货币金融服务,J66,2015-45,06/11/2015,0.053528,8627,158576,21,12,3,92,348,109,73,166,576916,723
601818,光大银行,货币金融服务,J66,2015-46,13/11/2015,0.011547,11440,175438,,,,,595,183,127,285,759268,794
601818,光大银行,货币金融服务,J66,2015-47,20/11/2015,0.018265,9927,168539,,,,,425,131,93,201,736384,822
601818,光大银行,货币金融服务,J66,2015-48,27/11/2015,-0.053812,8846,158316,,,,,417,100,117,200,472535,272
601818,光大银行,货币金融服务,J66,2015-49,04/12/2015,0.042654,9348,165786,,,,,363,99,95,169,445187,427
601818,光大银行,货币金融服务,J66,2015-50,11/12/2015,-0.036364,8078,159951,,,,,260,68,74,118,649578,387
601818,光大银行,货币金融服务,J66,2015-51,18/12/2015,0.014151,8082,166231,,,,,338,93,106,139,713247,474
601818,光大银行,货币金融服务,J66,2015-52,25/12/2015,0.009302,8514,170219,,,,,372,123,91,158,894932,563
601818,光大银行,货币金融服务,J66,2015-53,31/12/2015,-0.023041,,,,,,,,,,,,
601818,光大银行,货币金融服务,J66,2016-02,08/01/2016,-0.049528,7969,171948,,,,,250,55,70,125,746385,354
601818,光大银行,货币金融服务,J66,2016-03,15/01/2016,-0.081886,7853,166065,,,,,273,72,64,137,1079126,647
601818,光大银行,货币金融服务,J66,2016-04,22/01/2016,0.002703,7700,160012,,,,,282,86,66,130,767080,457
601818,光大银行,货币金融服务,J66,2016-05,29/01/2016,-0.037736,7122,152087,,,,,245,75,63,107,684908,469
601818,光大银行,货币金融服务,J66,2016-06,05/02/2016,-0.019608,6016,150838,,,,,158,46,47,65,708348,215
601818,光大银行,货币金融服务,J66,2016-08,19/02/2016,0.014286,6588,137600,,,,,143,68,34,41,465615,180
601818,光大银行,货币金融服务,J66,2016-09,26/02/2016,-0.033803,6650,141366,,,,,228,79,37,112,709556,491
601818,光大银行,货币金融服务,J66,2016-10,04/03/2016,0.087464,7183,149740,,,,,266,106,56,104,1210434,471
601818,光大银行,货币金融服务,J66,2016-11,11/03/2016,-0.013405,7050,141667,,,,,198,71,37,90,676662,418
601818,光大银行,货币金融服务,J66,2016-12,18/03/2016,0.016304,6865,141786,,,,,241,76,50,115,885496,480
601818,光大银行,货币金融服务,J66,2016-13,25/03/2016,-0.010695,6562,142029,,,,,190,56,45,89,698729,349
601818,光大银行,货币金融服务,J66,2016-14,01/04/2016,0.021622,6340,143625,,,,,198,76,38,84,1134164,284
601818,光大银行,货币金融服务,J66,2016-15,08/04/2016,-0.015873,5207,138036,,,,,113,36,21,56,599009,460
601818,光大银行,货币金融服务,J66,2016-16,15/04/2016,0.016129,5956,145774,,,,,164,51,42,71,563022,485
601818,光大银行,货币金融服务,J66,2016-17,22/04/2016,-0.029101,5106,137632,,,,,145,39,36,70,525458,1159
601818,光大银行,货币金融服务,J66,2016-18,29/04/2016,-0.00545,4628,146240,,,,,1603,778,51,774,684708,434
601818,光大银行,货币金融服务,J66,2016-19,06/05/2016,-0.005479,3906,136098,,,,,1134,481,31,622,377995,264
601818,光大银行,货币金融服务,J66,2016-20,13/05/2016,-0.024793,4275,152473,,,,,743,139,37,567,561866,413
601818,光大银行,货币金融服务,J66,2016-21,20/05/2016,-0.002825,4149,156400,,,,,825,112,104,609,686391,383
601818,光大银行,货币金融服务,J66,2016-22,27/05/2016,0.005666,4106,151513,,,,,507,68,107,332,356474,242
601818,光大银行,货币金融服务,J66,2016-23,03/06/2016,0.047887,5118,147728,,,,,582,56,37,489,443745,318
601818,光大银行,货币金融服务,J66,2016-24,08/06/2016,-0.005376,,,,,,,,,,,,
601818,光大银行,货币金融服务,J66,2016-25,17/06/2016,-0.016216,4112,147239,,,,,147,46,33,68,436033,264
601818,光大银行,货币金融服务,J66,2016-26,24/06/2016,0,3983,134745,,,,,205,61,28,116,329649,188
601818,光大银行,货币金融服务,J66,2016-27,01/07/2016,0.046703,4737,143524,,,,,200,76,26,98,292968,299
601818,光大银行,货币金融服务,J66,2016-28,08/07/2016,0.002625,5195,141761,,,,,214,78,35,101,230104,273
601818,光大银行,货币金融服务,J66,2016-29,15/07/2016,0.049738,7049,142741,,,,,275,102,57,116,560421,637
601818,光大银行,货币金融服务,J66,2016-30,22/07/2016,0,6258,141254,,,,,202,76,40,86,274086,265
601818,光大银行,货币金融服务,J66,2016-31,29/07/2016,0.005236,5913,146601,,,,,213,75,36,102,239522,246
601818,光大银行,货币金融服务,J66,2016-32,05/08/2016,0,4985,164432,,,,,156,56,37,63,155106,177
601818,光大银行,货币金融服务,J66,2016-33,12/08/2016,0.057292,5589,156701,,,,,230,85,38,107,190102,348
601818,光大银行,货币金融服务,J66,2016-34,19/08/2016,-0.002463,7287,157658,,,,,235,55,61,119,244882,321
601818,光大银行,货币金融服务,J66,2016-35,26/08/2016,-0.022222,5455,159649,,,,,191,53,37,101,198579,356
601818,光大银行,货币金融服务,J66,2016-36,02/09/2016,-0.007576,4873,160088,,,,,200,60,46,94,190024,212
601818,光大银行,货币金融服务,J66,2016-37,09/09/2016,-0.020356,4651,152690,,,,,182,46,52,84,154756,189
601818,光大银行,货币金融服务,J66,2016-38,14/09/2016,-0.031169,,,,,,,,,,,,
601818,光大银行,货币金融服务,J66,2016-39,23/09/2016,0.016086,4122,161118,,,,,71,23,9,39,70576,57
601818,光大银行,货币金融服务,J66,2016-40,30/09/2016,0,3828,156898,,,,,55,25,5,25,62769,71
601818,光大银行,货币金融服务,J66,2016-42,14/10/2016,-0.005277,4061,165781,,,,,90,24,19,47,82999,92
601818,光大银行,货币金融服务,J66,2016-43,21/10/2016,0.013263,4139,145931,,,,,85,35,9,41,101620,76
601818,光大银行,货币金融服务,J66,2016-44,28/10/2016,0,4608,144347,,,,,129,58,28,43,153196,145
601818,光大银行,货币金融服务,J66,2016-45,04/11/2016,0.007853,4303,138396,,,,,162,70,29,63,151747,390
601818,光大银行,货币金融服务,J66,2016-46,11/11/2016,0.015584,4402,145647,,,,,114,45,32,37,96405,87
601818,光大银行,货币金融服务,J66,2016-47,18/11/2016,-0.012788,4247,138545,,,,,159,56,27,76,145579,179
601818,光大银行,货币金融服务,J66,2016-48,25/11/2016,0.072539,5555,134271,,,,,172,78,29,65,145081,184
601818,光大银行,货币金融服务,J66,2016-49,02/12/2016,-0.014493,5589,142606,,,,,108,36,28,44,143898,179
601818,光大银行,货币金融服务,J66,2016-50,09/12/2016,0.026961,4615,143448,,,,,110,42,17,51,91574,91
601818,光大银行,货币金融服务,J66,2016-51,16/12/2016,-0.057279,5273,145566,,,,,194,50,40,104,129974,167
601818,光大银行,货币金融服务,J66,2016-52,23/12/2016,-0.01519,4307,141033,,,,,146,46,21,79,133766,172
601818,光大银行,货币金融服务,J66,2016-53,30/12/2016,0.005141,3560,142839,,,,,96,42,16,38,64209,60
601857,中国石油,石油和天然气开采业,B07,2014-01,03/01/2014,-0.009079,2382,8819,,,,,276,77,95,104,244694,418
601857,中国石油,石油和天然气开采业,B07,2014-02,10/01/2014,-0.014398,6989,23058,,,,,762,201,247,314,635214,1233
601857,中国石油,石油和天然气开采业,B07,2014-03,17/01/2014,0.029216,6463,23175,,,,,1141,309,390,442,826490,1551
601857,中国石油,石油和天然气开采业,B07,2014-04,24/01/2014,-0.016774,6090,21402,,,,,359,116,108,135,305702,446
601857,中国石油,石油和天然气开采业,B07,2014-05,30/01/2014,-0.010499,,,,,,,,,,,,
601857,中国石油,石油和天然气开采业,B07,2014-06,07/02/2014,-0.003979,2402,13475,,,,,172,62,45,65,195170,421
601857,中国石油,石油和天然气开采业,B07,2014-07,14/02/2014,0.006658,6940,22788,,,,,255,94,53,108,243819,449
601857,中国石油,石油和天然气开采业,B07,2014-08,21/02/2014,0.015873,8607,31567,,,,,526,167,139,220,496317,634
601857,中国石油,石油和天然气开采业,B07,2014-09,28/02/2014,0.001302,8843,30822,,,,,667,199,188,280,509540,574
601857,中国石油,石油和天然气开采业,B07,2014-10,07/03/2014,0.011704,8202,28583,,,,,401,144,76,181,341618,420
601857,中国石油,石油和天然气开采业,B07,2014-11,14/03/2014,-0.030848,8250,27608,,,,,370,91,123,156,303124,366
601857,中国石油,石油和天然气开采业,B07,2014-12,21/03/2014,0.017241,7715,26749,122,151,42,557,383,139,99,145,470390,592
601857,中国石油,石油和天然气开采业,B07,2014-13,28/03/2014,-0.013038,7468,25663,58,36,14,78,313,85,96,132,414685,1678
601857,中国石油,石油和天然气开采业,B07,2014-14,04/04/2014,0.002642,6598,22717,,,,,243,64,89,90,341708,1342
601857,中国石油,石油和天然气开采业,B07,2014-15,11/04/2014,0.013175,6465,23039,,,,,194,68,42,84,260195,584
601857,中国石油,石油和天然气开采业,B07,2014-16,18/04/2014,-0.010403,6620,24432,,,,,282,91,93,98,251675,354
601857,中国石油,石油和天然气开采业,B07,2014-17,25/04/2014,-0.009198,6276,23979,89,177,40,586,367,85,145,137,343079,476
601857,中国石油,石油和天然气开采业,B07,2014-18,30/04/2014,-0.002653,,,,,,,,,,,,
601857,中国石油,石油和天然气开采业,B07,2014-19,09/05/2014,0,5807,23960,,,,,237,70,74,93,187528,272
601857,中国石油,石油和天然气开采业,B07,2014-20,16/05/2014,0.014628,7132,26769,27,156,12,429,321,116,87,118,361809,407
601857,中国石油,石油和天然气开采业,B07,2014-21,23/05/2014,0.002621,6425,26755,,,,,346,112,102,132,367964,490
601857,中国石油,石油和天然气开采业,B07,2014-22,30/05/2014,-0.006536,5428,22840,,,,,215,58,55,102,245930,509
601857,中国石油,石油和天然气开采业,B07,2014-23,06/06/2014,0.003632,5121,21100,,,,,339,87,116,136,278792,475
601857,中国石油,石油和天然气开采业,B07,2014-24,13/06/2014,0.01071,5747,22920,,,,,298,108,64,126,295887,487
601857,中国石油,石油和天然气开采业,B07,2014-25,20/06/2014,0.001325,5628,22480,,,,,317,91,98,128,337410,446
601857,中国石油,石油和天然气开采业,B07,2014-26,27/06/2014,-0.003968,4911,22360,,,,,222,65,61,96,828137,1186
601857,中国石油,石油和天然气开采业,B07,2014-27,04/07/2014,0.001328,5015,22652,,,,,203,77,58,68,247795,255
601857,中国石油,石油和天然气开采业,B07,2014-28,11/07/2014,-0.005305,4583,21089,,,,,248,93,60,95,305417,437
601857,中国石油,石油和天然气开采业,B07,2014-29,18/07/2014,0.006667,5100,21956,,,,,218,83,63,72,234830,375
601857,中国石油,石油和天然气开采业,B07,2014-30,25/07/2014,0.019868,6154,23090,7,14,3,54,178,56,48,74,228412,506
601857,中国石油,石油和天然气开采业,B07,2014-31,01/08/2014,0.035065,9254,39607,8,17,1,54,365,135,79,151,454180,1345
601857,中国石油,石油和天然气开采业,B07,2014-32,08/08/2014,-0.010038,7641,27446,,,,,267,90,53,124,308065,941
601857,中国石油,石油和天然气开采业,B07,2014-33,15/08/2014,0.006337,7365,25365,,,,,223,75,50,98,265552,941
601857,中国石油,石油和天然气开采业,B07,2014-34,22/08/2014,-0.005038,7501,25984,,,,,294,99,77,118,341162,1017
601857,中国石油,石油和天然气开采业,B07,2014-35,29/08/2014,-0.001266,7122,25343,212,197,33,725,356,117,85,154,389612,502
601857,中国石油,石油和天然气开采业,B07,2014-36,05/09/2014,0.029151,7792,27542,23,13,3,93,275,99,61,115,302200,470
601857,中国石油,石油和天然气开采业,B07,2014-37,12/09/2014,-0.007389,6632,25549,,,,,275,91,68,116,310904,437
601857,中国石油,石油和天然气开采业,B07,2014-38,19/09/2014,0.002171,8020,33672,,,,,409,166,89,154,476026,675
601857,中国石油,石油和天然气开采业,B07,2014-39,26/09/2014,-0.015171,7856,29944,12,84,16,175,399,150,106,143,702645,2293
601857,中国石油,石油和天然气开采业,B07,2014-40,30/09/2014,0,,,,,,,,,,,,
601857,中国石油,石油和天然气开采业,B07,2014-41,10/10/2014,0,5322,25775,,,,,239,89,50,100,357836,559
601857,中国石油,石油和天然气开采业,B07,2014-42,17/10/2014,-0.012837,7505,32977,,,,,395,118,111,166,601176,962
601857,中国石油,石油和天然气开采业,B07,2014-43,24/10/2014,-0.014304,7034,30783,,,,,491,135,146,210,518911,629
601857,中国石油,石油和天然气开采业,B07,2014-44,31/10/2014,0.034301,7509,33141,178,221,60,768,426,141,116,169,513518,677
601857,中国石油,石油和天然气开采业,B07,2014-45,07/11/2014,-0.01148,7426,32220,,,,,428,139,108,181,602776,954
601857,中国石油,石油和天然气开采业,B07,2014-46,14/11/2014,0.010323,7901,33876,,,,,661,256,135,270,810646,1336
601857,中国石油,石油和天然气开采业,B07,2014-47,21/11/2014,-0.010217,8149,31442,,,,,535,164,133,238,560341,730
601857,中国石油,石油和天然气开采业,B07,2014-48,28/11/2014,0.054194,11277,43516,,,,,852,289,191,372,1118096,1749
601857,中国石油,石油和天然气开采业,B07,2014-49,05/12/2014,0.238678,26739,124557,20,33,13,66,2203,692,436,1075,2677095,4142
601857,中国石油,石油和天然气开采业,B07,2014-50,12/12/2014,-0.076087,32780,147681,,,,,1513,507,341,665,1687022,2426
601857,中国石油,石油和天然气开采业,B07,2014-51,19/12/2014,0.078075,22750,93343,,,,,1130,397,235,498,1483438,2391
601857,中国石油,石油和天然气开采业,B07,2014-52,26/12/2014,0.003968,23885,120305,,,,,1229,420,271,538,1413923,2193
601857,中国石油,石油和天然气开采业,B07,2014-53,31/12/2014,0.068182,,,,,,,,,,,,
601857,中国石油,石油和天然气开采业,B07,2015-02,09/01/2015,0.116559,38269,163399,,,,,2886,888,651,1347,3317147,4654
601857,中国石油,石油和天然气开采业,B07,2015-03,16/01/2015,0.043911,27833,107898,6,41,6,172,1998,583,460,955,2286262,3885
601857,中国石油,石油和天然气开采业,B07,2015-04,23/01/2015,0.01746,30966,117017,,,,,1582,523,401,658,1705166,2448
601857,中国石油,石油和天然气开采业,B07,2015-05,30/01/2015,-0.092044,25820,91724,21,38,19,78,1453,459,404,590,1856107,2673
601857,中国石油,石油和天然气开采业,B07,2015-06,06/02/2015,-0.064433,22501,79344,,,,,1460,409,426,625,1446043,2358
601857,中国石油,石油和天然气开采业,B07,2015-07,13/02/2015,0.02663,18375,65327,,,,,685,241,164,280,831540,2161
601857,中国石油,石油和天然气开采业,B07,2015-08,17/02/2015,-0.008945,,,,,,,,,,,,
601857,中国石油,石油和天然气开采业,B07,2015-09,27/02/2015,0.030686,14799,59728,,,,,851,299,148,404,1144987,1413
601857,中国石油,石油和天然气开采业,B07,2015-10,06/03/2015,-0.056918,19894,84302,6,22,11,93,896,266,247,383,1210027,2101
601857,中国石油,石油和天然气开采业,B07,2015-11,13/03/2015,0.026927,18424,69594,,,,,708,223,164,321,877771,1618
601857,中国石油,石油和天然气开采业,B07,2015-12,20/03/2015,0.056058,23753,103115,,,,,1071,446,197,428,1659802,2580
601857,中国石油,石油和天然气开采业,B07,2015-13,27/03/2015,0.001712,24193,101388,67,163,36,445,1569,538,345,686,3037520,3925
601857,中国石油,石油和天然气开采业,B07,2015-14,03/04/2015,0.011966,23512,91989,1,6,0,41,1219,413,297,509,1518994,2143
601857,中国石油,石油和天然气开采业,B07,2015-15,10/04/2015,0.052365,22726,95333,,,,,1199,442,282,475,1818009,2334
601857,中国石油,石油和天然气开采业,B07,2015-16,17/04/2015,0.073836,30610,132631,27,27,15,69,1657,574,359,724,2213884,2644
601857,中国石油,石油和天然气开采业,B07,2015-17,24/04/2015,-0.004484,31795,152711,,,,,2102,697,498,907,2650392,3778
601857,中国石油,石油和天然气开采业,B07,2015-18,30/04/2015,0.005255,,,,,,,,,,,,
601857,中国石油,石油和天然气开采业,B07,2015-19,08/05/2015,-0.073189,32059,176070,,,,,2349,696,668,985,2700683,4652
601857,中国石油,石油和天然气开采业,B07,2015-20,15/05/2015,-0.024174,26845,136650,3,11,2,70,1669,448,429,792,1837017,3267
601857,中国石油,石油和天然气开采业,B07,2015-21,22/05/2015,0.043765,26885,122353,,,,,1816,508,500,808,1928799,3045
601857,中国石油,石油和天然气开采业,B07,2015-22,29/05/2015,-0.056962,34684,180252,,,,,2231,621,623,987,2985600,4279
601857,中国石油,石油和天然气开采业,B07,2015-23,05/06/2015,0.075503,29732,139053,,,,,1848,539,497,812,2176233,2890
601857,中国石油,石油和天然气开采业,B07,2015-24,12/06/2015,0.01092,29017,140766,,,,,1820,522,420,878,1938412,2807
601857,中国石油,石油和天然气开采业,B07,2015-25,19/06/2015,-0.138117,25591,123560,16,21,5,96,2143,520,659,964,1941662,2735
601857,中国石油,石油和天然气开采业,B07,2015-26,26/06/2015,-0.057296,21495,105380,,,,,1378,362,417,599,1502160,2064
601857,中国石油,石油和天然气开采业,B07,2015-27,03/07/2015,0.123457,42906,285071,,,,,4514,1254,1171,2089,4184609,13317
601857,中国石油,石油和天然气开采业,B07,2015-28,10/07/2015,0.114624,69366,577539,,,,,8197,2387,1919,3891,5133296,18168
601857,中国石油,石油和天然气开采业,B07,2015-29,17/07/2015,0.006112,44608,293218,,,,,3996,1096,990,1910,3378120,7978
601857,中国石油,石油和天然气开采业,B07,2015-30,24/07/2015,0.038724,38021,230199,,,,,4765,1336,1210,2219,3492216,6338
601857,中国石油,石油和天然气开采业,B07,2015-31,31/07/2015,-0.189327,34656,215031,,,,,4438,959,1492,1987,3512998,7005
601857,中国石油,石油和天然气开采业,B07,2015-32,07/08/2015,-0.037872,24756,131055,,,,,1812,412,588,812,2700342,4321
601857,中国石油,石油和天然气开采业,B07,2015-33,14/08/2015,0.029053,20920,100906,,,,,896,254,228,414,1049834,1379
601857,中国石油,石油和天然气开采业,B07,2015-34,21/08/2015,-0.089253,23874,122791,,,,,2305,525,691,1089,815667,2535
601857,中国石油,石油和天然气开采业,B07,2015-35,28/08/2015,-0.086,30901,202636,,,,,3941,923,1185,1833,720588,5218
601857,中国石油,石油和天然气开采业,B07,2015-36,02/09/2015,-0.04267,,,,,,,,,,,,
601857,中国石油,石油和天然气开采业,B07,2015-37,11/09/2015,0.006857,15985,75479,,,,,974,236,276,462,231906,957
601857,中国石油,石油和天然气开采业,B07,2015-38,18/09/2015,-0.037174,15231,74989,,,,,1429,356,486,587,389110,1652
601857,中国石油,石油和天然气开采业,B07,2015-39,25/09/2015,0.013064,13073,54326,,,,,922,213,302,407,187245,1128
601857,中国石油,石油和天然气开采业,B07,2015-40,30/09/2015,-0.03517,,,,,,,,,,,,
601857,中国石油,石油和天然气开采业,B07,2015-41,09/10/2015,0.035237,6747,32565,,,,,379,135,71,173,144069,1330
601857,中国石油,石油和天然气开采业,B07,2015-42,16/10/2015,0.050469,12621,56272,,,,,722,207,181,334,507584,922
601857,中国石油,石油和天然气开采业,B07,2015-43,23/10/2015,-0.013408,13160,57695,,,,,911,267,212,432,753780,756
601857,中国石油,石油和天然气开采业,B07,2015-44,30/10/2015,-0.00906,11535,50215,28,12,11,78,862,234,190,438,702540,863
601857,中国石油,石油和天然气开采业,B07,2015-45,06/11/2015,0.04,11657,50960,25,49,14,164,815,245,181,389,720525,1075
601857,中国石油,石油和天然气开采业,B07,2015-46,13/11/2015,-0.017582,12061,50695,,,,,748,209,173,366,744272,836
601857,中国石油,石油和天然气开采业,B07,2015-47,20/11/2015,0.005593,10754,46930,,,,,894,285,190,419,708464,1096
601857,中国石油,石油和天然气开采业,B07,2015-48,27/11/2015,-0.058954,10913,48126,2,11,4,71,869,252,201,416,860252,1507
601857,中国石油,石油和天然气开采业,B07,2015-49,04/12/2015,0.014184,10962,50815,2,14,1,71,761,243,205,313,716275,967
601857,中国石油,石油和天然气开采业,B07,2015-50,11/12/2015,-0.032634,9524,45165,,,,,765,219,238,308,1048259,627
601857,中国石油,石油和天然气开采业,B07,2015-51,18/12/2015,0.021687,10347,47066,,,,,667,161,135,371,1356133,1422
601857,中国石油,石油和天然气开采业,B07,2015-52,25/12/2015,0,10288,43059,15,37,2,81,696,213,167,316,1561283,1052
601857,中国石油,石油和天然气开采业,B07,2015-53,31/12/2015,-0.01533,,,,,,,,,,,,
601857,中国石油,石油和天然气开采业,B07,2016-02,08/01/2016,-0.043114,11392,55381,,,,,871,200,256,415,1839218,2182
601857,中国石油,石油和天然气开采业,B07,2016-03,15/01/2016,-0.081352,11364,53979,,,,,1037,221,350,466,1772773,1208
601857,中国石油,石油和天然气开采业,B07,2016-04,22/01/2016,-0.001362,10451,50438,,,,,865,250,264,351,1289286,1117
601857,中国石油,石油和天然气开采业,B07,2016-05,29/01/2016,0.017735,12279,65126,,,,,2003,498,516,989,2799528,2850
601857,中国石油,石油和天然气开采业,B07,2016-06,05/02/2016,-0.030831,8809,39064,,,,,792,175,239,378,1373191,1153
601857,中国石油,石油和天然气开采业,B07,2016-08,19/02/2016,0.026279,9070,42381,,,,,537,163,137,237,1170481,1144
601857,中国石油,石油和天然气开采业,B07,2016-09,26/02/2016,-0.021563,9217,41897,,,,,619,168,173,278,1292249,825
601857,中国石油,石油和天然气开采业,B07,2016-10,04/03/2016,0.077135,9520,45729,,,,,737,236,198,303,1469009,978
601857,中国石油,石油和天然气开采业,B07,2016-11,11/03/2016,-0.016624,9116,43994,,,,,611,188,154,269,1724783,1206
601857,中国石油,石油和天然气开采业,B07,2016-12,18/03/2016,0.024707,8752,40757,,,,,669,203,149,317,1295007,1827
601857,中国石油,石油和天然气开采业,B07,2016-13,25/03/2016,-0.031726,8599,38953,,,,,813,211,176,426,1652672,1354
601857,中国石油,石油和天然气开采业,B07,2016-14,01/04/2016,0.003932,8711,39206,,,,,800,227,193,380,1367308,1048
601857,中国石油,石油和天然气开采业,B07,2016-15,08/04/2016,-0.018277,7315,34137,,,,,608,155,156,297,1254144,782
601857,中国石油,石油和天然气开采业,B07,2016-16,15/04/2016,0.030585,8409,37513,,,,,465,132,95,238,831314,775
601857,中国石油,石油和天然气开采业,B07,2016-17,22/04/2016,-0.021935,7690,34943,,,,,621,154,172,295,979247,1544
601857,中国石油,石油和天然气开采业,B07,2016-18,29/04/2016,-0.021108,7452,36091,,,,,2244,913,257,1074,1811183,2293
601857,中国石油,石油和天然气开采业,B07,2016-19,06/05/2016,-0.010782,6079,29570,,,,,1497,535,134,828,606328,759
601857,中国石油,石油和天然气开采业,B07,2016-20,13/05/2016,-0.020436,7124,34977,,,,,1310,286,209,815,604047,785
601857,中国石油,石油和天然气开采业,B07,2016-21,20/05/2016,0.002782,7020,32991,,,,,1179,225,201,753,832230,711
601857,中国石油,石油和天然气开采业,B07,2016-22,27/05/2016,-0.001387,6701,32201,,,,,951,170,198,583,967271,881
601857,中国石油,石油和天然气开采业,B07,2016-23,03/06/2016,0.022222,6927,32014,,,,,838,109,89,640,791794,386
601857,中国石油,石油和天然气开采业,B07,2016-24,08/06/2016,-0.004769,,,,,,,,,,,,
601857,中国石油,石油和天然气开采业,B07,2016-25,17/06/2016,-0.013699,6656,30247,,,,,498,124,137,237,809207,866
601857,中国石油,石油和天然气开采业,B07,2016-26,24/06/2016,-0.011111,6049,29217,,,,,485,120,115,250,721387,907
601857,中国石油,石油和天然气开采业,B07,2016-27,01/07/2016,0.014045,5862,31433,,,,,385,123,79,183,320437,356
601857,中国石油,石油和天然气开采业,B07,2016-28,08/07/2016,0.004155,6328,29617,,,,,425,103,93,229,232506,347
601857,中国石油,石油和天然气开采业,B07,2016-29,15/07/2016,0.017931,6729,32431,,,,,356,119,72,165,244870,306
601857,中国石油,石油和天然气开采业,B07,2016-30,22/07/2016,-0.012195,6198,30142,,,,,361,110,97,154,325564,358
601857,中国石油,石油和天然气开采业,B07,2016-31,29/07/2016,-0.009602,6304,29253,,,,,328,98,91,139,260707,245
601857,中国石油,石油和天然气开采业,B07,2016-32,05/08/2016,0.00277,5803,27695,,,,,262,65,58,139,179638,170
601857,中国石油,石油和天然气开采业,B07,2016-33,12/08/2016,0.013812,5761,27176,,,,,353,107,58,188,225249,292
601857,中国石油,石油和天然气开采业,B07,2016-34,19/08/2016,0.009537,6569,29810,,,,,475,137,93,245,236210,264
601857,中国石油,石油和天然气开采业,B07,2016-35,26/08/2016,-0.00135,6300,29859,,,,,422,114,96,212,318398,416
601857,中国石油,石油和天然气开采业,B07,2016-36,02/09/2016,0.009459,6562,32310,,,,,301,91,76,134,210929,266
601857,中国石油,石油和天然气开采业,B07,2016-37,09/09/2016,-0.006693,5775,29662,,,,,296,86,99,111,175720,214
601857,中国石油,石油和天然气开采业,B07,2016-38,14/09/2016,-0.018868,,,,,,,,,,,,
601857,中国石油,石油和天然气开采业,B07,2016-39,23/09/2016,0.001552,5082,30887,,,,,232,66,53,113,162820,307
601857,中国石油,石油和天然气开采业,B07,2016-40,30/09/2016,-0.006878,4970,29381,,,,,293,90,63,140,198170,314
601857,中国石油,石油和天然气开采业,B07,2016-42,14/10/2016,0.01108,5234,30165,,,,,183,55,32,96,135996,179
601857,中国石油,石油和天然气开采业,B07,2016-43,21/10/2016,0.008219,5220,31649,,,,,263,84,62,117,217951,261
601857,中国石油,石油和天然气开采业,B07,2016-44,28/10/2016,0.002717,5812,30538,,,,,287,94,63,130,233488,383
601857,中国石油,石油和天然气开采业,B07,2016-45,04/11/2016,-0.01626,4874,28482,,,,,288,80,65,143,193209,377
601857,中国石油,石油和天然气开采业,B07,2016-46,11/11/2016,0.019284,5270,29781,,,,,302,118,62,122,201899,395
601857,中国石油,石油和天然气开采业,B07,2016-47,18/11/2016,0,5788,31949,,,,,273,93,68,112,213609,442
601857,中国石油,石油和天然气开采业,B07,2016-48,25/11/2016,0.027027,7022,36455,,,,,364,118,79,167,257430,421
601857,中国石油,石油和天然气开采业,B07,2016-49,02/12/2016,0.034211,7922,43339,,,,,558,165,114,279,469694,640
601857,中国石油,石油和天然气开采业,B07,2016-50,09/12/2016,-0.026718,7024,36634,,,,,373,115,102,156,239950,302
601857,中国石油,石油和天然气开采业,B07,2016-51,16/12/2016,-0.005229,7097,42671,,,,,486,160,102,224,315347,349
601857,中国石油,石油和天然气开采业,B07,2016-52,23/12/2016,0.067017,8347,44773,,,,,915,281,186,448,737618,1531
601857,中国石油,石油和天然气开采业,B07,2016-53,30/12/2016,-0.020936,7227,38745,,,,,339,101,93,145,191186,263
601901,方正证券,资本市场服务,J67,2014-03,17/01/2014,-0.077834,14871,44144,122,577,27,899,2133,532,737,864,2963683,4668
601901,方正证券,资本市场服务,J67,2014-04,24/01/2014,0.077064,10049,28059,,,,,507,148,130,229,1625938,4400
601901,方正证券,资本市场服务,J67,2014-05,30/01/2014,-0.040886,,,,,,,,,,,,
601901,方正证券,资本市场服务,J67,2014-06,07/02/2014,0.007105,3548,11849,,,,,128,46,33,49,281975,246
601901,方正证券,资本市场服务,J67,2014-07,14/02/2014,0.029982,9417,26244,46,204,8,154,371,130,82,159,732962,748
601901,方正证券,资本市场服务,J67,2014-08,21/02/2014,-0.070205,9247,27178,,,,,617,142,204,271,773508,890
601901,方正证券,资本市场服务,J67,2014-09,28/02/2014,0.051565,9758,27233,,,,,645,231,146,268,1195846,1512
601901,方正证券,资本市场服务,J67,2014-10,07/03/2014,-0.014011,12439,33105,,,,,571,188,148,235,928535,1002
601901,方正证券,资本市场服务,J67,2014-11,14/03/2014,-0.023091,10038,25724,,,,,321,118,88,115,723647,2980
601901,方正证券,资本市场服务,J67,2014-12,21/03/2014,0.018182,9212,24206,,,,,458,167,142,149,802799,1282
601901,方正证券,资本市场服务,J67,2014-13,28/03/2014,-0.025,9993,26799,,,,,442,130,138,174,833589,2815
601901,方正证券,资本市场服务,J67,2014-14,04/04/2014,0.02381,8769,22331,,,,,237,79,72,86,545915,751
601901,方正证券,资本市场服务,J67,2014-15,11/04/2014,0.051878,9306,25163,,,,,328,131,80,117,721068,972
601901,方正证券,资本市场服务,J67,2014-16,18/04/2014,0.027211,11567,30328,48,63,4,115,488,198,104,186,1045705,2166
601901,方正证券,资本市场服务,J67,2014-17,25/04/2014,-0.034768,10852,27679,,,,,290,90,95,105,500427,1496
601901,方正证券,资本市场服务,J67,2014-18,30/04/2014,-0.022298,,,,,,,,,,,,
601901,方正证券,资本市场服务,J67,2014-19,09/05/2014,0.021053,9589,24092,40,89,5,216,189,52,61,76,1218154,8229
601901,方正证券,资本市场服务,J67,2014-20,16/05/2014,-0.012027,10477,27089,,,,,268,88,89,91,527557,537
601901,方正证券,资本市场服务,J67,2014-21,23/05/2014,0.012174,9396,23921,11,75,1,113,158,60,38,60,623034,1271
601901,方正证券,资本市场服务,J67,2014-22,30/05/2014,-0.032646,8234,21841,,,,,306,60,110,136,375422,330
601901,方正证券,资本市场服务,J67,2014-23,06/06/2014,-0.015986,6173,18941,,,,,172,39,64,69,254453,302
601901,方正证券,资本市场服务,J67,2014-24,13/06/2014,0.009025,7335,22507,,,,,234,60,89,85,393631,651
601901,方正证券,资本市场服务,J67,2014-25,20/06/2014,-0.044723,7010,22884,,,,,195,44,77,74,271637,362
601901,方正证券,资本市场服务,J67,2014-26,27/06/2014,0.005618,5619,19557,,,,,149,44,61,44,233541,316
601901,方正证券,资本市场服务,J67,2014-27,04/07/2014,0.005587,6161,20493,,,,,153,45,55,53,244307,245
601901,方正证券,资本市场服务,J67,2014-28,10/07/2014,-0.005556,,,,,,,,,,,,
601901,方正证券,资本市场服务,J67,2014-30,25/07/2014,0.057728,10127,29635,10,80,1,99,494,129,158,207,815281,1063
601901,方正证券,资本市场服务,J67,2014-31,01/08/2014,0.056338,10604,34158,,,,,485,148,143,194,1018859,1135
601901,方正证券,资本市场服务,J67,2014-32,08/08/2014,0,10280,33031,,,,,424,112,114,198,1222702,1424
601901,方正证券,资本市场服务,J67,2014-33,15/08/2014,0.011667,9150,29136,,,,,354,98,115,141,699612,686
601901,方正证券,资本市场服务,J67,2014-34,22/08/2014,-0.016474,8290,27913,,,,,375,86,121,168,514450,685
601901,方正证券,资本市场服务,J67,2014-35,29/08/2014,-0.011725,7770,25421,,,,,187,69,38,80,372907,425
601901,方正证券,资本市场服务,J67,2014-36,05/09/2014,0.035593,8712,29257,180,141,25,420,359,101,111,147,565774,705
601901,方正证券,资本市场服务,J67,2014-37,12/09/2014,-0.011457,7134,25957,,,,,218,64,66,88,358279,529
601901,方正证券,资本市场服务,J67,2014-38,19/09/2014,-0.014901,8018,28158,,,,,314,95,106,113,430745,639
601901,方正证券,资本市场服务,J67,2014-39,26/09/2014,0.02521,8562,30295,,,,,436,101,144,191,814101,1485
601901,方正证券,资本市场服务,J67,2014-40,30/09/2014,0.006557,,,,,,,,,,,,
601901,方正证券,资本市场服务,J67,2014-41,10/10/2014,0.001629,5969,23828,,,,,164,45,47,72,286347,576
601901,方正证券,资本市场服务,J67,2014-42,17/10/2014,0.027642,9130,31333,,,,,396,121,87,188,711468,852
601901,方正证券,资本市场服务,J67,2014-43,24/10/2014,-0.036392,9352,30847,,,,,351,90,116,145,623900,796
601901,方正证券,资本市场服务,J67,2014-44,31/10/2014,0.045977,8735,31338,16,26,1,90,430,108,143,179,718249,1122
601901,方正证券,资本市场服务,J67,2014-45,07/11/2014,0.062794,11741,42084,,,,,1070,324,301,445,2310169,2266
601901,方正证券,资本市场服务,J67,2014-46,14/11/2014,0.050222,15126,57091,,,,,1619,512,419,688,3872518,3978
601901,方正证券,资本市场服务,J67,2014-47,21/11/2014,0.039381,12158,43625,,,,,910,260,252,398,1541143,2094
601901,方正证券,资本市场服务,J67,2014-48,28/11/2014,0.338295,22465,90089,,,,,1920,734,404,782,3691225,4308
601901,方正证券,资本市场服务,J67,2014-49,05/12/2014,0.43276,31511,142060,,,,,2272,764,490,1018,4100424,5177
601901,方正证券,资本市场服务,J67,2014-50,12/12/2014,-0.026817,40495,198034,,,,,2961,872,755,1334,5726189,9582
601901,方正证券,资本市场服务,J67,2014-51,19/12/2014,0.006526,35169,154822,,,,,2317,706,601,1010,5378843,7629
601901,方正证券,资本市场服务,J67,2014-52,26/12/2014,0.043948,30518,135687,,,,,1923,557,496,870,4801657,7379
601901,方正证券,资本市场服务,J67,2014-53,31/12/2014,-0.027605,,,,,,,,,,,,
601901,方正证券,资本市场服务,J67,2015-02,09/01/2015,-0.087296,37351,174425,,,,,4039,1137,1150,1752,9318088,12013
601901,方正证券,资本市场服务,J67,2015-03,16/01/2015,0.062208,29435,113734,,,,,2041,722,444,875,4648939,5940
601901,方正证券,资本市场服务,J67,2015-04,23/01/2015,-0.071742,27352,116287,,,,,2112,608,578,926,4280310,5569
601901,方正证券,资本市场服务,J67,2015-05,30/01/2015,-0.048896,22341,88117,,,,,1287,395,315,577,2984988,4754
601901,方正证券,资本市场服务,J67,2015-06,06/02/2015,-0.035655,20499,76218,5,15,1,21,1462,362,451,649,3008797,4101
601901,方正证券,资本市场服务,J67,2015-07,13/02/2015,0.11264,25163,90438,,,,,1344,456,292,596,3041547,3831
601901,方正证券,资本市场服务,J67,2015-08,17/02/2015,0.017002,,,,,,,,,,,,
601901,方正证券,资本市场服务,J67,2015-09,27/02/2015,0.003799,15540,62824,,,,,1027,375,212,440,2616664,4545
601901,方正证券,资本市场服务,J67,2015-10,06/03/2015,-0.026495,21767,89957,,,,,913,291,244,378,2039847,2200
601901,方正证券,资本市场服务,J67,2015-11,13/03/2015,-0.000778,18343,78316,,,,,734,238,177,319,1564856,1698
601901,方正证券,资本市场服务,J67,2015-12,20/03/2015,0.101946,22499,105943,,,,,923,317,232,374,2415440,3266
601901,方正证券,资本市场服务,J67,2015-13,27/03/2015,-0.02048,22981,115733,,,,,1090,278,314,498,2248457,2668
601901,方正证券,资本市场服务,J67,2015-14,03/04/2015,0.053353,23127,114692,,,,,1020,308,252,460,2732569,4130
601901,方正证券,资本市场服务,J67,2015-15,10/04/2015,0.099247,25734,133115,,,,,1104,351,275,478,3406304,4080
601901,方正证券,资本市场服务,J67,2015-16,17/04/2015,-0.018057,25909,157327,,,,,1466,411,366,689,2922870,3785
601901,方正证券,资本市场服务,J67,2015-17,24/04/2015,-0.008878,26538,157794,,,,,1609,450,440,719,3446406,4713
601901,方正证券,资本市场服务,J67,2015-18,30/04/2015,-0.034549,,,,,,,,,,,,
601901,方正证券,资本市场服务,J67,2015-19,08/05/2015,-0.035785,20067,109584,,,,,1320,365,388,567,2456096,4678
601901,方正证券,资本市场服务,J67,2015-20,15/05/2015,-0.010309,19840,109673,,,,,1603,354,503,746,2399623,4099
601901,方正证券,资本市场服务,J67,2015-21,22/05/2015,0.020833,20986,117769,,,,,1486,373,460,653,2481887,4311
601901,方正证券,资本市场服务,J67,2015-22,29/05/2015,-0.063265,22984,145870,,,,,1307,297,372,638,2362252,3004
601901,方正证券,资本市场服务,J67,2015-23,05/06/2015,0.071895,21835,134206,41,62,8,148,1250,333,376,541,2024724,2662
601901,方正证券,资本市场服务,J67,2015-24,12/06/2015,0.020325,22841,127771,,,,,947,259,238,450,1906947,2468
601901,方正证券,资本市场服务,J67,2015-25,19/06/2015,-0.142098,19766,107679,,,,,912,195,287,430,1925930,2187
601901,方正证券,资本市场服务,J67,2015-26,26/06/2015,-0.089009,15837,79642,,,,,636,166,187,283,1100552,1811
601901,方正证券,资本市场服务,J67,2015-27,03/07/2015,-0.091759,19856,101519,,,,,596,166,144,286,996517,1513
601901,方正证券,资本市场服务,J67,2015-28,10/07/2015,0.095416,18656,105020,,,,,698,184,187,327,1253215,1777
601901,方正证券,资本市场服务,J67,2015-29,17/07/2015,-0.095645,19027,108080,,,,,1303,286,435,582,3834669,3476
601901,方正证券,资本市场服务,J67,2015-30,24/07/2015,-0.035883,14830,74618,,,,,754,149,267,338,1638237,2071
601901,方正证券,资本市场服务,J67,2015-31,31/07/2015,-0.148874,14247,70458,,,,,936,172,333,431,1630884,1832
601901,方正证券,资本市场服务,J67,2015-32,07/08/2015,0.018412,12830,58085,,,,,398,98,119,181,993350,954
601901,方正证券,资本市场服务,J67,2015-33,14/08/2015,0.079096,14215,70098,,,,,521,115,144,262,2186291,1621
601901,方正证券,资本市场服务,J67,2015-34,21/08/2015,-0.156021,15413,74645,,,,,564,141,161,262,1037360,1684
601901,方正证券,资本市场服务,J67,2015-35,28/08/2015,-0.130273,13022,59462,,,,,584,135,176,273,916073,3980
601901,方正证券,资本市场服务,J67,2015-36,02/09/2015,0.039943,,,,,,,,,,,,
601901,方正证券,资本市场服务,J67,2015-37,11/09/2015,-0.045267,10572,44976,,,,,477,95,153,229,210369,5683
601901,方正证券,资本市场服务,J67,2015-38,18/09/2015,-0.08477,9838,39780,,,,,378,78,130,170,114309,1568
601901,方正证券,资本市场服务,J67,2015-39,25/09/2015,0.00314,8783,36006,,,,,254,66,80,108,113874,795
601901,方正证券,资本市场服务,J67,2015-40,30/09/2015,-0.00626,,,,,,,,,,,,
601901,方正证券,资本市场服务,J67,2015-41,09/10/2015,0.072441,4701,23381,,,,,93,24,24,45,59474,303
601901,方正证券,资本市场服务,J67,2015-42,16/10/2015,0.085169,8828,40029,,,,,197,55,52,90,482253,649
601901,方正证券,资本市场服务,J67,2015-43,23/10/2015,-0.008119,8719,42072,,,,,341,92,100,149,796289,1407
601901,方正证券,资本市场服务,J67,2015-44,30/10/2015,0.005457,8442,39169,,,,,279,87,56,136,692782,773
601901,方正证券,资本市场服务,J67,2015-45,06/11/2015,0.331072,11377,56170,,,,,697,218,127,352,2713738,2826
601901,方正证券,资本市场服务,J67,2015-46,13/11/2015,0.179409,18735,105411,,,,,1490,404,378,708,1902102,2845
601901,方正证券,资本市场服务,J67,2015-47,20/11/2015,-0.104581,16534,91355,,,,,1608,358,485,765,1863475,2827
601901,方正证券,资本市场服务,J67,2015-48,27/11/2015,-0.1139,14008,74603,,,,,1074,231,359,484,1211025,1740
601901,方正证券,资本市场服务,J67,2015-49,04/12/2015,0.03268,12730,67515,,,,,811,208,260,343,1053326,1707
601901,方正证券,资本市场服务,J67,2015-50,11/12/2015,-0.020042,10779,53818,,,,,766,159,259,348,1596494,1410
601901,方正证券,资本市场服务,J67,2015-51,18/12/2015,0.067815,12682,61061,,,,,733,216,215,302,1403598,870
601901,方正证券,资本市场服务,J67,2015-52,25/12/2015,-0.003024,12339,58039,,,,,820,202,255,363,2100085,1186
601901,方正证券,资本市场服务,J67,2015-53,31/12/2015,-0.029323,,,,,,,,,,,,
601901,方正证券,资本市场服务,J67,2016-02,08/01/2016,-0.141667,9824,50085,,,,,557,119,183,255,1860950,1732
601901,方正证券,资本市场服务,J67,2016-03,15/01/2016,-0.092233,9892,46882,,,,,484,123,157,204,1553618,861
601901,方正证券,资本市场服务,J67,2016-04,22/01/2016,-0.002674,8764,41670,,,,,330,90,108,132,859550,613
601901,方正证券,资本市场服务,J67,2016-05,29/01/2016,-0.092493,8316,38626,,,,,454,98,139,217,1004823,669
601901,方正证券,资本市场服务,J67,2016-06,05/02/2016,0,7360,31851,,,,,251,70,61,120,1332537,560
601901,方正证券,资本市场服务,J67,2016-08,19/02/2016,0.044313,7501,36529,,,,,215,84,44,87,1026314,619
601901,方正证券,资本市场服务,J67,2016-09,26/02/2016,-0.056577,7645,39165,,,,,306,88,70,148,1840021,1456
601901,方正证券,资本市场服务,J67,2016-10,04/03/2016,0.064468,7780,39113,,,,,354,132,73,149,1148962,635
601901,方正证券,资本市场服务,J67,2016-11,11/03/2016,-0.028169,7548,34996,,,,,251,70,63,118,718252,510
601901,方正证券,资本市场服务,J67,2016-12,18/03/2016,0.085507,7546,37777,,,,,271,81,73,117,644233,468
601901,方正证券,资本市场服务,J67,2016-13,25/03/2016,0.05474,9648,51591,,,,,605,150,159,296,1717007,1324
601901,方正证券,资本市场服务,J67,2016-14,01/04/2016,-0.006329,8124,39873,,,,,385,74,121,190,1342912,714
601901,方正证券,资本市场服务,J67,2016-15,08/04/2016,-0.030573,6556,33404,,,,,229,52,67,110,1001218,593
601901,方正证券,资本市场服务,J67,2016-16,15/04/2016,0.051248,8150,41216,,,,,557,186,156,215,1584551,1031
601901,方正证券,资本市场服务,J67,2016-17,22/04/2016,-0.05,7312,34182,,,,,392,121,110,161,1025705,605
601901,方正证券,资本市场服务,J67,2016-18,29/04/2016,-0.011842,7288,32045,,,,,1840,842,76,922,1133802,678
601901,方正证券,资本市场服务,J67,2016-19,06/05/2016,-0.034621,5915,27899,,,,,1327,482,74,771,676765,369
601901,方正证券,资本市场服务,J67,2016-20,13/05/2016,-0.055172,6699,29454,,,,,924,195,88,641,656544,661
601901,方正证券,资本市场服务,J67,2016-21,20/05/2016,0.020438,6708,28177,,,,,916,154,90,672,922270,671
601901,方正证券,资本市场服务,J67,2016-22,27/05/2016,-0.027182,5585,27085,,,,,743,114,161,468,907978,501
601901,方正证券,资本市场服务,J67,2016-23,03/06/2016,0.070588,7206,33642,,,,,921,134,96,691,1174888,610
601901,方正证券,资本市场服务,J67,2016-24,08/06/2016,0.009615,,,,,,,,,,,,
601901,方正证券,资本市场服务,J67,2016-25,17/06/2016,-0.035374,6672,29349,,,,,243,61,58,124,703842,385
601901,方正证券,资本市场服务,J67,2016-26,24/06/2016,0.019746,7245,28851,,,,,391,113,89,189,711511,477
601901,方正证券,资本市场服务,J67,2016-27,01/07/2016,0.052559,7890,32634,,,,,310,93,79,138,488884,357
601901,方正证券,资本市场服务,J67,2016-28,08/07/2016,0.031537,7586,32375,,,,,343,90,92,161,380845,295
601901,方正证券,资本市场服务,J67,2016-29,15/07/2016,-0.010191,7391,31956,,,,,420,85,133,202,504679,421
601901,方正证券,资本市场服务,J67,2016-30,22/07/2016,-0.02574,6934,29652,,,,,281,82,70,129,300743,295
601901,方正证券,资本市场服务,J67,2016-31,29/07/2016,-0.040107,6318,26915,,,,,154,35,49,70,212168,206
601901,方正证券,资本市场服务,J67,2016-32,05/08/2016,-0.001393,5873,24291,,,,,176,47,46,83,197460,182
601901,方正证券,资本市场服务,J67,2016-33,12/08/2016,0.030683,6028,25012,,,,,219,47,62,110,191247,223
601901,方正证券,资本市场服务,J67,2016-34,19/08/2016,0.023004,7445,33205,,,,,338,84,93,161,401590,414
601901,方正证券,资本市场服务,J67,2016-35,26/08/2016,-0.007937,6509,25971,,,,,227,49,71,107,185256,208
601901,方正证券,资本市场服务,J67,2016-36,02/09/2016,0.012,6160,25088,,,,,191,46,46,99,221165,165
601901,方正证券,资本市场服务,J67,2016-37,09/09/2016,-0.01054,6887,26417,,,,,257,49,79,129,211988,211
601901,方正证券,资本市场服务,J67,2016-38,14/09/2016,-0.029294,,,,,,,,,,,,
601901,方正证券,资本市场服务,J67,2016-39,23/09/2016,-0.001372,5067,22457,,,,,169,40,47,82,187017,176
601901,方正证券,资本市场服务,J67,2016-40,30/09/2016,0.008242,4982,20879,,,,,118,29,21,68,118741,159
601901,方正证券,资本市场服务,J67,2016-42,14/10/2016,0.009537,5633,24308,,,,,160,45,31,84,147576,154
601901,方正证券,资本市场服务,J67,2016-43,21/10/2016,0.006748,5701,23761,,,,,184,48,41,95,219249,288
601901,方正证券,资本市场服务,J67,2016-44,28/10/2016,0.009383,6203,25497,,,,,203,58,44,101,246298,290
601901,方正证券,资本市场服务,J67,2016-45,04/11/2016,0.021248,6426,25194,,,,,261,80,55,126,292970,462
601901,方正证券,资本市场服务,J67,2016-46,11/11/2016,0.113134,7681,30458,,,,,545,191,98,256,797177,943
601901,方正证券,资本市场服务,J67,2016-47,18/11/2016,0.011682,11397,51352,,,,,742,213,188,341,1202603,1752
601901,方正证券,资本市场服务,J67,2016-48,25/11/2016,0.033487,8867,40943,,,,,400,135,69,196,689370,586
601901,方正证券,资本市场服务,J67,2016-49,02/12/2016,-0.065922,8595,40240,,,,,656,161,194,301,1058444,1101
601901,方正证券,资本市场服务,J67,2016-50,09/12/2016,-0.033493,7743,34173,,,,,365,96,108,161,514897,552
601901,方正证券,资本市场服务,J67,2016-51,16/12/2016,-0.011139,6747,29972,,,,,266,72,69,125,324324,373
601901,方正证券,资本市场服务,J67,2016-52,23/12/2016,-0.045056,6598,27160,,,,,319,74,95,150,412641,551
601901,方正证券,资本市场服务,J67,2016-53,30/12/2016,-0.003932,5569,22992,,,,,183,42,58,83,138642,186
601985,中国核电,电力、热力生产和供应业,D44,2015-24,12/06/2015,,88911,644013,16,200,11,273,3412,1140,641,1631,16632655,24752
601985,中国核电,电力、热力生产和供应业,D44,2015-25,19/06/2015,0.612521,51804,406648,17,105,9,158,2821,826,577,1418,8792677,10645
601985,中国核电,电力、热力生产和供应业,D44,2015-26,26/06/2015,0.463799,38740,329772,17,110,7,206,5136,1296,1342,2498,16420035,20314
601985,中国核电,电力、热力生产和供应业,D44,2015-27,03/07/2015,-0.226523,110039,923191,,,,,7528,1954,2139,3435,15655021,20201
601985,中国核电,电力、热力生产和供应业,D44,2015-28,10/07/2015,-0.08063,66564,578765,,,,,6473,1436,1993,3044,12289648,18086
601985,中国核电,电力、热力生产和供应业,D44,2015-29,17/07/2015,0.160282,75688,534858,,,,,3337,959,800,1578,7980262,7546
601985,中国核电,电力、热力生产和供应业,D44,2015-30,24/07/2015,0.016507,68030,431414,,,,,4120,1147,1015,1958,9747210,9602
601985,中国核电,电力、热力生产和供应业,D44,2015-31,31/07/2015,-0.101709,52208,316539,,,,,2706,714,709,1283,5185558,6382
601985,中国核电,电力、热力生产和供应业,D44,2015-32,07/08/2015,0.05804,44170,247787,,,,,2723,768,716,1239,6716094,8049
601985,中国核电,电力、热力生产和供应业,D44,2015-33,14/08/2015,0.071942,50957,277711,,,,,2504,705,619,1180,8229024,6446
601985,中国核电,电力、热力生产和供应业,D44,2015-34,21/08/2015,-0.161913,40899,214191,,,,,2163,517,714,932,5965464,5240
601985,中国核电,电力、热力生产和供应业,D44,2015-35,28/08/2015,-0.052052,35139,203123,,,,,1699,462,461,776,5380963,4406
601985,中国核电,电力、热力生产和供应业,D44,2015-36,02/09/2015,-0.138332,,,,,,,,,,,,
601985,中国核电,电力、热力生产和供应业,D44,2015-37,11/09/2015,0.142157,32946,170439,7,23,3,69,1942,567,425,950,5777604,4628
601985,中国核电,电力、热力生产和供应业,D44,2015-38,18/09/2015,-0.017167,28142,152587,,,,,1978,546,510,922,5549901,3835
601985,中国核电,电力、热力生产和供应业,D44,2015-39,25/09/2015,0.004367,26184,140765,,,,,1689,484,434,771,4341459,3870
601985,中国核电,电力、热力生产和供应业,D44,2015-40,30/09/2015,-0.01413,,,,,,,,,,,,
601985,中国核电,电力、热力生产和供应业,D44,2015-41,09/10/2015,0.06505,12134,57506,,,,,469,164,93,212,1702704,1200
601985,中国核电,电力、热力生产和供应业,D44,2015-42,16/10/2015,0.128364,31772,162228,,,,,1935,617,433,885,7449469,5359
601985,中国核电,电力、热力生产和供应业,D44,2015-43,23/10/2015,-0.012844,38704,219289,,,,,2989,835,749,1405,8966862,5687
601985,中国核电,电力、热力生产和供应业,D44,2015-44,30/10/2015,-0.037175,27199,130792,,,,,2210,585,605,1020,4861811,4441
601985,中国核电,电力、热力生产和供应业,D44,2015-45,06/11/2015,0.060811,27667,126590,,,,,1780,493,448,839,5671817,7222
601985,中国核电,电力、热力生产和供应业,D44,2015-46,13/11/2015,-0.019108,28837,124247,,,,,1884,532,473,879,5498268,3903
601985,中国核电,电力、热力生产和供应业,D44,2015-47,20/11/2015,-0.021336,23410,104302,,,,,1897,496,514,887,3961851,3599
601985,中国核电,电力、热力生产和供应业,D44,2015-48,27/11/2015,-0.088152,20260,85820,,,,,1655,385,508,762,2733576,2638
601985,中国核电,电力、热力生产和供应业,D44,2015-49,04/12/2015,0.011435,19320,84272,,,,,1335,352,393,590,2313649,2293
601985,中国核电,电力、热力生产和供应业,D44,2015-50,11/12/2015,-0.028777,15601,67094,,,,,1077,250,330,497,1710943,1995
601985,中国核电,电力、热力生产和供应业,D44,2015-51,18/12/2015,0.053968,17418,75038,,,,,1251,327,312,612,2703620,3267
601985,中国核电,电力、热力生产和供应业,D44,2015-52,25/12/2015,-0.03012,16218,66380,15,15,10,84,1507,340,416,751,1901470,1975
601985,中国核电,电力、热力生产和供应业,D44,2015-53,31/12/2015,-0.012422,,,,,,,,,,,,
601985,中国核电,电力、热力生产和供应业,D44,2016-02,08/01/2016,-0.115304,15457,69291,,,,,885,195,249,441,2164302,2528
601985,中国核电,电力、热力生产和供应业,D44,2016-03,15/01/2016,-0.067536,14471,66081,,,,,842,209,259,374,1557224,1864
601985,中国核电,电力、热力生产和供应业,D44,2016-04,22/01/2016,0.003812,13139,56760,,,,,717,158,211,348,1372047,1633
601985,中国核电,电力、热力生产和供应业,D44,2016-05,29/01/2016,-0.103797,12179,54667,,,,,720,173,232,315,1609224,2219
601985,中国核电,电力、热力生产和供应业,D44,2016-06,05/02/2016,-0.001412,9622,40531,,,,,490,121,130,239,1208535,855
601985,中国核电,电力、热力生产和供应业,D44,2016-08,19/02/2016,0.022631,10918,44692,,,,,423,114,102,207,1108531,960
601985,中国核电,电力、热力生产和供应业,D44,2016-09,26/02/2016,-0.033195,11856,47515,,,,,427,120,107,200,1184865,919
601985,中国核电,电力、热力生产和供应业,D44,2016-10,04/03/2016,0.040057,11283,46197,,,,,518,147,148,223,1023139,1063
601985,中国核电,电力、热力生产和供应业,D44,2016-11,11/03/2016,-0.02751,10404,40555,,,,,311,73,91,147,748154,1132
601985,中国核电,电力、热力生产和供应业,D44,2016-12,18/03/2016,0.052334,10442,41672,,,,,553,134,153,266,760455,1774
601985,中国核电,电力、热力生产和供应业,D44,2016-13,25/03/2016,0.060484,12823,55792,,,,,683,235,127,321,1270336,1507
601985,中国核电,电力、热力生产和供应业,D44,2016-14,01/04/2016,-0.022814,11499,48295,,,,,611,144,170,297,928915,1298
601985,中国核电,电力、热力生产和供应业,D44,2016-15,08/04/2016,-0.023346,9561,36917,,,,,435,99,130,206,1162918,1201
601985,中国核电,电力、热力生产和供应业,D44,2016-16,15/04/2016,0.011952,10388,38724,,,,,541,111,168,262,874525,838
601985,中国核电,电力、热力生产和供应业,D44,2016-17,22/04/2016,-0.064304,9450,32630,,,,,560,99,212,249,783726,1076
601985,中国核电,电力、热力生产和供应业,D44,2016-18,29/04/2016,-0.007013,9240,33201,,,,,1908,843,148,917,929435,703
601985,中国核电,电力、热力生产和供应业,D44,2016-19,06/05/2016,-0.016949,7787,27923,,,,,1418,509,119,790,522266,741
601985,中国核电,电力、热力生产和供应业,D44,2016-20,13/05/2016,-0.031609,9029,32661,,,,,1096,215,153,728,574618,740
601985,中国核电,电力、热力生产和供应业,D44,2016-21,20/05/2016,-0.013353,8813,30969,,,,,1034,155,154,725,590403,744
601985,中国核电,电力、热力生产和供应业,D44,2016-22,27/05/2016,0.010526,9073,35497,,,,,902,194,161,547,791899,982
601985,中国核电,电力、热力生产和供应业,D44,2016-23,03/06/2016,0.046131,9124,33741,,,,,867,123,106,638,705838,575
601985,中国核电,电力、热力生产和供应业,D44,2016-24,08/06/2016,-0.02276,,,,,,,,,,,,
601985,中国核电,电力、热力生产和供应业,D44,2016-25,17/06/2016,0,9391,33854,,,,,557,127,155,275,735917,625
601985,中国核电,电力、热力生产和供应业,D44,2016-26,24/06/2016,-0.024745,8491,29790,,,,,465,101,136,228,526185,523
601985,中国核电,电力、热力生产和供应业,D44,2016-27,01/07/2016,0.020896,8445,30428,,,,,645,133,179,333,561466,1060
601985,中国核电,电力、热力生产和供应业,D44,2016-28,08/07/2016,0.017544,9795,37342,,,,,475,109,115,251,437175,830
601985,中国核电,电力、热力生产和供应业,D44,2016-29,15/07/2016,0.021552,9565,35088,,,,,417,100,101,216,398483,445
601985,中国核电,电力、热力生产和供应业,D44,2016-30,22/07/2016,-0.018519,8874,29900,,,,,387,79,104,204,333774,484
601985,中国核电,电力、热力生产和供应业,D44,2016-31,29/07/2016,-0.018868,7998,28101,,,,,345,91,94,160,282202,332
601985,中国核电,电力、热力生产和供应业,D44,2016-32,05/08/2016,-0.011834,7191,25914,,,,,383,138,78,167,296383,413
601985,中国核电,电力、热力生产和供应业,D44,2016-33,12/08/2016,0.011976,7163,25700,,,,,409,118,92,199,279426,407
601985,中国核电,电力、热力生产和供应业,D44,2016-34,19/08/2016,0.023669,7651,28600,,,,,352,106,85,161,266006,369
601985,中国核电,电力、热力生产和供应业,D44,2016-35,26/08/2016,-0.024566,7441,25593,,,,,400,90,108,202,380901,722
601985,中国核电,电力、热力生产和供应业,D44,2016-36,02/09/2016,0,6953,23831,,,,,361,87,88,186,292698,527
601985,中国核电,电力、热力生产和供应业,D44,2016-37,09/09/2016,-0.004444,7106,25307,,,,,375,100,88,187,318371,709
601985,中国核电,电力、热力生产和供应业,D44,2016-38,14/09/2016,-0.011905,,,,,,,,,,,,
601985,中国核电,电力、热力生产和供应业,D44,2016-39,23/09/2016,0.001506,8076,38829,,,,,523,101,137,285,387377,877
601985,中国核电,电力、热力生产和供应业,D44,2016-40,30/09/2016,-0.001504,6756,27015,,,,,298,88,64,146,228129,337
601985,中国核电,电力、热力生产和供应业,D44,2016-42,14/10/2016,0.013554,7236,30034,,,,,316,71,78,167,242283,267
601985,中国核电,电力、热力生产和供应业,D44,2016-43,21/10/2016,0.017831,7540,30334,,,,,393,99,76,218,369387,449
601985,中国核电,电力、热力生产和供应业,D44,2016-44,28/10/2016,-0.007299,8357,32473,,,,,467,120,85,262,519425,746
601985,中国核电,电力、热力生产和供应业,D44,2016-45,04/11/2016,-0.001471,6968,25558,,,,,317,61,64,192,264391,399
601985,中国核电,电力、热力生产和供应业,D44,2016-46,11/11/2016,0.022091,7329,26655,,,,,519,185,82,252,262805,796
601985,中国核电,电力、热力生产和供应业,D44,2016-47,18/11/2016,0.017291,8368,31462,,,,,432,137,107,188,407854,641
601985,中国核电,电力、热力生产和供应业,D44,2016-48,25/11/2016,0.004249,8098,30574,,,,,331,82,73,176,289417,510
601985,中国核电,电力、热力生产和供应业,D44,2016-49,02/12/2016,0.012694,10005,37963,,,,,464,133,110,221,747788,951
601985,中国核电,电力、热力生产和供应业,D44,2016-50,09/12/2016,-0.012535,8398,30833,,,,,404,105,106,193,349839,470
601985,中国核电,电力、热力生产和供应业,D44,2016-51,16/12/2016,-0.029619,7320,27115,,,,,297,81,80,136,267995,411
601985,中国核电,电力、热力生产和供应业,D44,2016-52,23/12/2016,0.015988,7190,26598,,,,,217,67,40,110,240018,402
601985,中国核电,电力、热力生产和供应业,D44,2016-53,30/12/2016,0.010014,6730,24431,,,,,224,66,47,111,200451,377
601988,中国银行,货币金融服务,J66,2014-01,03/01/2014,-0.022901,2416,256513,,,,,127,33,43,51,188728,321
601988,中国银行,货币金融服务,J66,2014-02,10/01/2014,-0.027344,6248,612647,,,,,247,84,78,85,319272,944
601988,中国银行,货币金融服务,J66,2014-03,17/01/2014,-0.004016,5818,815162,,,,,199,67,51,81,294729,794
601988,中国银行,货币金融服务,J66,2014-04,24/01/2014,0.004032,6387,656071,,,,,148,56,46,46,208851,611
601988,中国银行,货币金融服务,J66,2014-05,30/01/2014,0.008032,,,,,,,,,,,,
601988,中国银行,货币金融服务,J66,2014-06,07/02/2014,-0.007968,2689,383343,,,,,63,30,15,18,110702,316
601988,中国银行,货币金融服务,J66,2014-07,14/02/2014,0.02008,8239,690273,,,,,165,75,36,54,208219,469
601988,中国银行,货币金融服务,J66,2014-08,21/02/2014,0.015748,7961,746936,,,,,162,62,35,65,182637,282
601988,中国银行,货币金融服务,J66,2014-09,28/02/2014,-0.027132,6959,764894,,,,,182,55,51,76,208281,635
601988,中国银行,货币金融服务,J66,2014-10,07/03/2014,-0.007968,6246,759999,,,,,146,60,30,56,153677,339
601988,中国银行,货币金融服务,J66,2014-11,14/03/2014,-0.008032,7174,688844,,,,,176,71,37,68,191850,393
601988,中国银行,货币金融服务,J66,2014-12,21/03/2014,0.024291,6536,692522,,,,,275,98,78,99,280844,451
601988,中国银行,货币金融服务,J66,2014-13,28/03/2014,0.019763,8451,712091,202,216,63,761,268,114,49,105,436631,473
601988,中国银行,货币金融服务,J66,2014-14,04/04/2014,0.007752,7381,666673,,,,,131,50,30,51,166757,206
601988,中国银行,货币金融服务,J66,2014-15,11/04/2014,0.030769,6997,623813,,,,,106,60,16,30,130783,146
601988,中国银行,货币金融服务,J66,2014-16,18/04/2014,-0.018657,7227,616122,,,,,93,42,16,35,148843,271
601988,中国银行,货币金融服务,J66,2014-17,25/04/2014,-0.007605,6607,657845,117,88,23,350,131,55,30,46,319127,631
601988,中国银行,货币金融服务,J66,2014-18,30/04/2014,-0.003831,,,,,,,,,,,,
601988,中国银行,货币金融服务,J66,2014-19,09/05/2014,0.003846,6008,740880,,,,,86,37,21,28,130843,237
601988,中国银行,货币金融服务,J66,2014-20,16/05/2014,0.015326,6726,644849,10,64,10,212,158,81,26,51,278097,457
601988,中国银行,货币金融服务,J66,2014-21,23/05/2014,0.011321,6254,566513,,,,,103,47,26,30,254937,307
601988,中国银行,货币金融服务,J66,2014-22,30/05/2014,-0.003731,6081,531057,,,,,113,44,27,42,260414,226
601988,中国银行,货币金融服务,J66,2014-23,06/06/2014,0.011236,5883,520905,,,,,171,85,36,50,283130,202
601988,中国银行,货币金融服务,J66,2014-24,13/06/2014,0.037037,6961,653270,,,,,114,58,24,32,290488,283
601988,中国银行,货币金融服务,J66,2014-25,20/06/2014,-0.017857,7452,697980,,,,,106,48,24,34,309493,395
601988,中国银行,货币金融服务,J66,2014-26,27/06/2014,-0.005091,6882,711806,,,,,125,62,20,43,280892,379
601988,中国银行,货币金融服务,J66,2014-27,04/07/2014,0.019685,7211,736675,,,,,118,59,19,40,204638,147
601988,中国银行,货币金融服务,J66,2014-28,11/07/2014,-0.015444,6412,604193,,,,,326,89,116,121,640371,826
601988,中国银行,货币金融服务,J66,2014-29,18/07/2014,0.007843,5865,583643,,,,,66,32,14,20,119586,75
601988,中国银行,货币金融服务,J66,2014-30,25/07/2014,0.015564,5906,547087,,,,,80,51,13,16,86463,58
601988,中国银行,货币金融服务,J66,2014-31,01/08/2014,0.038314,8489,448580,,,,,128,70,25,33,227472,406
601988,中国银行,货币金融服务,J66,2014-32,08/08/2014,-0.00738,7617,497642,,,,,95,55,18,22,193882,193
601988,中国银行,货币金融服务,J66,2014-33,15/08/2014,0.003717,7053,448543,,,,,83,36,25,22,172071,109
601988,中国银行,货币金融服务,J66,2014-34,22/08/2014,0.003704,6978,487537,253,160,60,824,123,55,26,42,324453,206
601988,中国银行,货币金融服务,J66,2014-35,29/08/2014,-0.01107,6250,439563,,,,,79,34,16,29,156994,80
601988,中国银行,货币金融服务,J66,2014-36,05/09/2014,0.022388,7000,497674,,,,,95,45,20,30,214258,200
601988,中国银行,货币金融服务,J66,2014-37,12/09/2014,-0.007299,6135,419826,,,,,79,38,10,31,259725,88
601988,中国银行,货币金融服务,J66,2014-38,19/09/2014,0,7629,489654,,,,,168,66,26,76,411774,160
601988,中国银行,货币金融服务,J66,2014-39,26/09/2014,-0.011029,7031,451779,,,,,158,49,28,81,496231,416
601988,中国银行,货币金融服务,J66,2014-40,30/09/2014,0.003717,,,,,,,,,,,,
601988,中国银行,货币金融服务,J66,2014-41,10/10/2014,-0.003704,4772,396356,,,,,111,41,24,46,380192,206
601988,中国银行,货币金融服务,J66,2014-42,17/10/2014,-0.007435,6892,450744,,,,,138,57,32,49,379827,202
601988,中国银行,货币金融服务,J66,2014-43,24/10/2014,-0.003745,6203,432264,,,,,157,59,33,65,454289,169
601988,中国银行,货币金融服务,J66,2014-44,31/10/2014,0.052632,6905,448444,33,50,19,181,198,84,40,74,760816,514
601988,中国银行,货币金融服务,J66,2014-45,07/11/2014,-0.010714,7044,421097,,,,,175,51,47,77,436193,216
601988,中国银行,货币金融服务,J66,2014-46,14/11/2014,0.115523,15111,494971,,,,,1298,457,241,600,3125128,2238
601988,中国银行,货币金融服务,J66,2014-47,21/11/2014,-0.045307,14067,486864,,,,,796,221,233,342,1548282,1684
601988,中国银行,货币金融服务,J66,2014-48,28/11/2014,0.128814,15513,533393,,,,,757,256,168,333,2762864,1639
601988,中国银行,货币金融服务,J66,2014-49,05/12/2014,0.108108,30555,581889,9,9,1,35,1610,576,326,708,2944235,3112
601988,中国银行,货币金融服务,J66,2014-50,12/12/2014,-0.094851,33862,611883,,,,,1884,539,523,822,4002598,4395
601988,中国银行,货币金融服务,J66,2014-51,19/12/2014,0.05988,31213,559347,16,18,2,36,1668,536,394,738,4317726,6109
601988,中国银行,货币金融服务,J66,2014-52,26/12/2014,0.079096,41693,583379,,,,,2501,864,542,1095,5995506,10229
601988,中国银行,货币金融服务,J66,2014-53,31/12/2014,0.086387,,,,,,,,,,,,
601988,中国银行,货币金融服务,J66,2015-02,09/01/2015,0.077108,56475,808658,,,,,2561,914,527,1120,5523062,7643
601988,中国银行,货币金融服务,J66,2015-03,16/01/2015,0.114094,51255,619359,20,49,7,195,2301,866,446,989,3862063,7738
601988,中国银行,货币金融服务,J66,2015-04,23/01/2015,-0.028112,62577,660209,,,,,3017,955,655,1407,5348833,11404
601988,中国银行,货币金融服务,J66,2015-05,30/01/2015,-0.090909,52881,607014,,,,,3278,787,975,1516,7764621,21847
601988,中国银行,货币金融服务,J66,2015-06,06/02/2015,-0.088636,52976,617371,,,,,4685,1037,1635,2013,6106986,11485
601988,中国银行,货币金融服务,J66,2015-07,13/02/2015,0.024938,41321,587822,,,,,1761,529,459,773,2711703,4941
601988,中国银行,货币金融服务,J66,2015-08,17/02/2015,-0.002433,,,,,,,,,,,,
601988,中国银行,货币金融服务,J66,2015-09,27/02/2015,0.002439,23999,504942,,,,,1038,263,253,522,2830934,8699
601988,中国银行,货币金融服务,J66,2015-10,06/03/2015,-0.068127,44755,732930,,,,,3009,765,893,1351,5227495,9634
601988,中国银行,货币金融服务,J66,2015-11,13/03/2015,0.083551,55506,707221,,,,,2600,905,537,1158,4155085,5858
601988,中国银行,货币金融服务,J66,2015-12,20/03/2015,0.055422,57940,693830,,,,,2313,786,527,1000,3897255,4598
601988,中国银行,货币金融服务,J66,2015-13,27/03/2015,-0.013699,58679,691494,44,46,21,189,2501,794,605,1102,4411749,6537
601988,中国银行,货币金融服务,J66,2015-14,03/04/2015,0.011574,56263,695967,,,,,2479,766,640,1073,3880119,5768
601988,中国银行,货币金融服务,J66,2015-15,10/04/2015,0.043478,48985,738902,,,,,2096,742,449,905,3888195,4558
601988,中国银行,货币金融服务,J66,2015-16,17/04/2015,0.08114,67585,871942,,,,,3564,1302,700,1562,6215377,10886
601988,中国银行,货币金融服务,J66,2015-17,24/04/2015,-0.054767,70744,828737,,,,,4568,1203,1206,2159,6859281,10280
601988,中国银行,货币金融服务,J66,2015-18,30/04/2015,0.038627,,,,,,,,,,,,
601988,中国银行,货币金融服务,J66,2015-19,08/05/2015,-0.072314,56908,711479,11,16,6,87,3517,914,1045,1558,4098163,8082
601988,中国银行,货币金融服务,J66,2015-20,15/05/2015,-0.011136,50018,674648,16,144,5,188,3170,882,787,1501,3445398,6333
601988,中国银行,货币金融服务,J66,2015-21,22/05/2015,0.029279,47374,725227,,,,,3324,866,878,1580,4101018,7734
601988,中国银行,货币金融服务,J66,2015-22,29/05/2015,-0.052516,55075,932570,2,7,0,54,3595,934,962,1699,7246270,8731
601988,中国银行,货币金融服务,J66,2015-23,05/06/2015,0.08545,59298,782047,,,,,3266,1011,736,1519,4060954,6349
601988,中国银行,货币金融服务,J66,2015-24,12/06/2015,0.085106,92081,1085137,,,,,3352,1092,745,1515,7302190,9035
601988,中国银行,货币金融服务,J66,2015-25,19/06/2015,-0.111765,75581,1020212,,,,,3384,950,869,1565,5405003,8632
601988,中国银行,货币金融服务,J66,2015-26,26/06/2015,0,59573,789136,,,,,2424,824,496,1104,3979960,6362
601988,中国银行,货币金融服务,J66,2015-27,03/07/2015,0.02649,92052,1193411,,,,,3379,1074,763,1542,4253945,7686
601988,中国银行,货币金融服务,J66,2015-28,10/07/2015,0.23991,135256,1567216,,,,,6516,1847,1475,3194,6459503,11573
601988,中国银行,货币金融服务,J66,2015-29,17/07/2015,-0.065099,87368,1185220,,,,,5034,1340,1440,2254,5875507,8844
601988,中国银行,货币金融服务,J66,2015-30,24/07/2015,-0.030948,56693,904774,,,,,3402,872,966,1564,3435342,5806
601988,中国银行,货币金融服务,J66,2015-31,31/07/2015,-0.111776,48156,889515,,,,,3236,697,1118,1421,3187137,4876
601988,中国银行,货币金融服务,J66,2015-32,07/08/2015,-0.013483,36607,826907,,,,,1951,439,629,883,2383263,7279
601988,中国银行,货币金融服务,J66,2015-33,14/08/2015,-0.004556,32741,902992,,,,,1484,347,421,716,1844190,2691
601988,中国银行,货币金融服务,J66,2015-34,21/08/2015,-0.050343,34961,870394,,,,,2140,526,618,996,1386640,3687
601988,中国银行,货币金融服务,J66,2015-35,28/08/2015,-0.062651,40088,926492,,,,,1970,516,552,902,821271,3331
601988,中国银行,货币金融服务,J66,2015-36,02/09/2015,0.089974,,,,,,,,,,,,
601988,中国银行,货币金融服务,J66,2015-37,11/09/2015,-0.073113,25067,810687,,,,,1103,253,328,522,301673,1362
601988,中国银行,货币金融服务,J66,2015-38,18/09/2015,-0.017812,20641,737341,,,,,1208,274,363,571,274322,2112
601988,中国银行,货币金融服务,J66,2015-39,25/09/2015,-0.007772,16993,670565,,,,,1087,247,332,508,317834,1450
601988,中国银行,货币金融服务,J66,2015-40,30/09/2015,-0.028721,,,,,,,,,,,,
601988,中国银行,货币金融服务,J66,2015-41,09/10/2015,0.021505,8070,530684,,,,,251,61,58,132,83763,380
601988,中国银行,货币金融服务,J66,2015-42,16/10/2015,0.031579,15900,943767,,,,,506,150,103,253,506572,766
601988,中国银行,货币金融服务,J66,2015-43,23/10/2015,0.007653,17122,775575,5,12,1,39,750,196,159,395,1178739,2539
601988,中国银行,货币金融服务,J66,2015-44,30/10/2015,-0.017722,14130,759054,16,28,20,112,611,170,127,314,827079,1523
601988,中国银行,货币金融服务,J66,2015-45,06/11/2015,0.033505,15475,753025,14,12,6,92,738,224,164,350,1036176,2028
601988,中国银行,货币金融服务,J66,2015-46,13/11/2015,0.002494,18511,1351905,,,,,719,262,129,328,1082514,2622
601988,中国银行,货币金融服务,J66,2015-47,20/11/2015,0.007463,15393,863182,,,,,633,168,147,318,925804,1289
601988,中国银行,货币金融服务,J66,2015-48,27/11/2015,-0.024691,13661,822562,,,,,608,176,128,304,891924,1221
601988,中国银行,货币金融服务,J66,2015-49,04/12/2015,0.055696,21597,912753,,,,,1161,355,242,564,1477417,1781
601988,中国银行,货币金融服务,J66,2015-50,11/12/2015,-0.031175,15590,825697,,,,,552,141,144,267,1281808,725
601988,中国银行,货币金融服务,J66,2015-51,18/12/2015,0.009901,14265,841757,,,,,546,141,133,272,1443651,897
601988,中国银行,货币金融服务,J66,2015-52,25/12/2015,-0.004902,14563,759443,5,24,0,123,685,218,174,293,1363601,915
601988,中国银行,货币金融服务,J66,2015-53,31/12/2015,-0.012315,,,,,,,,,,,,
601988,中国银行,货币金融服务,J66,2016-02,08/01/2016,-0.052369,14188,1587521,,,,,867,166,299,402,1597697,1309
601988,中国银行,货币金融服务,J66,2016-03,15/01/2016,-0.084211,14062,1043433,,,,,879,190,284,405,3653965,3053
601988,中国银行,货币金融服务,J66,2016-04,22/01/2016,-0.008621,13183,1414789,,,,,722,206,195,321,1553758,1008
601988,中国银行,货币金融服务,J66,2016-05,29/01/2016,-0.066667,12617,886252,,,,,699,143,237,319,1390841,1166
601988,中国银行,货币金融服务,J66,2016-06,05/02/2016,-0.012422,9994,883782,,,,,491,118,147,226,2629396,1595
601988,中国银行,货币金融服务,J66,2016-08,19/02/2016,0.012579,11647,677790,,,,,468,141,99,228,3494972,2187
601988,中国银行,货币金融服务,J66,2016-09,26/02/2016,-0.021739,11295,687182,,,,,484,133,108,243,1844655,1257
601988,中国银行,货币金融服务,J66,2016-10,04/03/2016,0.079365,12303,719688,,,,,598,184,132,282,1637377,1151
601988,中国银行,货币金融服务,J66,2016-11,11/03/2016,0,12099,679968,,,,,517,170,112,235,830540,576
601988,中国银行,货币金融服务,J66,2016-12,18/03/2016,0.008824,11512,664220,,,,,504,142,108,254,1166552,618
601988,中国银行,货币金融服务,J66,2016-13,25/03/2016,-0.020408,10924,657527,,,,,624,196,116,312,1101345,599
601988,中国银行,货币金融服务,J66,2016-14,01/04/2016,0.014881,10188,679406,,,,,486,169,87,230,1753749,2048
601988,中国银行,货币金融服务,J66,2016-15,08/04/2016,-0.014663,8340,604469,,,,,416,126,83,207,2411762,2003
601988,中国银行,货币金融服务,J66,2016-16,15/04/2016,0.017857,9493,659054,,,,,386,108,74,204,1027784,734
601988,中国银行,货币金融服务,J66,2016-17,22/04/2016,-0.020468,8567,591774,,,,,321,99,68,154,936517,941
601988,中国银行,货币金融服务,J66,2016-18,29/04/2016,0,8210,627904,,,,,1654,841,40,773,1247244,1640
601988,中国银行,货币金融服务,J66,2016-19,06/05/2016,-0.00597,6991,571182,,,,,1255,480,44,731,306654,291
601988,中国银行,货币金融服务,J66,2016-20,13/05/2016,-0.024024,8327,606832,,,,,1014,218,136,660,743065,603
601988,中国银行,货币金融服务,J66,2016-21,20/05/2016,-0.003077,7994,600488,,,,,987,135,152,700,954570,1255
601988,中国银行,货币金融服务,J66,2016-22,27/05/2016,0,7651,614267,,,,,789,137,151,501,879652,401
601988,中国银行,货币金融服务,J66,2016-23,03/06/2016,0.030864,8832,663543,,,,,770,99,52,619,671672,268
601988,中国银行,货币金融服务,J66,2016-24,08/06/2016,0.005988,,,,,,,,,,,,
601988,中国银行,货币金融服务,J66,2016-25,17/06/2016,-0.014881,8414,706826,,,,,295,93,75,127,688978,288
601988,中国银行,货币金融服务,J66,2016-26,24/06/2016,0.007553,8982,648002,,,,,442,134,88,220,1472438,1867
601988,中国银行,货币金融服务,J66,2016-27,01/07/2016,0.018987,9395,691621,,,,,307,86,55,166,329105,254
601988,中国银行,货币金融服务,J66,2016-28,08/07/2016,0.003106,9319,623154,,,,,275,78,61,136,188114,159
601988,中国银行,货币金融服务,J66,2016-29,15/07/2016,0.03096,9445,612922,,,,,237,93,42,102,191657,135
601988,中国银行,货币金融服务,J66,2016-30,22/07/2016,-0.009009,8344,569318,,,,,265,74,66,125,204065,352
601988,中国银行,货币金融服务,J66,2016-31,29/07/2016,0.012121,8377,538107,,,,,222,70,37,115,212472,148
601988,中国银行,货币金融服务,J66,2016-32,05/08/2016,-0.002994,8172,547827,,,,,232,63,49,120,188041,128
601988,中国银行,货币金融服务,J66,2016-33,12/08/2016,0.051051,8164,559759,,,,,280,87,46,147,201473,151
601988,中国银行,货币金融服务,J66,2016-34,19/08/2016,-0.02,11076,574201,,,,,453,113,108,232,342877,355
601988,中国银行,货币金融服务,J66,2016-35,26/08/2016,0.005831,8871,570786,,,,,289,88,58,143,179629,140
601988,中国银行,货币金融服务,J66,2016-36,02/09/2016,0.005797,7466,588982,,,,,224,74,33,117,226091,208
601988,中国银行,货币金融服务,J66,2016-37,09/09/2016,-0.008646,7136,553680,,,,,263,57,66,140,169781,168
601988,中国银行,货币金融服务,J66,2016-38,14/09/2016,-0.02907,,,,,,,,,,,,
601988,中国银行,货币金融服务,J66,2016-39,23/09/2016,0.017964,6972,558043,,,,,211,63,43,105,184851,235
601988,中国银行,货币金融服务,J66,2016-40,30/09/2016,-0.008824,6525,571081,,,,,186,65,39,82,150444,139
601988,中国银行,货币金融服务,J66,2016-42,14/10/2016,0.002967,6776,666585,,,,,96,35,20,41,96268,108
601988,中国银行,货币金融服务,J66,2016-43,21/10/2016,0.005917,6708,598561,,,,,134,41,35,58,125537,159
601988,中国银行,货币金融服务,J66,2016-44,28/10/2016,0.002941,7357,713904,,,,,188,54,42,92,197193,245
601988,中国银行,货币金融服务,J66,2016-45,04/11/2016,-0.01173,6682,639540,,,,,218,39,70,109,137990,160
601988,中国银行,货币金融服务,J66,2016-46,11/11/2016,0.002967,7323,654846,,,,,302,95,72,135,217733,217
601988,中国银行,货币金融服务,J66,2016-47,18/11/2016,0,7277,627929,,,,,242,78,38,126,176766,165
601988,中国银行,货币金融服务,J66,2016-48,25/11/2016,0.032544,8159,606533,,,,,173,63,28,82,146779,218
601988,中国银行,货币金融服务,J66,2016-49,02/12/2016,0.005731,8994,659432,,,,,202,75,29,98,212058,150
601988,中国银行,货币金融服务,J66,2016-50,09/12/2016,0.022792,7965,673783,,,,,200,67,25,108,138731,107
601988,中国银行,货币金融服务,J66,2016-51,16/12/2016,-0.036212,9068,678200,,,,,312,82,74,156,217008,305
601988,中国银行,货币金融服务,J66,2016-52,23/12/2016,-0.008671,7541,680033,,,,,191,55,44,92,115315,106
601988,中国银行,货币金融服务,J66,2016-53,30/12/2016,0.002915,6752,863106,,,,,106,27,33,46,57780,90
601989,中国重工,铁路、船舶、航空航天和其它运输设备制造业,C37,2014-01,03/01/2014,-0.01426,4612,11725,,,,,330,111,97,122,632450,1150
601989,中国重工,铁路、船舶、航空航天和其它运输设备制造业,C37,2014-02,10/01/2014,-0.103074,11440,29817,,,,,1495,424,494,577,2497847,5872
601989,中国重工,铁路、船舶、航空航天和其它运输设备制造业,C37,2014-03,17/01/2014,-0.044355,11608,30308,,,,,1675,483,555,637,2573757,7193
601989,中国重工,铁路、船舶、航空航天和其它运输设备制造业,C37,2014-04,24/01/2014,0.103376,14744,39837,,,,,1392,446,407,539,2732010,5141
601989,中国重工,铁路、船舶、航空航天和其它运输设备制造业,C37,2014-05,30/01/2014,-0.007648,,,,,,,,,,,,
601989,中国重工,铁路、船舶、航空航天和其它运输设备制造业,C37,2014-06,07/02/2014,0.040462,6209,17218,,,,,326,145,56,125,788759,1156
601989,中国重工,铁路、船舶、航空航天和其它运输设备制造业,C37,2014-07,14/02/2014,0.007407,16476,44213,9,42,2,79,947,340,222,385,1765127,2553
601989,中国重工,铁路、船舶、航空航天和其它运输设备制造业,C37,2014-08,21/02/2014,-0.016544,15076,40380,,,,,694,224,168,302,1153987,1912
601989,中国重工,铁路、船舶、航空航天和其它运输设备制造业,C37,2014-09,28/02/2014,-0.028037,12442,32400,,,,,790,250,250,290,1057237,1683
601989,中国重工,铁路、船舶、航空航天和其它运输设备制造业,C37,2014-10,07/03/2014,-0.015385,12062,31754,,,,,526,206,149,171,760823,1371
601989,中国重工,铁路、船舶、航空航天和其它运输设备制造业,C37,2014-11,14/03/2014,-0.066406,11296,28376,,,,,477,168,164,145,695996,1419
601989,中国重工,铁路、船舶、航空航天和其它运输设备制造业,C37,2014-12,21/03/2014,-0.014644,11348,28513,,,,,709,222,224,263,1039501,2309
601989,中国重工,铁路、船舶、航空航天和其它运输设备制造业,C37,2014-13,28/03/2014,-0.023355,11290,28795,59,256,12,354,423,127,149,147,761834,1220
601989,中国重工,铁路、船舶、航空航天和其它运输设备制造业,C37,2014-14,04/04/2014,0.021739,10528,26730,,,,,380,139,128,113,572942,971
601989,中国重工,铁路、船舶、航空航天和其它运输设备制造业,C37,2014-15,11/04/2014,0.048936,10298,27032,,,,,279,93,79,107,523655,883
601989,中国重工,铁路、船舶、航空航天和其它运输设备制造业,C37,2014-16,18/04/2014,-0.03854,10785,27602,15,28,0,65,375,133,107,135,565899,979
601989,中国重工,铁路、船舶、航空航天和其它运输设备制造业,C37,2014-17,25/04/2014,-0.033755,10488,26487,,,,,366,91,129,146,567234,745
601989,中国重工,铁路、船舶、航空航天和其它运输设备制造业,C37,2014-18,30/04/2014,-0.026201,,,,,,,,,,,,
601989,中国重工,铁路、船舶、航空航天和其它运输设备制造业,C37,2014-19,09/05/2014,0.011211,10248,24880,,,,,258,85,80,93,441047,431
601989,中国重工,铁路、船舶、航空航天和其它运输设备制造业,C37,2014-20,16/05/2014,0.004435,10287,24939,,,,,278,84,91,103,486882,1037
601989,中国重工,铁路、船舶、航空航天和其它运输设备制造业,C37,2014-21,23/05/2014,-0.006623,10131,24709,,,,,294,71,103,120,633979,962
601989,中国重工,铁路、船舶、航空航天和其它运输设备制造业,C37,2014-22,30/05/2014,-0.013333,9836,23195,,,,,409,102,156,151,658636,1324
601989,中国重工,铁路、船舶、航空航天和其它运输设备制造业,C37,2014-23,06/06/2014,-0.011261,8265,19481,,,,,290,74,107,109,703599,1394
601989,中国重工,铁路、船舶、航空航天和其它运输设备制造业,C37,2014-24,13/06/2014,0.031891,9951,23631,,,,,417,134,125,158,683174,952
601989,中国重工,铁路、船舶、航空航天和其它运输设备制造业,C37,2014-25,20/06/2014,-0.02649,9900,23372,,,,,255,82,68,105,561036,535
601989,中国重工,铁路、船舶、航空航天和其它运输设备制造业,C37,2014-26,27/06/2014,0.088435,10050,24232,,,,,440,163,97,180,1016798,1301
601989,中国重工,铁路、船舶、航空航天和其它运输设备制造业,C37,2014-27,04/07/2014,0.005417,15118,38406,,,,,577,206,150,221,944387,1360
601989,中国重工,铁路、船舶、航空航天和其它运输设备制造业,C37,2014-28,11/07/2014,0.029289,12766,31074,,,,,542,180,128,234,889088,1339
601989,中国重工,铁路、船舶、航空航天和其它运输设备制造业,C37,2014-29,18/07/2014,-0.054878,12473,29849,,,,,405,110,135,160,752618,1378
601989,中国重工,铁路、船舶、航空航天和其它运输设备制造业,C37,2014-30,25/07/2014,0.03871,11572,26804,,,,,335,118,92,125,665512,1147
601989,中国重工,铁路、船舶、航空航天和其它运输设备制造业,C37,2014-31,01/08/2014,0.024845,14290,33765,,,,,589,185,174,230,962493,1354
601989,中国重工,铁路、船舶、航空航天和其它运输设备制造业,C37,2014-32,08/08/2014,0.008081,12797,30056,,,,,458,156,111,191,699192,964
601989,中国重工,铁路、船舶、航空航天和其它运输设备制造业,C37,2014-33,15/08/2014,0.014028,12220,28623,,,,,607,177,190,240,796856,1443
601989,中国重工,铁路、船舶、航空航天和其它运输设备制造业,C37,2014-34,22/08/2014,0.005929,11612,27491,,,,,577,172,161,244,787806,1052
601989,中国重工,铁路、船舶、航空航天和其它运输设备制造业,C37,2014-35,29/08/2014,-0.005894,11090,26398,6,4,4,39,606,177,178,251,1202694,1678
601989,中国重工,铁路、船舶、航空航天和其它运输设备制造业,C37,2014-36,05/09/2014,0.150198,15791,41103,,,,,918,342,220,356,1887318,2834
601989,中国重工,铁路、船舶、航空航天和其它运输设备制造业,C37,2014-37,12/09/2014,0.036082,17596,48118,5,9,0,41,941,368,169,404,2446194,2993
601989,中国重工,铁路、船舶、航空航天和其它运输设备制造业,C37,2014-38,19/09/2014,-0.013267,21037,60083,2,10,0,37,1087,380,267,440,2361274,3237
601989,中国重工,铁路、船舶、航空航天和其它运输设备制造业,C37,2014-39,26/09/2014,0.010084,21321,59686,,,,,1057,358,258,441,2416939,3660
601989,中国重工,铁路、船舶、航空航天和其它运输设备制造业,C37,2014-40,30/09/2014,0.091514,,,,,,,,,,,,
601989,中国重工,铁路、船舶、航空航天和其它运输设备制造业,C37,2014-41,10/10/2014,0.003049,22816,64200,,,,,1237,480,255,502,8375284,7369
601989,中国重工,铁路、船舶、航空航天和其它运输设备制造业,C37,2014-42,17/10/2014,-0.027356,31301,92439,5,18,1,51,1865,661,406,798,7285295,5448
601989,中国重工,铁路、船舶、航空航天和其它运输设备制造业,C37,2014-43,24/10/2014,-0.029688,25629,75307,9,32,1,73,1555,518,362,675,5779748,4277
601989,中国重工,铁路、船舶、航空航天和其它运输设备制造业,C37,2014-44,31/10/2014,0.004831,25167,74466,8,46,2,64,1474,444,391,639,5075892,4299
601989,中国重工,铁路、船舶、航空航天和其它运输设备制造业,C37,2014-45,07/11/2014,-0.017628,21881,64362,,,,,1242,311,409,522,2866187,3557
601989,中国重工,铁路、船舶、航空航天和其它运输设备制造业,C37,2014-46,14/11/2014,-0.014682,20177,59764,,,,,1536,442,460,634,2748566,3796
601989,中国重工,铁路、船舶、航空航天和其它运输设备制造业,C37,2014-47,21/11/2014,-0.038079,19421,56346,36,62,9,137,1669,408,510,751,2930898,4917
601989,中国重工,铁路、船舶、航空航天和其它运输设备制造业,C37,2014-48,28/11/2014,0.08778,25139,74803,,,,,1461,494,351,616,2930202,4726
601989,中国重工,铁路、船舶、航空航天和其它运输设备制造业,C37,2014-49,05/12/2014,0.136076,29547,90603,,,,,2375,660,586,1129,4508973,6995
601989,中国重工,铁路、船舶、航空航天和其它运输设备制造业,C37,2014-50,12/12/2014,0.149025,50729,190025,,,,,2858,965,639,1254,6555353,13692
601989,中国重工,铁路、船舶、航空航天和其它运输设备制造业,C37,2014-51,19/12/2014,0.191515,50992,180424,14,25,3,114,2494,813,578,1103,6178234,7862
601989,中国重工,铁路、船舶、航空航天和其它运输设备制造业,C37,2014-52,26/12/2014,-0.06409,51076,182144,,,,,2536,755,637,1144,5592293,8836
601989,中国重工,铁路、船舶、航空航天和其它运输设备制造业,C37,2014-53,31/12/2014,0.001087,,,,,,,,,,,,
601989,中国重工,铁路、船舶、航空航天和其它运输设备制造业,C37,2015-02,09/01/2015,-0.038002,47772,161404,,,,,2084,641,511,932,3962183,6399
601989,中国重工,铁路、船舶、航空航天和其它运输设备制造业,C37,2015-03,16/01/2015,0.025959,37578,122325,,,,,1886,579,432,875,3891035,6874
601989,中国重工,铁路、船舶、航空航天和其它运输设备制造业,C37,2015-04,23/01/2015,-0.025303,43750,140835,,,,,2567,657,666,1244,5314848,6921
601989,中国重工,铁路、船舶、航空航天和其它运输设备制造业,C37,2015-05,30/01/2015,-0.021445,46026,148714,4,9,1,41,1904,644,456,804,4459880,6534
601989,中国重工,铁路、船舶、航空航天和其它运输设备制造业,C37,2015-06,06/02/2015,-0.06113,37665,118740,,,,,2097,505,674,918,3809101,5569
601989,中国重工,铁路、船舶、航空航天和其它运输设备制造业,C37,2015-07,13/02/2015,0.05774,31250,96307,,,,,1249,329,364,556,3485590,4786
601989,中国重工,铁路、船舶、航空航天和其它运输设备制造业,C37,2015-08,17/02/2015,0.013937,,,,,,,,,,,,
601989,中国重工,铁路、船舶、航空航天和其它运输设备制造业,C37,2015-09,27/02/2015,0.026346,25115,79067,,,,,1000,301,265,434,3163161,4994
601989,中国重工,铁路、船舶、航空航天和其它运输设备制造业,C37,2015-10,06/03/2015,-0.039063,38606,121455,,,,,1636,410,566,660,3423606,5052
601989,中国重工,铁路、船舶、航空航天和其它运输设备制造业,C37,2015-11,13/03/2015,0.004646,38681,121940,5,40,4,55,2236,640,697,899,4124837,6447
601989,中国重工,铁路、船舶、航空航天和其它运输设备制造业,C37,2015-12,20/03/2015,0.086705,51161,165889,,,,,2028,703,522,803,4068429,5630
601989,中国重工,铁路、船舶、航空航天和其它运输设备制造业,C37,2015-13,27/03/2015,0.089362,64875,240366,,,,,4250,1186,990,2074,11002403,15027
601989,中国重工,铁路、船舶、航空航天和其它运输设备制造业,C37,2015-14,03/04/2015,-0.00293,72285,275974,,,,,4337,1254,1026,2057,10128503,15126
601989,中国重工,铁路、船舶、航空航天和其它运输设备制造业,C37,2015-15,10/04/2015,-0.001959,58459,218308,,,,,3325,918,836,1571,10271849,13014
601989,中国重工,铁路、船舶、航空航天和其它运输设备制造业,C37,2015-16,17/04/2015,0.28263,90201,412941,,,,,5695,1793,1275,2627,16631487,24608
601989,中国重工,铁路、船舶、航空航天和其它运输设备制造业,C37,2015-17,24/04/2015,0.077276,120907,661752,,,,,6386,2170,1380,2836,19127682,27640
601989,中国重工,铁路、船舶、航空航天和其它运输设备制造业,C37,2015-18,30/04/2015,0.034091,,,,,,,,,,,,
601989,中国重工,铁路、船舶、航空航天和其它运输设备制造业,C37,2015-19,08/05/2015,-0.057005,98962,638706,,,,,6870,1876,1725,3269,15037037,25953
601989,中国重工,铁路、船舶、航空航天和其它运输设备制造业,C37,2015-20,15/05/2015,0.0437,84046,547404,,,,,4729,1313,1214,2202,11887988,20510
601989,中国重工,铁路、船舶、航空航天和其它运输设备制造业,C37,2015-21,22/05/2015,0.080949,84202,532341,,,,,4669,1373,1198,2098,10461018,15352
601989,中国重工,铁路、船舶、航空航天和其它运输设备制造业,C37,2015-22,29/05/2015,0.140736,120617,950047,,,,,5677,1694,1311,2672,30040035,27840
601989,中国重工,铁路、船舶、航空航天和其它运输设备制造业,C37,2015-23,05/06/2015,0.044143,92866,704392,,,,,4954,1392,1304,2258,10666736,16714
601989,中国重工,铁路、船舶、航空航天和其它运输设备制造业,C37,2015-24,12/06/2015,-0.034146,109357,863564,20,77,5,119,7890,1859,2308,3723,29165187,33441
601989,中国重工,铁路、船舶、航空航天和其它运输设备制造业,C37,2015-26,26/06/2015,-0.109428,62557,491684,,,,,4617,1072,1278,2267,14556610,21502
601989,中国重工,铁路、船舶、航空航天和其它运输设备制造业,C37,2015-27,03/07/2015,-0.320101,86316,655067,,,,,8807,1808,2955,4044,14938055,31909
601989,中国重工,铁路、船舶、航空航天和其它运输设备制造业,C37,2015-28,10/07/2015,-0.043559,76307,600077,,,,,6059,1533,1652,2874,10586511,20692
601989,中国重工,铁路、船舶、航空航天和其它运输设备制造业,C37,2015-29,17/07/2015,0.25,77618,540302,,,,,2686,735,677,1274,7463285,9392
601989,中国重工,铁路、船舶、航空航天和其它运输设备制造业,C37,2015-30,24/07/2015,0.096899,90570,557890,,,,,2677,842,581,1254,8229301,12590
601989,中国重工,铁路、船舶、航空航天和其它运输设备制造业,C37,2015-31,31/07/2015,-0.060777,78939,502037,,,,,3090,890,790,1410,6966046,10142
601989,中国重工,铁路、船舶、航空航天和其它运输设备制造业,C37,2015-32,07/08/2015,0.075245,75033,453444,,,,,3167,943,757,1467,7066363,14235
601989,中国重工,铁路、船舶、航空航天和其它运输设备制造业,C37,2015-33,14/08/2015,0.151854,92511,575614,,,,,3810,1103,948,1759,10223401,11327
601989,中国重工,铁路、船舶、航空航天和其它运输设备制造业,C37,2015-34,21/08/2015,-0.170838,73473,456061,,,,,3042,752,929,1361,3677906,8493
601989,中国重工,铁路、船舶、航空航天和其它运输设备制造业,C37,2015-35,28/08/2015,-0.117561,62982,399888,,,,,3138,745,929,1464,648710,10470
601989,中国重工,铁路、船舶、航空航天和其它运输设备制造业,C37,2015-36,02/09/2015,-0.052456,,,,,,,,,,,,
601989,中国重工,铁路、船舶、航空航天和其它运输设备制造业,C37,2015-37,11/09/2015,-0.04833,55919,321840,,,,,5079,1242,1536,2301,1218783,11186
601989,中国重工,铁路、船舶、航空航天和其它运输设备制造业,C37,2015-38,18/09/2015,-0.044321,47549,261413,,,,,2852,723,801,1328,776061,8015
601989,中国重工,铁路、船舶、航空航天和其它运输设备制造业,C37,2015-39,25/09/2015,-0.013527,37859,195289,,,,,1866,407,590,869,471235,4522
601989,中国重工,铁路、船舶、航空航天和其它运输设备制造业,C37,2015-40,30/09/2015,-0.019589,,,,,,,,,,,,
601989,中国重工,铁路、船舶、航空航天和其它运输设备制造业,C37,2015-41,09/10/2015,0.041958,16916,80487,,,,,646,180,173,293,363675,2534
601989,中国重工,铁路、船舶、航空航天和其它运输设备制造业,C37,2015-42,16/10/2015,0.104506,37323,206150,,,,,1789,496,449,844,2474584,4478
601989,中国重工,铁路、船舶、航空航天和其它运输设备制造业,C37,2015-43,23/10/2015,-0.033854,35964,187058,,,,,1996,450,604,942,3589526,5110
601989,中国重工,铁路、船舶、航空航天和其它运输设备制造业,C37,2015-44,30/10/2015,-0.006289,35487,184438,,,,,2624,605,800,1219,4263322,5334
601989,中国重工,铁路、船舶、航空航天和其它运输设备制造业,C37,2015-45,06/11/2015,0.028933,31371,165997,,,,,2092,517,619,956,3289610,4723
601989,中国重工,铁路、船舶、航空航天和其它运输设备制造业,C37,2015-46,13/11/2015,-0.032513,33309,167211,,,,,2888,670,921,1297,4077586,5803
601989,中国重工,铁路、船舶、航空航天和其它运输设备制造业,C37,2015-47,20/11/2015,0.00545,27547,135791,,,,,2029,410,697,922,2954048,4073
601989,中国重工,铁路、船舶、航空航天和其它运输设备制造业,C37,2015-48,27/11/2015,-0.067751,26111,130134,,,,,2393,523,801,1069,3367587,5687
601989,中国重工,铁路、船舶、航空航天和其它运输设备制造业,C37,2015-49,04/12/2015,-0.01938,25080,121809,,,,,2198,496,758,944,2863005,4308
601989,中国重工,铁路、船舶、航空航天和其它运输设备制造业,C37,2015-50,11/12/2015,-0.070158,23348,115199,,,,,2958,629,986,1343,7288099,6937
601989,中国重工,铁路、船舶、航空航天和其它运输设备制造业,C37,2015-51,18/12/2015,0.044633,25993,127916,,,,,2597,634,729,1234,5474011,8672
601989,中国重工,铁路、船舶、航空航天和其它运输设备制造业,C37,2015-52,25/12/2015,-0.010173,23579,111330,,,,,2438,554,744,1140,4684442,5016
601989,中国重工,铁路、船舶、航空航天和其它运输设备制造业,C37,2015-53,31/12/2015,-0.033916,,,,,,,,,,,,
601989,中国重工,铁路、船舶、航空航天和其它运输设备制造业,C37,2016-02,08/01/2016,-0.088298,29819,154631,,,,,2287,509,679,1099,5401433,6495
601989,中国重工,铁路、船舶、航空航天和其它运输设备制造业,C37,2016-03,15/01/2016,-0.082847,24880,125517,,,,,1643,417,439,787,4165056,4905
601989,中国重工,铁路、船舶、航空航天和其它运输设备制造业,C37,2016-04,22/01/2016,0.001272,22144,109562,,,,,1842,465,508,869,5929437,4825
601989,中国重工,铁路、船舶、航空航天和其它运输设备制造业,C37,2016-05,29/01/2016,-0.213469,21806,116739,,,,,2569,570,873,1126,6711430,6951
601989,中国重工,铁路、船舶、航空航天和其它运输设备制造业,C37,2016-06,05/02/2016,-0.009693,17993,89733,,,,,1548,399,521,628,4091829,4087
601989,中国重工,铁路、船舶、航空航天和其它运输设备制造业,C37,2016-08,19/02/2016,0.071778,18785,94376,,,,,998,341,237,420,3995303,2764
601989,中国重工,铁路、船舶、航空航天和其它运输设备制造业,C37,2016-09,26/02/2016,-0.070015,19256,94491,,,,,841,221,247,373,3078049,2145
601989,中国重工,铁路、船舶、航空航天和其它运输设备制造业,C37,2016-10,04/03/2016,0.060556,19157,95560,,,,,917,320,213,384,3077771,2230
601989,中国重工,铁路、船舶、航空航天和其它运输设备制造业,C37,2016-11,11/03/2016,-0.058642,16275,79077,,,,,924,306,261,357,2170779,1442
601989,中国重工,铁路、船舶、航空航天和其它运输设备制造业,C37,2016-12,18/03/2016,0.088525,16479,80084,,,,,963,321,238,404,2457745,1441
601989,中国重工,铁路、船舶、航空航天和其它运输设备制造业,C37,2016-13,25/03/2016,0.085843,23991,118048,,,,,1714,561,359,794,3641655,2789
601989,中国重工,铁路、船舶、航空航天和其它运输设备制造业,C37,2016-14,01/04/2016,-0.01387,16953,82271,,,,,910,244,247,419,2218370,1658
601989,中国重工,铁路、船舶、航空航天和其它运输设备制造业,C37,2016-15,08/04/2016,-0.032349,13617,63332,,,,,783,201,240,342,1844121,1413
601989,中国重工,铁路、船舶、航空航天和其它运输设备制造业,C37,2016-16,15/04/2016,0.024709,14911,68448,,,,,1063,285,359,419,2109649,2111
601989,中国重工,铁路、船舶、航空航天和其它运输设备制造业,C37,2016-17,22/04/2016,-0.087943,12959,55879,,,,,914,235,302,377,1715082,1667
601989,中国重工,铁路、船舶、航空航天和其它运输设备制造业,C37,2016-18,29/04/2016,-0.020218,12592,53352,,,,,2270,854,317,1099,2193955,1175
601989,中国重工,铁路、船舶、航空航天和其它运输设备制造业,C37,2016-19,06/05/2016,-0.012698,11136,45998,,,,,1677,600,209,868,1087785,1282
601989,中国重工,铁路、船舶、航空航天和其它运输设备制造业,C37,2016-20,13/05/2016,-0.028939,12600,54695,,,,,1432,381,233,818,1202372,1449
601989,中国重工,铁路、船舶、航空航天和其它运输设备制造业,C37,2016-21,20/05/2016,-0.013245,12168,51411,,,,,1485,395,292,798,1802745,1390
601989,中国重工,铁路、船舶、航空航天和其它运输设备制造业,C37,2016-22,27/05/2016,-0.003356,12085,49409,,,,,1137,259,259,619,1635664,1411
601989,中国重工,铁路、船舶、航空航天和其它运输设备制造业,C37,2016-23,03/06/2016,0.038721,13120,56751,,,,,1349,285,237,827,3451176,2425
601989,中国重工,铁路、船舶、航空航天和其它运输设备制造业,C37,2016-27,01/07/2016,0.032415,16384,75274,,,,,1686,500,401,785,3141055,3366
601989,中国重工,铁路、船舶、航空航天和其它运输设备制造业,C37,2016-28,08/07/2016,0.084772,20377,92872,,,,,1387,475,264,648,1544009,2002
601989,中国重工,铁路、船舶、航空航天和其它运输设备制造业,C37,2016-29,15/07/2016,0.033285,20413,102104,,,,,1159,376,253,530,1296838,1782
601989,中国重工,铁路、船舶、航空航天和其它运输设备制造业,C37,2016-30,22/07/2016,-0.037815,14941,67067,,,,,771,240,203,328,962541,1151
601989,中国重工,铁路、船舶、航空航天和其它运输设备制造业,C37,2016-31,29/07/2016,-0.034934,13808,59030,,,,,639,206,176,257,748598,862
601989,中国重工,铁路、船舶、航空航天和其它运输设备制造业,C37,2016-32,05/08/2016,-0.019608,11866,47466,,,,,616,187,150,279,755644,619
601989,中国重工,铁路、船舶、航空航天和其它运输设备制造业,C37,2016-33,12/08/2016,0.026154,12801,51149,,,,,653,215,161,277,741153,714
601989,中国重工,铁路、船舶、航空航天和其它运输设备制造业,C37,2016-34,19/08/2016,0.031484,14011,59768,,,,,712,235,205,272,643433,842
601989,中国重工,铁路、船舶、航空航天和其它运输设备制造业,C37,2016-35,26/08/2016,-0.03343,11445,46175,,,,,432,108,119,205,380359,682
601989,中国重工,铁路、船舶、航空航天和其它运输设备制造业,C37,2016-36,02/09/2016,-0.016541,11207,44637,,,,,655,201,177,277,756290,845
601989,中国重工,铁路、船舶、航空航天和其它运输设备制造业,C37,2016-37,09/09/2016,0.010703,10355,41503,,,,,461,133,147,181,399068,709
601989,中国重工,铁路、船舶、航空航天和其它运输设备制造业,C37,2016-38,14/09/2016,-0.045386,,,,,,,,,,,,
601989,中国重工,铁路、船舶、航空航天和其它运输设备制造业,C37,2016-39,23/09/2016,-0.001585,8963,36217,,,,,632,244,202,186,424211,685
601989,中国重工,铁路、船舶、航空航天和其它运输设备制造业,C37,2016-40,30/09/2016,-0.015873,8376,33330,,,,,593,251,149,193,384676,377
601989,中国重工,铁路、船舶、航空航天和其它运输设备制造业,C37,2016-42,14/10/2016,0.082258,13043,57093,,,,,525,169,76,280,711030,1155
601989,中国重工,铁路、船舶、航空航天和其它运输设备制造业,C37,2016-43,21/10/2016,0.013413,12764,54527,,,,,540,183,115,242,596926,881
601989,中国重工,铁路、船舶、航空航天和其它运输设备制造业,C37,2016-44,28/10/2016,-0.023529,12846,52674,,,,,714,220,214,280,878817,1239
601989,中国重工,铁路、船舶、航空航天和其它运输设备制造业,C37,2016-45,04/11/2016,-0.021084,11205,45753,,,,,659,204,183,272,815181,1057
601989,中国重工,铁路、船舶、航空航天和其它运输设备制造业,C37,2016-46,11/11/2016,0.026154,10761,46589,,,,,708,243,186,279,711260,1193
601989,中国重工,铁路、船舶、航空航天和其它运输设备制造业,C37,2016-47,18/11/2016,0.026987,13407,57662,,,,,736,274,156,306,907461,1400
601989,中国重工,铁路、船舶、航空航天和其它运输设备制造业,C37,2016-48,25/11/2016,0.013139,14299,63047,,,,,920,280,236,404,939625,1037
601989,中国重工,铁路、船舶、航空航天和其它运输设备制造业,C37,2016-49,02/12/2016,0.072046,17667,88107,,,,,1639,560,381,698,1958765,2226
601989,中国重工,铁路、船舶、航空航天和其它运输设备制造业,C37,2016-50,09/12/2016,0.004032,17666,87700,,,,,2627,799,616,1212,2074343,3949
601989,中国重工,铁路、船舶、航空航天和其它运输设备制造业,C37,2016-51,16/12/2016,-0.042838,15406,74337,,,,,1883,538,469,876,1605777,3219
601989,中国重工,铁路、船舶、航空航天和其它运输设备制造业,C37,2016-52,23/12/2016,0.008392,13627,62541,,,,,1201,330,314,557,1031937,2292
601989,中国重工,铁路、船舶、航空航天和其它运输设备制造业,C37,2016-53,30/12/2016,-0.016644,12985,56302,,,,,964,287,243,434,928829,1528
601998,中信银行,货币金融服务,J66,2014-01,03/01/2014,-0.018088,1605,68972,,,,,57,21,14,22,85276,73
601998,中信银行,货币金融服务,J66,2014-02,10/01/2014,-0.023684,3464,162213,,,,,97,38,21,38,138743,149
601998,中信银行,货币金融服务,J66,2014-03,17/01/2014,-0.032345,3696,159925,13,107,12,277,136,44,39,53,185030,233
601998,中信银行,货币金融服务,J66,2014-04,24/01/2014,0.016713,3549,159375,,,,,57,25,10,22,129583,114
601998,中信银行,货币金融服务,J66,2014-05,30/01/2014,-0.010959,,,,,,,,,,,,
601998,中信银行,货币金融服务,J66,2014-06,07/02/2014,0.00831,1640,81117,,,,,30,9,6,15,39645,21
601998,中信银行,货币金融服务,J66,2014-07,14/02/2014,0.335165,10406,182822,,,,,994,416,167,411,1597907,2569
601998,中信银行,货币金融服务,J66,2014-08,21/02/2014,0.063786,11079,187559,39,48,15,262,614,261,110,243,821006,1027
601998,中信银行,货币金融服务,J66,2014-09,28/02/2014,0.019342,10136,184710,,,,,400,156,85,159,595586,1294
601998,中信银行,货币金融服务,J66,2014-10,07/03/2014,-0.072106,8945,177718,,,,,284,117,70,97,412200,538
601998,中信银行,货币金融服务,J66,2014-11,14/03/2014,0,12563,202735,5,81,4,102,1013,303,278,432,1709364,2355
601998,中信银行,货币金融服务,J66,2014-12,21/03/2014,-0.038855,12603,192408,,,,,576,182,139,255,910217,951
601998,中信银行,货币金融服务,J66,2014-13,28/03/2014,-0.021277,9857,182198,248,238,70,786,289,125,49,115,547867,880
601998,中信银行,货币金融服务,J66,2014-14,04/04/2014,-0.002174,7911,165906,29,16,4,76,124,49,31,44,217102,229
601998,中信银行,货币金融服务,J66,2014-15,11/04/2014,0.108932,7445,148732,,,,,120,64,21,35,280257,274
601998,中信银行,货币金融服务,J66,2014-16,18/04/2014,-0.058939,8914,149339,1,35,0,57,110,43,20,47,210893,189
601998,中信银行,货币金融服务,J66,2014-17,25/04/2014,0.029228,8213,173630,3,21,0,43,100,49,18,33,226554,152
601998,中信银行,货币金融服务,J66,2014-18,30/04/2014,-0.024341,,,,,,,,,,,,
601998,中信银行,货币金融服务,J66,2014-19,09/05/2014,-0.06237,7161,172979,,,,,96,34,27,35,185663,226
601998,中信银行,货币金融服务,J66,2014-20,16/05/2014,-0.044346,7463,164012,,,,,109,29,49,31,209338,239
601998,中信银行,货币金融服务,J66,2014-21,23/05/2014,-0.00464,7183,174899,3,35,2,59,103,25,31,47,211456,275
601998,中信银行,货币金融服务,J66,2014-22,30/05/2014,-0.016317,5617,157944,,,,,85,25,40,20,139911,166
601998,中信银行,货币金融服务,J66,2014-23,06/06/2014,0.016588,5241,124328,,,,,126,46,26,54,232590,274
601998,中信银行,货币金融服务,J66,2014-24,13/06/2014,0.02331,5510,152778,,,,,67,32,17,18,129012,140
601998,中信银行,货币金融服务,J66,2014-25,20/06/2014,-0.025057,5270,159997,,,,,58,24,17,17,114945,71
601998,中信银行,货币金融服务,J66,2014-26,27/06/2014,-0.004673,4522,155818,,,,,59,25,14,20,120435,101
601998,中信银行,货币金融服务,J66,2014-27,04/07/2014,0.011737,4777,150824,,,,,53,20,13,20,126486,71
601998,中信银行,货币金融服务,J66,2014-28,11/07/2014,-0.013921,4795,137783,,,,,69,39,9,21,171126,109
601998,中信银行,货币金融服务,J66,2014-29,18/07/2014,0.012235,5815,138993,,,,,62,29,12,21,185131,179
601998,中信银行,货币金融服务,J66,2014-30,25/07/2014,0.076543,6241,143677,,,,,65,31,9,25,139885,145
601998,中信银行,货币金融服务,J66,2014-31,01/08/2014,0.020642,8379,135949,,,,,134,53,31,50,317992,297
601998,中信银行,货币金融服务,J66,2014-32,08/08/2014,-0.006742,7290,135590,,,,,80,34,17,29,166737,176
601998,中信银行,货币金融服务,J66,2014-33,15/08/2014,0.004525,6434,136238,,,,,102,55,13,34,391925,312
601998,中信银行,货币金融服务,J66,2014-34,22/08/2014,-0.02027,5835,139502,,,,,106,40,21,45,177076,178
601998,中信银行,货币金融服务,J66,2014-35,29/08/2014,-0.016092,5475,144679,166,74,44,426,129,61,28,40,342987,283
601998,中信银行,货币金融服务,J66,2014-36,05/09/2014,0.03972,6557,148717,,,,,159,64,46,49,247536,245
601998,中信银行,货币金融服务,J66,2014-37,12/09/2014,-0.017978,5488,132578,,,,,145,60,33,52,208645,236
601998,中信银行,货币金融服务,J66,2014-38,19/09/2014,0.038902,7810,154402,,,,,404,141,98,165,1390628,676
601998,中信银行,货币金融服务,J66,2014-39,26/09/2014,-0.002203,7972,162061,,,,,258,111,64,83,576639,488
601998,中信银行,货币金融服务,J66,2014-40,30/09/2014,0.002208,,,,,,,,,,,,
601998,中信银行,货币金融服务,J66,2014-41,10/10/2014,0.011013,5070,140319,,,,,66,23,18,25,174843,140
601998,中信银行,货币金融服务,J66,2014-42,17/10/2014,0.013072,7890,178129,,,,,253,114,52,87,408682,385
601998,中信银行,货币金融服务,J66,2014-43,24/10/2014,-0.008602,7718,175294,,,,,291,117,80,94,390206,324
601998,中信银行,货币金融服务,J66,2014-44,31/10/2014,0.060738,8282,173178,99,154,50,601,316,121,70,125,933554,523
601998,中信银行,货币金融服务,J66,2014-45,07/11/2014,0.006135,7880,174095,3,20,0,42,189,79,46,64,529460,413
601998,中信银行,货币金融服务,J66,2014-46,14/11/2014,0.030488,8843,195359,,,,,199,72,29,98,571707,281
601998,中信银行,货币金融服务,J66,2014-47,21/11/2014,0.003945,7847,193618,,,,,204,59,50,95,566194,343
601998,中信银行,货币金融服务,J66,2014-48,28/11/2014,0.200393,10122,214525,,,,,395,140,80,175,717937,700
601998,中信银行,货币金融服务,J66,2014-49,05/12/2014,0.12766,16024,232414,4,24,0,48,370,126,80,164,664056,714
601998,中信银行,货币金融服务,J66,2014-50,12/12/2014,-0.089985,14513,228821,,,,,341,112,94,135,693937,721
601998,中信银行,货币金融服务,J66,2014-51,19/12/2014,0.129187,14675,224193,12,25,2,39,469,191,92,186,856179,717
601998,中信银行,货币金融服务,J66,2014-52,26/12/2014,0.035311,15381,240933,,,,,401,141,96,164,809211,562
601998,中信银行,货币金融服务,J66,2014-53,31/12/2014,0.110505,,,,,,,,,,,,
601998,中信银行,货币金融服务,J66,2015-02,09/01/2015,-0.066339,16709,260887,,,,,387,117,107,163,677162,693
601998,中信银行,货币金融服务,J66,2015-03,16/01/2015,0.036842,14290,226820,7,42,7,175,442,147,101,194,709540,690
601998,中信银行,货币金融服务,J66,2015-04,23/01/2015,-0.07868,13705,226551,,,,,475,129,124,222,703752,715
601998,中信银行,货币金融服务,J66,2015-05,30/01/2015,-0.0427,10757,209412,32,55,29,339,305,92,70,143,765859,804
601998,中信银行,货币金融服务,J66,2015-06,06/02/2015,-0.069065,9884,201670,,,,,385,65,102,218,461173,684
601998,中信银行,货币金融服务,J66,2015-07,13/02/2015,0.043277,8680,190509,,,,,177,49,41,87,273829,205
601998,中信银行,货币金融服务,J66,2015-08,17/02/2015,0,,,,,,,,,,,,
601998,中信银行,货币金融服务,J66,2015-09,27/02/2015,0.002963,5677,135791,,,,,131,31,38,62,222557,246
601998,中信银行,货币金融服务,J66,2015-10,06/03/2015,-0.029542,11161,252469,,,,,342,114,81,147,683341,671
601998,中信银行,货币金融服务,J66,2015-11,13/03/2015,0.09589,13496,211141,,,,,339,118,76,145,613253,715
601998,中信银行,货币金融服务,J66,2015-12,20/03/2015,0.041667,13843,216298,,,,,392,145,70,177,1025103,1183
601998,中信银行,货币金融服务,J66,2015-13,27/03/2015,-0.028,13891,213557,126,96,68,479,351,119,83,149,841777,1180
601998,中信银行,货币金融服务,J66,2015-14,03/04/2015,0.013717,13521,216892,,,,,316,95,87,134,648235,500
601998,中信银行,货币金融服务,J66,2015-15,10/04/2015,0.060893,13214,209572,,,,,307,121,57,129,740157,495
601998,中信银行,货币金融服务,J66,2015-16,17/04/2015,0.054847,16232,239335,,,,,461,160,94,207,1009216,831
601998,中信银行,货币金融服务,J66,2015-17,24/04/2015,-0.045949,15603,211983,,,,,670,213,149,308,1178203,1242
601998,中信银行,货币金融服务,J66,2015-18,30/04/2015,0.003802,,,,,,,,,,,,
601998,中信银行,货币金融服务,J66,2015-19,08/05/2015,-0.069444,13061,190751,9,7,4,20,638,186,188,264,847061,1487
601998,中信银行,货币金融服务,J66,2015-20,15/05/2015,-0.002714,13438,215981,,,,,757,226,196,335,1000497,1683
601998,中信银行,货币金融服务,J66,2015-21,22/05/2015,0.042177,12219,204645,,,,,736,205,216,315,750066,900
601998,中信银行,货币金融服务,J66,2015-22,29/05/2015,-0.035248,14077,213131,5,14,1,44,666,197,174,295,1021501,1506
601998,中信银行,货币金融服务,J66,2015-23,05/06/2015,0.082544,15781,216691,,,,,770,306,155,309,1020600,1541
601998,中信银行,货币金融服务,J66,2015-24,12/06/2015,0.0575,18147,233595,,,,,551,193,124,234,1034957,1408
601998,中信银行,货币金融服务,J66,2015-25,19/06/2015,-0.120567,17779,225853,,,,,923,264,253,406,1571741,2509
601998,中信银行,货币金融服务,J66,2015-26,26/06/2015,-0.03629,12426,188686,,,,,425,127,111,187,613215,1331
601998,中信银行,货币金融服务,J66,2015-27,03/07/2015,0.064156,19213,266830,,,,,672,219,112,341,891104,1459
601998,中信银行,货币金融服务,J66,2015-28,10/07/2015,0.281782,25824,331114,,,,,1103,352,234,517,1404642,2735
601998,中信银行,货币金融服务,J66,2015-29,17/07/2015,0.002045,23469,295914,,,,,1306,368,343,595,1977607,3127
601998,中信银行,货币金融服务,J66,2015-30,24/07/2015,-0.060204,15962,241635,,,,,946,226,287,433,1280578,2018
601998,中信银行,货币金融服务,J66,2015-31,31/07/2015,-0.17481,13725,221251,,,,,974,208,321,445,1206476,1643
601998,中信银行,货币金融服务,J66,2015-32,07/08/2015,0.005263,11598,237037,,,,,484,130,156,198,705227,573
601998,中信银行,货币金融服务,J66,2015-33,14/08/2015,-0.005236,9677,214615,,,,,398,96,124,178,605665,307
601998,中信银行,货币金融服务,J66,2015-34,21/08/2015,-0.106579,10480,215611,70,22,22,232,550,146,179,225,407039,1029
601998,中信银行,货币金融服务,J66,2015-35,28/08/2015,-0.061856,10586,225287,26,17,11,127,367,101,114,152,113955,1633
601998,中信银行,货币金融服务,J66,2015-36,02/09/2015,-0.021978,,,,,,,,,,,,
601998,中信银行,货币金融服务,J66,2015-37,11/09/2015,-0.009631,9144,199080,,,,,362,100,112,150,101132,555
601998,中信银行,货币金融服务,J66,2015-38,18/09/2015,-0.019449,7988,172476,,,,,325,88,87,150,134770,712
601998,中信银行,货币金融服务,J66,2015-39,25/09/2015,-0.006612,7618,171482,,,,,170,37,54,79,63635,275
601998,中信银行,货币金融服务,J66,2015-40,30/09/2015,-0.023295,,,,,,,,,,,,
601998,中信银行,货币金融服务,J66,2015-41,09/10/2015,0.02385,3290,118191,,,,,38,8,11,19,19751,64
601998,中信银行,货币金融服务,J66,2015-42,16/10/2015,0.053245,7144,172746,,,,,163,52,40,71,234880,199
601998,中信银行,货币金融服务,J66,2015-43,23/10/2015,0.025276,7640,171947,,,,,274,90,67,117,384137,306
601998,中信银行,货币金融服务,J66,2015-44,30/10/2015,-0.013867,6590,172116,66,49,14,277,221,75,50,96,424714,279
601998,中信银行,货币金融服务,J66,2015-45,06/11/2015,0.0875,6900,193372,4,7,3,45,216,77,35,104,333983,159
601998,中信银行,货币金融服务,J66,2015-46,13/11/2015,0.068966,9203,197506,,,,,399,150,55,194,872644,820
601998,中信银行,货币金融服务,J66,2015-47,20/11/2015,0.040323,10503,217005,10,106,4,278,606,196,137,273,1279957,1027
601998,中信银行,货币金融服务,J66,2015-48,27/11/2015,-0.089147,8704,174699,18,15,10,64,432,117,112,203,541186,744
601998,中信银行,货币金融服务,J66,2015-49,04/12/2015,0.092199,9244,182605,,,,,415,120,87,208,508225,433
601998,中信银行,货币金融服务,J66,2015-50,11/12/2015,-0.055844,7657,177628,,,,,246,71,56,119,647877,289
601998,中信银行,货币金融服务,J66,2015-51,18/12/2015,0.024759,7117,170142,,,,,337,101,86,150,999456,381
601998,中信银行,货币金融服务,J66,2015-52,25/12/2015,0.025503,8147,170538,,,,,285,90,67,128,622053,306
601998,中信银行,货币金融服务,J66,2015-53,31/12/2015,-0.054974,,,,,,,,,,,,
601998,中信银行,货币金融服务,J66,2016-02,08/01/2016,-0.095568,7214,171212,,,,,213,52,60,101,760204,330
601998,中信银行,货币金融服务,J66,2016-03,15/01/2016,-0.07657,7028,164369,,,,,366,104,111,151,903562,451
601998,中信银行,货币金融服务,J66,2016-04,22/01/2016,0.014925,6649,163908,,,,,330,102,80,148,1276955,814
601998,中信银行,货币金融服务,J66,2016-05,29/01/2016,-0.093137,5488,159251,,,,,217,61,59,97,1465489,1317
601998,中信银行,货币金融服务,J66,2016-06,05/02/2016,-0.005405,4437,155885,,,,,120,37,27,56,995609,518
601998,中信银行,货币金融服务,J66,2016-08,19/02/2016,0.016304,4874,146468,,,,,88,30,20,38,329561,121
601998,中信银行,货币金融服务,J66,2016-09,26/02/2016,-0.005348,4815,150453,,,,,124,40,26,58,395869,177
601998,中信银行,货币金融服务,J66,2016-10,04/03/2016,0.066308,5388,158359,,,,,211,70,48,93,701318,386
601998,中信银行,货币金融服务,J66,2016-11,11/03/2016,-0.026891,4421,149780,,,,,132,42,26,64,405564,121
601998,中信银行,货币金融服务,J66,2016-12,18/03/2016,0.036269,4510,156237,,,,,169,52,54,63,622881,225
601998,中信银行,货币金融服务,J66,2016-13,25/03/2016,-0.003333,5279,158494,,,,,270,86,58,126,1298774,292
601998,中信银行,货币金融服务,J66,2016-14,01/04/2016,0.018395,4016,149834,,,,,112,44,18,50,663681,412
601998,中信银行,货币金融服务,J66,2016-15,08/04/2016,-0.019704,3127,129889,,,,,85,36,9,40,418664,181
601998,中信银行,货币金融服务,J66,2016-16,15/04/2016,0.028476,3723,139244,,,,,117,42,12,63,534922,138
601998,中信银行,货币金融服务,J66,2016-17,22/04/2016,-0.037459,3259,131147,,,,,112,38,26,48,393854,118
601998,中信银行,货币金融服务,J66,2016-18,29/04/2016,-0.006768,3184,143642,,,,,1508,755,25,728,609431,222
601998,中信银行,货币金融服务,J66,2016-19,06/05/2016,-0.008518,2566,133741,,,,,1108,456,13,639,234423,57
601998,中信银行,货币金融服务,J66,2016-20,13/05/2016,-0.053265,3256,133789,,,,,707,160,28,519,346950,223
601998,中信银行,货币金融服务,J66,2016-21,20/05/2016,0.00363,2792,144589,,,,,682,100,63,519,349022,129
601998,中信银行,货币金融服务,J66,2016-22,27/05/2016,0.001808,2625,149384,,,,,523,77,106,340,328218,138
601998,中信银行,货币金融服务,J66,2016-23,03/06/2016,0.032491,3792,153047,,,,,558,45,29,484,341453,98
601998,中信银行,货币金融服务,J66,2016-24,08/06/2016,-0.005245,,,,,,,,,,,,
601998,中信银行,货币金融服务,J66,2016-25,17/06/2016,-0.022847,2952,146089,,,,,98,33,20,45,304907,152
601998,中信银行,货币金融服务,J66,2016-26,24/06/2016,0.005396,2988,132859,,,,,157,51,23,83,358404,142
601998,中信银行,货币金融服务,J66,2016-27,01/07/2016,0.014311,3056,141017,,,,,136,44,36,56,182363,149
601998,中信银行,货币金融服务,J66,2016-28,08/07/2016,0.008818,3550,138136,,,,,108,38,21,49,67160,64
601998,中信银行,货币金融服务,J66,2016-29,15/07/2016,0.059441,4319,128712,,,,,168,63,34,71,163236,191
601998,中信银行,货币金融服务,J66,2016-30,22/07/2016,0.011551,4522,131411,,,,,182,65,32,85,172428,193
601998,中信银行,货币金融服务,J66,2016-31,29/07/2016,0.011746,4168,132028,,,,,108,42,19,47,141946,122
601998,中信银行,货币金融服务,J66,2016-32,05/08/2016,-0.005008,3489,133981,,,,,95,32,21,42,107508,55
601998,中信银行,货币金融服务,J66,2016-33,12/08/2016,0.078859,3847,134439,,,,,122,50,13,59,88448,138
601998,中信银行,货币金融服务,J66,2016-34,19/08/2016,0,4625,138953,,,,,91,27,20,44,61399,78
601998,中信银行,货币金融服务,J66,2016-35,26/08/2016,-0.009331,3363,136857,,,,,122,32,33,57,110255,118
601998,中信银行,货币金融服务,J66,2016-36,02/09/2016,-0.012559,2835,137147,,,,,65,27,11,27,52185,40
601998,中信银行,货币金融服务,J66,2016-37,09/09/2016,-0.025437,2833,131407,,,,,97,21,20,56,63139,59
601998,中信银行,货币金融服务,J66,2016-38,14/09/2016,-0.042414,,,,,,,,,,,,
601998,中信银行,货币金融服务,J66,2016-39,23/09/2016,0.015332,2683,149197,,,,,66,27,10,29,67398,57
601998,中信银行,货币金融服务,J66,2016-40,30/09/2016,0.003356,2543,140324,,,,,50,17,12,21,43375,25
601998,中信银行,货币金融服务,J66,2016-42,14/10/2016,-0.003344,2533,155364,,,,,43,16,4,23,38780,18
601998,中信银行,货币金融服务,J66,2016-43,21/10/2016,0.02349,2568,143198,,,,,43,21,7,15,40473,99
601998,中信银行,货币金融服务,J66,2016-44,28/10/2016,0.003279,2809,155729,,,,,54,25,7,22,49004,15
601998,中信银行,货币金融服务,J66,2016-45,04/11/2016,-0.009804,2596,148936,,,,,49,18,11,20,44508,27
601998,中信银行,货币金融服务,J66,2016-46,11/11/2016,0.044554,3000,149282,,,,,49,19,7,23,56278,30
601998,中信银行,货币金融服务,J66,2016-47,18/11/2016,-0.00158,2687,148528,,,,,41,12,11,18,44224,66
601998,中信银行,货币金融服务,J66,2016-48,25/11/2016,0.096519,4197,145638,,,,,72,16,17,39,72439,112
601998,中信银行,货币金融服务,J66,2016-49,02/12/2016,-0.030303,4082,147160,,,,,85,21,27,37,83378,66
601998,中信银行,货币金融服务,J66,2016-50,09/12/2016,0.06994,3695,150411,,,,,106,37,17,52,95302,103
601998,中信银行,货币金融服务,J66,2016-51,16/12/2016,-0.065369,4138,144818,,,,,93,28,26,39,56384,103
601998,中信银行,货币金融服务,J66,2016-52,23/12/2016,-0.032738,3305,142329,,,,,68,18,14,36,45972,55
601998,中信银行,货币金融服务,J66,2016-53,30/12/2016,-0.013846,2892,140782,,,,,64,21,16,27,34397,68